snp,gene,chr,pos,class_mtag,DSI_mtag,DSI_raw,locus_k,trait,z_mtag,z_raw,borrowed_fraction,mtag_significant,own_gwas_significant
rs17384696,FAF1,1,51241057,aligned,1.0,1.0,2,LUAD,3.142,1.383,0.5599,False,False
rs17384696,FAF1,1,51241057,aligned,1.0,1.0,2,LUSC,3.095,1.544,0.5011,False,False
rs17384696,FAF1,1,51241057,aligned,1.0,1.0,2,SCLC,1.844,0.593,0.6785,False,False
rs17384696,FAF1,1,51241057,aligned,1.0,1.0,2,EC,4.071,-0.184,0.9548,False,False
rs17384696,FAF1,1,51241057,aligned,1.0,1.0,2,EAC,0.179,-0.685,-2.825,False,False
rs17384696,FAF1,1,51241057,aligned,1.0,1.0,2,THCA,5.782,3.665,0.366,True,False
rs17384696,FAF1,1,51241057,aligned,1.0,1.0,2,RCC,6.362,5.59,0.1212,True,True
rs17384696,FAF1,1,51241057,aligned,1.0,1.0,2,PC,2.359,0.311,0.8683,False,False
rs17384696,FAF1,1,51241057,aligned,1.0,1.0,2,GC,0.57,1.573,-1.7575,False,False
rs17384696,FAF1,1,51241057,aligned,1.0,1.0,2,PRAD,3.503,3.561,-0.0164,False,False
rs78738909,FAF1,1,51317374,aligned,1.0,1.0,2,LUAD,3.067,1.354,0.5585,False,False
rs78738909,FAF1,1,51317374,aligned,1.0,1.0,2,LUSC,2.951,1.421,0.5186,False,False
rs78738909,FAF1,1,51317374,aligned,1.0,1.0,2,SCLC,1.788,0.525,0.7062,False,False
rs78738909,FAF1,1,51317374,aligned,1.0,1.0,2,EC,4.013,-0.237,0.941,False,False
rs78738909,FAF1,1,51317374,aligned,1.0,1.0,2,EAC,0.122,-0.733,-4.9975,False,False
rs78738909,FAF1,1,51317374,aligned,1.0,1.0,2,THCA,5.851,3.798,0.3509,True,False
rs78738909,FAF1,1,51317374,aligned,1.0,1.0,2,RCC,6.295,5.498,0.1265,True,True
rs78738909,FAF1,1,51317374,aligned,1.0,1.0,2,PC,2.412,0.296,0.8771,False,False
rs78738909,FAF1,1,51317374,aligned,1.0,1.0,2,GC,0.559,1.556,-1.7858,False,False
rs78738909,FAF1,1,51317374,aligned,1.0,1.0,2,PRAD,3.572,3.63,-0.0162,False,False
rs2842865,SLC25A44,1,156159532,aligned,1.0,1.0,2,LUAD,1.577,-1.182,0.2505,False,False
rs2842865,SLC25A44,1,156159532,aligned,1.0,1.0,2,LUSC,2.365,0.91,0.6155,False,False
rs2842865,SLC25A44,1,156159532,aligned,1.0,1.0,2,SCLC,-0.066,-0.621,-8.3859,False,False
rs2842865,SLC25A44,1,156159532,aligned,1.0,1.0,2,EC,5.463,3.458,0.367,True,False
rs2842865,SLC25A44,1,156159532,aligned,1.0,1.0,2,EAC,0.574,-0.801,-0.3958,False,False
rs2842865,SLC25A44,1,156159532,aligned,1.0,1.0,2,THCA,4.576,1.979,0.5675,False,False
rs2842865,SLC25A44,1,156159532,aligned,1.0,1.0,2,RCC,6.269,5.766,0.0802,True,True
rs2842865,SLC25A44,1,156159532,aligned,1.0,1.0,2,PC,1.363,0.54,0.6043,False,False
rs2842865,SLC25A44,1,156159532,aligned,1.0,1.0,2,GC,-0.957,-1.235,-0.2909,False,False
rs2842865,SLC25A44,1,156159532,aligned,1.0,1.0,2,PRAD,1.972,1.625,0.1759,False,False
rs2540175,PMF1-BGLAP,1,156184747,aligned,1.0,1.0,2,LUAD,1.775,-1.02,0.4254,False,False
rs2540175,PMF1-BGLAP,1,156184747,aligned,1.0,1.0,2,LUSC,2.443,0.868,0.6446,False,False
rs2540175,PMF1-BGLAP,1,156184747,aligned,1.0,1.0,2,SCLC,-0.028,-0.578,-19.6069,False,False
rs2540175,PMF1-BGLAP,1,156184747,aligned,1.0,1.0,2,EC,5.65,3.482,0.3837,True,False
rs2540175,PMF1-BGLAP,1,156184747,aligned,1.0,1.0,2,EAC,0.665,-0.83,-0.2469,False,False
rs2540175,PMF1-BGLAP,1,156184747,aligned,1.0,1.0,2,THCA,4.724,2.117,0.5519,False,False
rs2540175,PMF1-BGLAP,1,156184747,aligned,1.0,1.0,2,RCC,6.529,5.977,0.0844,True,True
rs2540175,PMF1-BGLAP,1,156184747,aligned,1.0,1.0,2,PC,1.926,1.131,0.4128,False,False
rs2540175,PMF1-BGLAP,1,156184747,aligned,1.0,1.0,2,GC,-1.063,-1.236,-0.1623,False,False
rs2540175,PMF1-BGLAP,1,156184747,aligned,1.0,1.0,2,PRAD,2.292,1.923,0.1609,False,False
rs2758598,PMF1-BGLAP,1,156194339,aligned,1.0,1.0,3,LUAD,2.204,-0.693,0.6857,False,False
rs2758598,PMF1-BGLAP,1,156194339,aligned,1.0,1.0,3,LUSC,2.926,1.034,0.6466,False,False
rs2758598,PMF1-BGLAP,1,156194339,aligned,1.0,1.0,3,SCLC,0.641,-0.202,0.6854,False,False
rs2758598,PMF1-BGLAP,1,156194339,aligned,1.0,1.0,3,EC,5.967,3.348,0.439,True,False
rs2758598,PMF1-BGLAP,1,156194339,aligned,1.0,1.0,3,EAC,0.683,-0.86,-0.2588,False,False
rs2758598,PMF1-BGLAP,1,156194339,aligned,1.0,1.0,3,THCA,5.578,2.787,0.5003,True,False
rs2758598,PMF1-BGLAP,1,156194339,aligned,1.0,1.0,3,RCC,7.173,6.515,0.0917,True,True
rs2758598,PMF1-BGLAP,1,156194339,aligned,1.0,1.0,3,PC,2.502,1.598,0.3614,False,False
rs2758598,PMF1-BGLAP,1,156194339,aligned,1.0,1.0,3,GC,-0.872,-1.138,-0.3058,False,False
rs2758598,PMF1-BGLAP,1,156194339,aligned,1.0,1.0,3,PRAD,2.257,1.833,0.188,False,False
rs2984613,PMF1,1,156197380,aligned,1.0,1.0,3,LUAD,2.763,-0.274,0.9009,False,False
rs2984613,PMF1,1,156197380,aligned,1.0,1.0,3,LUSC,3.671,1.261,0.6566,False,False
rs2984613,PMF1,1,156197380,aligned,1.0,1.0,3,SCLC,0.766,0.181,0.7643,False,False
rs2984613,PMF1,1,156197380,aligned,1.0,1.0,3,EC,6.495,3.443,0.4699,True,False
rs2984613,PMF1,1,156197380,aligned,1.0,1.0,3,EAC,0.471,-0.95,-1.0168,False,False
rs2984613,PMF1,1,156197380,aligned,1.0,1.0,3,THCA,6.491,3.102,0.5221,True,False
rs2984613,PMF1,1,156197380,aligned,1.0,1.0,3,RCC,7.775,7.051,0.0931,True,True
rs2984613,PMF1,1,156197380,aligned,1.0,1.0,3,PC,2.821,2.143,0.2401,False,False
rs2984613,PMF1,1,156197380,aligned,1.0,1.0,3,GC,1.488,1.687,-0.1334,False,False
rs2984613,PMF1,1,156197380,aligned,1.0,1.0,3,PRAD,2.38,2.211,0.071,False,False
rs2736611,PMF1,1,156205383,aligned,1.0,1.0,3,LUAD,2.524,-0.687,0.7279,False,False
rs2736611,PMF1,1,156205383,aligned,1.0,1.0,3,LUSC,3.611,1.228,0.66,False,False
rs2736611,PMF1,1,156205383,aligned,1.0,1.0,3,SCLC,0.622,0.234,0.624,False,False
rs2736611,PMF1,1,156205383,aligned,1.0,1.0,3,EC,6.674,3.653,0.4526,True,False
rs2736611,PMF1,1,156205383,aligned,1.0,1.0,3,EAC,0.918,-0.637,0.3058,False,False
rs2736611,PMF1,1,156205383,aligned,1.0,1.0,3,THCA,6.916,3.135,0.5467,True,False
rs2736611,PMF1,1,156205383,aligned,1.0,1.0,3,RCC,7.83,7.134,0.0889,True,True
rs2736611,PMF1,1,156205383,aligned,1.0,1.0,3,PC,2.873,2.089,0.273,False,False
rs2736611,PMF1,1,156205383,aligned,1.0,1.0,3,GC,1.245,1.562,-0.2551,False,False
rs2736611,PMF1,1,156205383,aligned,1.0,1.0,3,PRAD,2.582,2.413,0.0653,False,False
rs3072,GDF7,2,20878406,aligned,1.0,1.0,2,LUAD,1.048,1.197,-0.1421,False,False
rs3072,GDF7,2,20878406,aligned,1.0,1.0,2,LUSC,-0.367,0.572,-0.5585,False,False
rs3072,GDF7,2,20878406,aligned,1.0,1.0,2,SCLC,-1.779,-0.95,0.4661,False,False
rs3072,GDF7,2,20878406,aligned,1.0,1.0,2,EC,1.766,-0.992,0.4381,False,False
rs3072,GDF7,2,20878406,aligned,1.0,1.0,2,EAC,5.88,4.732,0.1953,True,False
rs3072,GDF7,2,20878406,aligned,1.0,1.0,2,THCA,0.607,0.312,0.4863,False,False
rs3072,GDF7,2,20878406,aligned,1.0,1.0,2,RCC,0.134,-0.69,-4.1585,False,False
rs3072,GDF7,2,20878406,aligned,1.0,1.0,2,PC,4.569,0.605,0.8675,False,False
rs3072,GDF7,2,20878406,aligned,1.0,1.0,2,GC,-3.369,-0.039,0.9884,False,False
rs3072,GDF7,2,20878406,aligned,1.0,1.0,2,PRAD,8.619,9.086,-0.0541,True,True
rs17027650,WDPCP,2,63389998,reversed (MTAG-inferred),-1.0,-1.0,2,LUAD,0.215,-0.256,-0.1897,False,False
rs17027650,WDPCP,2,63389998,reversed (MTAG-inferred),-1.0,-1.0,2,LUSC,-1.796,-0.842,0.5313,False,False
rs17027650,WDPCP,2,63389998,reversed (MTAG-inferred),-1.0,-1.0,2,SCLC,-3.149,-0.322,0.8978,False,False
rs17027650,WDPCP,2,63389998,reversed (MTAG-inferred),-1.0,-1.0,2,EC,-0.534,-1.831,-2.427,False,False
rs17027650,WDPCP,2,63389998,reversed (MTAG-inferred),-1.0,-1.0,2,EAC,0.098,-1.408,-13.3941,False,False
rs17027650,WDPCP,2,63389998,reversed (MTAG-inferred),-1.0,-1.0,2,THCA,-0.21,-1.291,-5.1576,False,False
rs17027650,WDPCP,2,63389998,reversed (MTAG-inferred),-1.0,-1.0,2,RCC,0.525,0.722,-0.3769,False,False
rs17027650,WDPCP,2,63389998,reversed (MTAG-inferred),-1.0,-1.0,2,PC,2.135,1.123,0.4739,False,False
rs17027650,WDPCP,2,63389998,reversed (MTAG-inferred),-1.0,-1.0,2,GC,-5.598,-1.709,0.6947,True,False
rs17027650,WDPCP,2,63389998,reversed (MTAG-inferred),-1.0,-1.0,2,PRAD,6.642,7.352,-0.1069,True,True
rs79357683,WDPCP,2,63472102,reversed (MTAG-inferred),-1.0,-1.0,2,LUAD,0.595,-0.05,0.9168,False,False
rs79357683,WDPCP,2,63472102,reversed (MTAG-inferred),-1.0,-1.0,2,LUSC,-1.509,-0.75,0.5031,False,False
rs79357683,WDPCP,2,63472102,reversed (MTAG-inferred),-1.0,-1.0,2,SCLC,-3.473,-0.079,0.9773,False,False
rs79357683,WDPCP,2,63472102,reversed (MTAG-inferred),-1.0,-1.0,2,EC,0.484,-0.014,0.9706,False,False
rs79357683,WDPCP,2,63472102,reversed (MTAG-inferred),-1.0,-1.0,2,EAC,0.53,-1.416,-1.6715,False,False
rs79357683,WDPCP,2,63472102,reversed (MTAG-inferred),-1.0,-1.0,2,THCA,-0.321,-1.553,-3.843,False,False
rs79357683,WDPCP,2,63472102,reversed (MTAG-inferred),-1.0,-1.0,2,RCC,0.446,0.376,0.1565,False,False
rs79357683,WDPCP,2,63472102,reversed (MTAG-inferred),-1.0,-1.0,2,PC,2.097,1.02,0.5135,False,False
rs79357683,WDPCP,2,63472102,reversed (MTAG-inferred),-1.0,-1.0,2,GC,-5.893,-1.759,0.7015,True,False
rs79357683,WDPCP,2,63472102,reversed (MTAG-inferred),-1.0,-1.0,2,PRAD,7.13,7.863,-0.1028,True,True
rs75321049,WDPCP,2,63476126,reversed (MTAG-inferred),-1.0,-1.0,2,LUAD,0.385,-0.236,0.3861,False,False
rs75321049,WDPCP,2,63476126,reversed (MTAG-inferred),-1.0,-1.0,2,LUSC,-1.628,-0.969,0.4047,False,False
rs75321049,WDPCP,2,63476126,reversed (MTAG-inferred),-1.0,-1.0,2,SCLC,-3.411,-0.218,0.9362,False,False
rs75321049,WDPCP,2,63476126,reversed (MTAG-inferred),-1.0,-1.0,2,EC,0.469,0.024,0.9485,False,False
rs75321049,WDPCP,2,63476126,reversed (MTAG-inferred),-1.0,-1.0,2,EAC,0.485,-1.336,-1.7535,False,False
rs75321049,WDPCP,2,63476126,reversed (MTAG-inferred),-1.0,-1.0,2,THCA,-0.206,-1.39,-5.7364,False,False
rs75321049,WDPCP,2,63476126,reversed (MTAG-inferred),-1.0,-1.0,2,RCC,0.481,0.44,0.086,False,False
rs75321049,WDPCP,2,63476126,reversed (MTAG-inferred),-1.0,-1.0,2,PC,2.069,1.107,0.4652,False,False
rs75321049,WDPCP,2,63476126,reversed (MTAG-inferred),-1.0,-1.0,2,GC,-5.519,-1.705,0.691,True,False
rs75321049,WDPCP,2,63476126,reversed (MTAG-inferred),-1.0,-1.0,2,PRAD,6.611,7.263,-0.0986,True,True
rs6706673,DIRC3-AS1,2,218251702,aligned,1.0,1.0,2,LUAD,-0.17,0.678,-2.9831,False,False
rs6706673,DIRC3-AS1,2,218251702,aligned,1.0,1.0,2,LUSC,0.842,0.507,0.3985,False,False
rs6706673,DIRC3-AS1,2,218251702,aligned,1.0,1.0,2,SCLC,5.37,-0.643,0.8803,False,False
rs6706673,DIRC3-AS1,2,218251702,aligned,1.0,1.0,2,EC,2.559,-0.595,0.7674,False,False
rs6706673,DIRC3-AS1,2,218251702,aligned,1.0,1.0,2,EAC,0.477,0.611,-0.2807,False,False
rs6706673,DIRC3-AS1,2,218251702,aligned,1.0,1.0,2,THCA,10.828,13.442,-0.2414,True,True
rs6706673,DIRC3-AS1,2,218251702,aligned,1.0,1.0,2,RCC,2.541,-0.412,0.8378,False,False
rs6706673,DIRC3-AS1,2,218251702,aligned,1.0,1.0,2,PC,6.649,1.165,0.8248,True,False
rs6706673,DIRC3-AS1,2,218251702,aligned,1.0,1.0,2,GC,1.81,-0.593,0.6724,False,False
rs6706673,DIRC3-AS1,2,218251702,aligned,1.0,1.0,2,PRAD,0.82,-0.007,0.9914,False,False
rs4674161,DIRC3-AS1,2,218256009,aligned,1.0,1.0,2,LUAD,0.604,-0.318,0.4745,False,False
rs4674161,DIRC3-AS1,2,218256009,aligned,1.0,1.0,2,LUSC,-0.807,-0.619,0.2334,False,False
rs4674161,DIRC3-AS1,2,218256009,aligned,1.0,1.0,2,SCLC,-5.288,-0.514,0.9028,False,False
rs4674161,DIRC3-AS1,2,218256009,aligned,1.0,1.0,2,EC,-1.445,1.905,-0.3181,False,False
rs4674161,DIRC3-AS1,2,218256009,aligned,1.0,1.0,2,EAC,-1.23,-1.554,-0.264,False,False
rs4674161,DIRC3-AS1,2,218256009,aligned,1.0,1.0,2,THCA,-9.511,-11.288,-0.1869,True,True
rs4674161,DIRC3-AS1,2,218256009,aligned,1.0,1.0,2,RCC,-1.913,0.478,0.7504,False,False
rs4674161,DIRC3-AS1,2,218256009,aligned,1.0,1.0,2,PC,-5.817,-0.734,0.8739,True,False
rs4674161,DIRC3-AS1,2,218256009,aligned,1.0,1.0,2,GC,-2.923,-1.397,0.5221,False,False
rs4674161,DIRC3-AS1,2,218256009,aligned,1.0,1.0,2,PRAD,-1.171,-0.763,0.3486,False,False
rs57004880,DIRC3-AS1,2,218272581,aligned,1.0,1.0,2,LUAD,0.487,1.039,-1.132,False,False
rs57004880,DIRC3-AS1,2,218272581,aligned,1.0,1.0,2,LUSC,0.708,0.161,0.7729,False,False
rs57004880,DIRC3-AS1,2,218272581,aligned,1.0,1.0,2,SCLC,3.283,-1.1,0.6651,False,False
rs57004880,DIRC3-AS1,2,218272581,aligned,1.0,1.0,2,EC,2.856,0.345,0.8792,False,False
rs57004880,DIRC3-AS1,2,218272581,aligned,1.0,1.0,2,EAC,2.15,2.03,0.0559,False,False
rs57004880,DIRC3-AS1,2,218272581,aligned,1.0,1.0,2,THCA,6.956,8.439,-0.2131,True,True
rs57004880,DIRC3-AS1,2,218272581,aligned,1.0,1.0,2,RCC,2.119,-0.071,0.9667,False,False
rs57004880,DIRC3-AS1,2,218272581,aligned,1.0,1.0,2,PC,5.863,1.639,0.7204,True,False
rs57004880,DIRC3-AS1,2,218272581,aligned,1.0,1.0,2,GC,-0.121,-1.321,-9.8958,False,False
rs57004880,DIRC3-AS1,2,218272581,aligned,1.0,1.0,2,PRAD,1.529,0.709,0.5364,False,False
rs74723351,DIRC3-AS1,2,218288217,aligned,1.0,1.0,2,LUAD,0.109,0.722,-5.6025,False,False
rs74723351,DIRC3-AS1,2,218288217,aligned,1.0,1.0,2,LUSC,0.54,0.268,0.5036,False,False
rs74723351,DIRC3-AS1,2,218288217,aligned,1.0,1.0,2,SCLC,3.528,-1.142,0.6764,False,False
rs74723351,DIRC3-AS1,2,218288217,aligned,1.0,1.0,2,EC,3.023,0.454,0.8498,False,False
rs74723351,DIRC3-AS1,2,218288217,aligned,1.0,1.0,2,EAC,2.183,1.966,0.0992,False,False
rs74723351,DIRC3-AS1,2,218288217,aligned,1.0,1.0,2,THCA,7.926,9.683,-0.2218,True,True
rs74723351,DIRC3-AS1,2,218288217,aligned,1.0,1.0,2,RCC,2.038,-0.514,0.748,False,False
rs74723351,DIRC3-AS1,2,218288217,aligned,1.0,1.0,2,PC,6.38,1.374,0.7847,True,False
rs74723351,DIRC3-AS1,2,218288217,aligned,1.0,1.0,2,GC,0.045,-1.251,-26.6708,False,False
rs74723351,DIRC3-AS1,2,218288217,aligned,1.0,1.0,2,PRAD,2.058,1.267,0.3845,False,False
rs6745321,DIRC3-AS1,2,218293234,aligned,1.0,1.0,3,LUAD,0.517,-0.184,0.6444,False,False
rs6745321,DIRC3-AS1,2,218293234,aligned,1.0,1.0,3,LUSC,-1.11,-0.72,0.3519,False,False
rs6745321,DIRC3-AS1,2,218293234,aligned,1.0,1.0,3,SCLC,-5.503,-0.913,0.834,True,False
rs6745321,DIRC3-AS1,2,218293234,aligned,1.0,1.0,3,EC,-1.445,1.994,-0.3804,False,False
rs6745321,DIRC3-AS1,2,218293234,aligned,1.0,1.0,3,EAC,-1.551,-1.815,-0.1707,False,False
rs6745321,DIRC3-AS1,2,218293234,aligned,1.0,1.0,3,THCA,-9.308,-10.703,-0.1498,True,True
rs6745321,DIRC3-AS1,2,218293234,aligned,1.0,1.0,3,RCC,-2.275,-0.157,0.9311,False,False
rs6745321,DIRC3-AS1,2,218293234,aligned,1.0,1.0,3,PC,-5.96,-1.373,0.7696,True,False
rs6745321,DIRC3-AS1,2,218293234,aligned,1.0,1.0,3,GC,-2.67,-1.188,0.5551,False,False
rs6745321,DIRC3-AS1,2,218293234,aligned,1.0,1.0,3,PRAD,-0.773,-0.302,0.6099,False,False
rs10181989,DIRC3-AS1,2,218294915,aligned,1.0,1.0,2,LUAD,0.63,1.222,-0.9383,False,False
rs10181989,DIRC3-AS1,2,218294915,aligned,1.0,1.0,2,LUSC,0.63,-0.01,0.9838,False,False
rs10181989,DIRC3-AS1,2,218294915,aligned,1.0,1.0,2,SCLC,3.185,-1.078,0.6614,False,False
rs10181989,DIRC3-AS1,2,218294915,aligned,1.0,1.0,2,EC,2.757,0.276,0.8998,False,False
rs10181989,DIRC3-AS1,2,218294915,aligned,1.0,1.0,2,EAC,1.699,1.597,0.0596,False,False
rs10181989,DIRC3-AS1,2,218294915,aligned,1.0,1.0,2,THCA,7.006,8.474,-0.2096,True,True
rs10181989,DIRC3-AS1,2,218294915,aligned,1.0,1.0,2,RCC,2.136,-0.051,0.976,False,False
rs10181989,DIRC3-AS1,2,218294915,aligned,1.0,1.0,2,PC,5.773,1.662,0.7121,True,False
rs10181989,DIRC3-AS1,2,218294915,aligned,1.0,1.0,2,GC,0.062,-1.14,-17.476,False,False
rs10181989,DIRC3-AS1,2,218294915,aligned,1.0,1.0,2,PRAD,1.535,0.753,0.5096,False,False
rs16857609,DIRC3-AS1,2,218296508,aligned,1.0,-0.3333,3,LUAD,-0.369,0.405,-0.0986,False,False
rs16857609,DIRC3-AS1,2,218296508,aligned,1.0,-0.3333,3,LUSC,0.893,0.784,0.1216,False,False
rs16857609,DIRC3-AS1,2,218296508,aligned,1.0,-0.3333,3,SCLC,6.027,-0.926,0.8464,True,False
rs16857609,DIRC3-AS1,2,218296508,aligned,1.0,-0.3333,3,EC,3.485,-0.403,0.8845,False,False
rs16857609,DIRC3-AS1,2,218296508,aligned,1.0,-0.3333,3,EAC,0.938,0.76,0.19,False,False
rs16857609,DIRC3-AS1,2,218296508,aligned,1.0,-0.3333,3,THCA,12.951,15.583,-0.2032,True,True
rs16857609,DIRC3-AS1,2,218296508,aligned,1.0,-0.3333,3,RCC,3.266,-0.421,0.8712,False,False
rs16857609,DIRC3-AS1,2,218296508,aligned,1.0,-0.3333,3,PC,8.431,1.447,0.8283,True,False
rs16857609,DIRC3-AS1,2,218296508,aligned,1.0,-0.3333,3,GC,1.558,-1.024,0.3426,False,False
rs16857609,DIRC3-AS1,2,218296508,aligned,1.0,-0.3333,3,PRAD,2.114,1.173,0.4451,False,False
rs12617808,DIRC3-AS1,2,218302217,aligned,1.0,1.0,3,LUAD,0.192,-0.474,-1.4693,False,False
rs12617808,DIRC3-AS1,2,218302217,aligned,1.0,1.0,3,LUSC,-1.44,-1.029,0.2856,False,False
rs12617808,DIRC3-AS1,2,218302217,aligned,1.0,1.0,3,SCLC,-5.614,-0.823,0.8534,True,False
rs12617808,DIRC3-AS1,2,218302217,aligned,1.0,1.0,3,EC,-1.679,1.812,-0.0791,False,False
rs12617808,DIRC3-AS1,2,218302217,aligned,1.0,1.0,3,EAC,-1.391,-1.666,-0.1975,False,False
rs12617808,DIRC3-AS1,2,218302217,aligned,1.0,1.0,3,THCA,-9.352,-10.78,-0.1527,True,True
rs12617808,DIRC3-AS1,2,218302217,aligned,1.0,1.0,3,RCC,-2.398,-0.191,0.9202,False,False
rs12617808,DIRC3-AS1,2,218302217,aligned,1.0,1.0,3,PC,-5.842,-1.227,0.79,True,False
rs12617808,DIRC3-AS1,2,218302217,aligned,1.0,1.0,3,GC,-2.847,-1.255,0.559,False,False
rs12617808,DIRC3-AS1,2,218302217,aligned,1.0,1.0,3,PRAD,-0.696,-0.219,0.6845,False,False
rs2045932,DIRC3-AS1,2,218307223,aligned,1.0,-0.3333,3,LUAD,-0.388,0.37,0.0474,False,False
rs2045932,DIRC3-AS1,2,218307223,aligned,1.0,-0.3333,3,LUSC,0.876,0.648,0.2599,False,False
rs2045932,DIRC3-AS1,2,218307223,aligned,1.0,-0.3333,3,SCLC,5.555,-0.677,0.8781,True,False
rs2045932,DIRC3-AS1,2,218307223,aligned,1.0,-0.3333,3,EC,2.679,-0.605,0.774,False,False
rs2045932,DIRC3-AS1,2,218307223,aligned,1.0,-0.3333,3,EAC,0.231,0.312,-0.3542,False,False
rs2045932,DIRC3-AS1,2,218307223,aligned,1.0,-0.3333,3,THCA,11.256,13.592,-0.2075,True,True
rs2045932,DIRC3-AS1,2,218307223,aligned,1.0,-0.3333,3,RCC,2.774,-0.321,0.8841,False,False
rs2045932,DIRC3-AS1,2,218307223,aligned,1.0,-0.3333,3,PC,6.988,1.292,0.8151,True,False
rs2045932,DIRC3-AS1,2,218307223,aligned,1.0,-0.3333,3,GC,2.118,-0.524,0.7527,False,False
rs2045932,DIRC3-AS1,2,218307223,aligned,1.0,-0.3333,3,PRAD,0.843,0.007,0.9918,False,False
rs4672832,DIRC3-AS1,2,218309228,aligned,1.0,-0.3333,3,LUAD,-0.208,0.587,-1.8146,False,False
rs4672832,DIRC3-AS1,2,218309228,aligned,1.0,-0.3333,3,LUSC,0.913,0.645,0.2934,False,False
rs4672832,DIRC3-AS1,2,218309228,aligned,1.0,-0.3333,3,SCLC,5.495,-0.748,0.864,True,False
rs4672832,DIRC3-AS1,2,218309228,aligned,1.0,-0.3333,3,EC,2.698,-0.65,0.7591,False,False
rs4672832,DIRC3-AS1,2,218309228,aligned,1.0,-0.3333,3,EAC,0.234,0.336,-0.4367,False,False
rs4672832,DIRC3-AS1,2,218309228,aligned,1.0,-0.3333,3,THCA,11.119,13.465,-0.211,True,True
rs4672832,DIRC3-AS1,2,218309228,aligned,1.0,-0.3333,3,RCC,2.772,-0.322,0.8838,False,False
rs4672832,DIRC3-AS1,2,218309228,aligned,1.0,-0.3333,3,PC,6.955,1.255,0.8195,True,False
rs4672832,DIRC3-AS1,2,218309228,aligned,1.0,-0.3333,3,GC,2.066,-0.519,0.749,False,False
rs4672832,DIRC3-AS1,2,218309228,aligned,1.0,-0.3333,3,PRAD,0.926,0.093,0.8995,False,False
rs1478595,DIRC3-AS1,2,218309899,aligned,1.0,-0.3333,3,LUAD,-0.2,0.6,-1.9986,False,False
rs1478595,DIRC3-AS1,2,218309899,aligned,1.0,-0.3333,3,LUSC,0.946,0.676,0.2862,False,False
rs1478595,DIRC3-AS1,2,218309899,aligned,1.0,-0.3333,3,SCLC,5.554,-0.726,0.8692,True,False
rs1478595,DIRC3-AS1,2,218309899,aligned,1.0,-0.3333,3,EC,2.708,-0.697,0.7426,False,False
rs1478595,DIRC3-AS1,2,218309899,aligned,1.0,-0.3333,3,EAC,0.257,0.378,-0.4718,False,False
rs1478595,DIRC3-AS1,2,218309899,aligned,1.0,-0.3333,3,THCA,11.19,13.547,-0.2106,True,True
rs1478595,DIRC3-AS1,2,218309899,aligned,1.0,-0.3333,3,RCC,2.804,-0.304,0.8916,False,False
rs1478595,DIRC3-AS1,2,218309899,aligned,1.0,-0.3333,3,PC,6.92,1.16,0.8324,True,False
rs1478595,DIRC3-AS1,2,218309899,aligned,1.0,-0.3333,3,GC,2.135,-0.451,0.7886,False,False
rs1478595,DIRC3-AS1,2,218309899,aligned,1.0,-0.3333,3,PRAD,0.94,0.115,0.8774,False,False
rs2568158,DIRC3-AS1,2,218334534,aligned,1.0,1.0,2,LUAD,-0.326,0.372,-0.1428,False,False
rs2568158,DIRC3-AS1,2,218334534,aligned,1.0,1.0,2,LUSC,0.72,0.669,0.0707,False,False
rs2568158,DIRC3-AS1,2,218334534,aligned,1.0,1.0,2,SCLC,4.688,-0.513,0.8906,False,False
rs2568158,DIRC3-AS1,2,218334534,aligned,1.0,1.0,2,EC,2.392,-0.702,0.7064,False,False
rs2568158,DIRC3-AS1,2,218334534,aligned,1.0,1.0,2,EAC,0.344,0.273,0.2077,False,False
rs2568158,DIRC3-AS1,2,218334534,aligned,1.0,1.0,2,THCA,10.366,12.316,-0.1882,True,True
rs2568158,DIRC3-AS1,2,218334534,aligned,1.0,1.0,2,RCC,2.351,-0.519,0.7791,False,False
rs2568158,DIRC3-AS1,2,218334534,aligned,1.0,1.0,2,PC,6.836,1.506,0.7797,True,False
rs2568158,DIRC3-AS1,2,218334534,aligned,1.0,1.0,2,GC,2.24,0.353,0.8423,False,False
rs2568158,DIRC3-AS1,2,218334534,aligned,1.0,1.0,2,PRAD,1.735,1.175,0.3228,False,False
rs1382438,DIRC3-AS1,2,218338829,aligned,1.0,1.0,2,LUAD,-0.276,0.422,-0.5294,False,False
rs1382438,DIRC3-AS1,2,218338829,aligned,1.0,1.0,2,LUSC,0.768,0.707,0.0798,False,False
rs1382438,DIRC3-AS1,2,218338829,aligned,1.0,1.0,2,SCLC,4.72,-0.422,0.9106,False,False
rs1382438,DIRC3-AS1,2,218338829,aligned,1.0,1.0,2,EC,2.336,-0.752,0.6782,False,False
rs1382438,DIRC3-AS1,2,218338829,aligned,1.0,1.0,2,EAC,0.324,0.252,0.2231,False,False
rs1382438,DIRC3-AS1,2,218338829,aligned,1.0,1.0,2,THCA,10.291,12.205,-0.186,True,True
rs1382438,DIRC3-AS1,2,218338829,aligned,1.0,1.0,2,RCC,2.332,-0.507,0.7826,False,False
rs1382438,DIRC3-AS1,2,218338829,aligned,1.0,1.0,2,PC,6.821,1.556,0.7719,True,False
rs1382438,DIRC3-AS1,2,218338829,aligned,1.0,1.0,2,GC,2.261,0.39,0.8273,False,False
rs1382438,DIRC3-AS1,2,218338829,aligned,1.0,1.0,2,PRAD,1.706,1.159,0.3205,False,False
rs35856653,DIRC3-AS1,2,218350206,aligned,1.0,1.0,2,LUAD,-0.34,0.333,0.0206,False,False
rs35856653,DIRC3-AS1,2,218350206,aligned,1.0,1.0,2,LUSC,0.614,0.49,0.202,False,False
rs35856653,DIRC3-AS1,2,218350206,aligned,1.0,1.0,2,SCLC,4.45,-0.472,0.894,False,False
rs35856653,DIRC3-AS1,2,218350206,aligned,1.0,1.0,2,EC,2.284,-0.656,0.7128,False,False
rs35856653,DIRC3-AS1,2,218350206,aligned,1.0,1.0,2,EAC,0.379,0.314,0.1717,False,False
rs35856653,DIRC3-AS1,2,218350206,aligned,1.0,1.0,2,THCA,10.058,12.009,-0.194,True,True
rs35856653,DIRC3-AS1,2,218350206,aligned,1.0,1.0,2,RCC,2.268,-0.444,0.8041,False,False
rs35856653,DIRC3-AS1,2,218350206,aligned,1.0,1.0,2,PC,6.612,1.545,0.7664,True,False
rs35856653,DIRC3-AS1,2,218350206,aligned,1.0,1.0,2,GC,2.12,0.345,0.8371,False,False
rs35856653,DIRC3-AS1,2,218350206,aligned,1.0,1.0,2,PRAD,1.632,1.085,0.3352,False,False
rs874839,DIRC3-AS1,2,218354087,aligned,1.0,1.0,2,LUAD,-0.311,0.449,-0.4438,False,False
rs874839,DIRC3-AS1,2,218354087,aligned,1.0,1.0,2,LUSC,0.632,0.465,0.2638,False,False
rs874839,DIRC3-AS1,2,218354087,aligned,1.0,1.0,2,SCLC,4.85,-0.47,0.9031,False,False
rs874839,DIRC3-AS1,2,218354087,aligned,1.0,1.0,2,EC,2.418,-0.738,0.695,False,False
rs874839,DIRC3-AS1,2,218354087,aligned,1.0,1.0,2,EAC,0.32,0.228,0.2877,False,False
rs874839,DIRC3-AS1,2,218354087,aligned,1.0,1.0,2,THCA,10.748,12.746,-0.1859,True,True
rs874839,DIRC3-AS1,2,218354087,aligned,1.0,1.0,2,RCC,2.448,-0.5,0.7956,False,False
rs874839,DIRC3-AS1,2,218354087,aligned,1.0,1.0,2,PC,7.286,1.886,0.7411,True,False
rs874839,DIRC3-AS1,2,218354087,aligned,1.0,1.0,2,GC,2.15,0.186,0.9136,False,False
rs874839,DIRC3-AS1,2,218354087,aligned,1.0,1.0,2,PRAD,1.73,1.108,0.3598,False,False
rs61349367,DIRC3-AS1,2,218369689,aligned,1.0,1.0,2,LUAD,0.827,0.653,0.211,False,False
rs61349367,DIRC3-AS1,2,218369689,aligned,1.0,1.0,2,LUSC,0.602,0.431,0.2838,False,False
rs61349367,DIRC3-AS1,2,218369689,aligned,1.0,1.0,2,SCLC,1.416,-1.11,0.216,False,False
rs61349367,DIRC3-AS1,2,218369689,aligned,1.0,1.0,2,EC,3.042,0.202,0.9337,False,False
rs61349367,DIRC3-AS1,2,218369689,aligned,1.0,1.0,2,EAC,1.208,0.451,0.6264,False,False
rs61349367,DIRC3-AS1,2,218369689,aligned,1.0,1.0,2,THCA,6.665,7.044,-0.0568,True,True
rs61349367,DIRC3-AS1,2,218369689,aligned,1.0,1.0,2,RCC,2.798,0.862,0.6921,False,False
rs61349367,DIRC3-AS1,2,218369689,aligned,1.0,1.0,2,PC,5.551,1.478,0.7337,True,False
rs61349367,DIRC3-AS1,2,218369689,aligned,1.0,1.0,2,GC,0.13,0.079,0.3909,False,False
rs61349367,DIRC3-AS1,2,218369689,aligned,1.0,1.0,2,PRAD,4.115,3.922,0.0467,False,False
rs13097028,TERC,3,169464942,aligned,1.0,1.0,3,LUAD,-3.765,-2.115,0.4384,False,False
rs13097028,TERC,3,169464942,aligned,1.0,1.0,3,LUSC,-2.445,1.615,0.3395,False,False
rs13097028,TERC,3,169464942,aligned,1.0,1.0,3,SCLC,-1.169,-0.652,0.4421,False,False
rs13097028,TERC,3,169464942,aligned,1.0,1.0,3,EC,-7.136,-4.191,0.4128,True,False
rs13097028,TERC,3,169464942,aligned,1.0,1.0,3,EAC,-3.086,-2.22,0.2806,False,False
rs13097028,TERC,3,169464942,aligned,1.0,1.0,3,THCA,-5.707,-3.193,0.4405,True,False
rs13097028,TERC,3,169464942,aligned,1.0,1.0,3,RCC,-7.237,-6.165,0.1482,True,True
rs13097028,TERC,3,169464942,aligned,1.0,1.0,3,PC,-2.254,-0.146,0.9353,False,False
rs13097028,TERC,3,169464942,aligned,1.0,1.0,3,GC,0.381,-0.267,0.2997,False,False
rs13097028,TERC,3,169464942,aligned,1.0,1.0,3,PRAD,-2.831,-2.226,0.2137,False,False
rs9878797,LRRC34,3,169529958,aligned,1.0,1.0,2,LUAD,-3.478,-2.014,0.4209,False,False
rs9878797,LRRC34,3,169529958,aligned,1.0,1.0,2,LUSC,-2.079,1.07,0.4851,False,False
rs9878797,LRRC34,3,169529958,aligned,1.0,1.0,2,SCLC,-0.831,-0.479,0.4244,False,False
rs9878797,LRRC34,3,169529958,aligned,1.0,1.0,2,EC,-5.563,-1.984,0.6434,True,False
rs9878797,LRRC34,3,169529958,aligned,1.0,1.0,2,EAC,-2.698,-1.936,0.2825,False,False
rs9878797,LRRC34,3,169529958,aligned,1.0,1.0,2,THCA,-4.74,-2.467,0.4795,False,False
rs9878797,LRRC34,3,169529958,aligned,1.0,1.0,2,RCC,-6.425,-5.671,0.1173,True,True
rs9878797,LRRC34,3,169529958,aligned,1.0,1.0,2,PC,-1.942,0.447,0.7697,False,False
rs9878797,LRRC34,3,169529958,aligned,1.0,1.0,2,GC,0.999,-0.322,0.678,False,False
rs9878797,LRRC34,3,169529958,aligned,1.0,1.0,2,PRAD,-3.855,-3.547,0.08,False,False
rs6793160,LRRIQ4,3,169535266,aligned,1.0,1.0,3,LUAD,-3.726,-1.812,0.5136,False,False
rs6793160,LRRIQ4,3,169535266,aligned,1.0,1.0,3,LUSC,-2.79,0.475,0.8296,False,False
rs6793160,LRRIQ4,3,169535266,aligned,1.0,1.0,3,SCLC,-1.473,-0.526,0.6429,False,False
rs6793160,LRRIQ4,3,169535266,aligned,1.0,1.0,3,EC,-6.248,-2.367,0.6212,True,False
rs6793160,LRRIQ4,3,169535266,aligned,1.0,1.0,3,EAC,-2.332,-1.419,0.3917,False,False
rs6793160,LRRIQ4,3,169535266,aligned,1.0,1.0,3,THCA,-5.848,-3.302,0.4353,True,False
rs6793160,LRRIQ4,3,169535266,aligned,1.0,1.0,3,RCC,-7.458,-6.582,0.1174,True,True
rs6793160,LRRIQ4,3,169535266,aligned,1.0,1.0,3,PC,-1.973,0.444,0.7751,False,False
rs6793160,LRRIQ4,3,169535266,aligned,1.0,1.0,3,GC,1.041,0.365,0.6496,False,False
rs6793160,LRRIQ4,3,169535266,aligned,1.0,1.0,3,PRAD,-3.356,-2.915,0.1313,False,False
rs9882101,LRRIQ4,3,169548655,aligned,1.0,1.0,3,LUAD,-3.174,-1.399,0.5592,False,False
rs9882101,LRRIQ4,3,169548655,aligned,1.0,1.0,3,LUSC,-2.423,0.818,0.6624,False,False
rs9882101,LRRIQ4,3,169548655,aligned,1.0,1.0,3,SCLC,-1.399,-0.18,0.8714,False,False
rs9882101,LRRIQ4,3,169548655,aligned,1.0,1.0,3,EC,-6.133,-2.586,0.5783,True,False
rs9882101,LRRIQ4,3,169548655,aligned,1.0,1.0,3,EAC,-2.228,-1.49,0.3312,False,False
rs9882101,LRRIQ4,3,169548655,aligned,1.0,1.0,3,THCA,-5.935,-3.669,0.3818,True,False
rs9882101,LRRIQ4,3,169548655,aligned,1.0,1.0,3,RCC,-7.128,-6.227,0.1265,True,True
rs9882101,LRRIQ4,3,169548655,aligned,1.0,1.0,3,PC,-1.876,0.487,0.7403,False,False
rs9882101,LRRIQ4,3,169548655,aligned,1.0,1.0,3,GC,0.554,0.213,0.6154,False,False
rs9882101,LRRIQ4,3,169548655,aligned,1.0,1.0,3,PRAD,-2.641,-2.111,0.2008,False,False
rs16854453,LRRC31,3,169559234,aligned,1.0,1.0,3,LUAD,-4.126,-2.02,0.5106,False,False
rs16854453,LRRC31,3,169559234,aligned,1.0,1.0,3,LUSC,-3.408,0.735,0.7843,False,False
rs16854453,LRRC31,3,169559234,aligned,1.0,1.0,3,SCLC,-2.715,-0.902,0.6677,False,False
rs16854453,LRRC31,3,169559234,aligned,1.0,1.0,3,EC,-7.377,-2.647,0.6411,True,False
rs16854453,LRRC31,3,169559234,aligned,1.0,1.0,3,EAC,-3.055,-2.388,0.2184,False,False
rs16854453,LRRC31,3,169559234,aligned,1.0,1.0,3,THCA,-6.954,-4.256,0.3879,True,False
rs16854453,LRRC31,3,169559234,aligned,1.0,1.0,3,RCC,-9.207,-8.246,0.1044,True,True
rs16854453,LRRC31,3,169559234,aligned,1.0,1.0,3,PC,-1.479,1.575,-0.0648,False,False
rs16854453,LRRC31,3,169559234,aligned,1.0,1.0,3,GC,0.904,0.754,0.1656,False,False
rs16854453,LRRC31,3,169559234,aligned,1.0,1.0,3,PRAD,-2.508,-1.772,0.2935,False,False
rs10049456,LRRC31,3,169563523,aligned,1.0,1.0,3,LUAD,-3.689,-2.003,0.457,False,False
rs10049456,LRRC31,3,169563523,aligned,1.0,1.0,3,LUSC,-2.701,0.372,0.8624,False,False
rs10049456,LRRC31,3,169563523,aligned,1.0,1.0,3,SCLC,-1.483,-0.124,0.9165,False,False
rs10049456,LRRC31,3,169563523,aligned,1.0,1.0,3,EC,-6.011,-2.232,0.6287,True,False
rs10049456,LRRC31,3,169563523,aligned,1.0,1.0,3,EAC,-1.983,-1.237,0.376,False,False
rs10049456,LRRC31,3,169563523,aligned,1.0,1.0,3,THCA,-5.676,-3.545,0.3754,True,False
rs10049456,LRRC31,3,169563523,aligned,1.0,1.0,3,RCC,-7.077,-6.108,0.1369,True,True
rs10049456,LRRC31,3,169563523,aligned,1.0,1.0,3,PC,-1.779,0.715,0.598,False,False
rs10049456,LRRC31,3,169563523,aligned,1.0,1.0,3,GC,0.813,0.423,0.4805,False,False
rs10049456,LRRC31,3,169563523,aligned,1.0,1.0,3,PRAD,-2.996,-2.52,0.1589,False,False
rs4955678,LRRC31,3,169574912,aligned,1.0,1.0,3,LUAD,-3.872,-2.031,0.4754,False,False
rs4955678,LRRC31,3,169574912,aligned,1.0,1.0,3,LUSC,-2.854,1.187,0.584,False,False
rs4955678,LRRC31,3,169574912,aligned,1.0,1.0,3,SCLC,-2.184,-0.264,0.8791,False,False
rs4955678,LRRC31,3,169574912,aligned,1.0,1.0,3,EC,-6.804,-2.226,0.6728,True,False
rs4955678,LRRC31,3,169574912,aligned,1.0,1.0,3,EAC,-2.481,-2.08,0.1614,False,False
rs4955678,LRRC31,3,169574912,aligned,1.0,1.0,3,THCA,-6.648,-4.19,0.3698,True,False
rs4955678,LRRC31,3,169574912,aligned,1.0,1.0,3,RCC,-8.707,-7.847,0.0987,True,True
rs4955678,LRRC31,3,169574912,aligned,1.0,1.0,3,PC,-1.08,1.688,-0.5636,False,False
rs4955678,LRRC31,3,169574912,aligned,1.0,1.0,3,GC,0.536,0.471,0.1218,False,False
rs4955678,LRRC31,3,169574912,aligned,1.0,1.0,3,PRAD,-2.081,-1.364,0.3444,False,False
rs1920116,LRRC31,3,169579971,aligned,1.0,1.0,3,LUAD,-3.763,-1.914,0.4914,False,False
rs1920116,LRRC31,3,169579971,aligned,1.0,1.0,3,LUSC,-2.732,1.352,0.505,False,False
rs1920116,LRRC31,3,169579971,aligned,1.0,1.0,3,SCLC,-2.069,-0.223,0.8921,False,False
rs1920116,LRRC31,3,169579971,aligned,1.0,1.0,3,EC,-6.79,-2.225,0.6724,True,False
rs1920116,LRRC31,3,169579971,aligned,1.0,1.0,3,EAC,-2.417,-2.053,0.1504,False,False
rs1920116,LRRC31,3,169579971,aligned,1.0,1.0,3,THCA,-6.667,-4.183,0.3726,True,False
rs1920116,LRRC31,3,169579971,aligned,1.0,1.0,3,RCC,-8.716,-7.888,0.095,True,True
rs1920116,LRRC31,3,169579971,aligned,1.0,1.0,3,PC,-0.897,1.848,-1.0611,False,False
rs1920116,LRRC31,3,169579971,aligned,1.0,1.0,3,GC,0.366,0.273,0.2545,False,False
rs1920116,LRRC31,3,169579971,aligned,1.0,1.0,3,PRAD,-2.066,-1.369,0.3371,False,False
rs71277158,PRKCI,3,169999216,reversed (MTAG-inferred),-1.0,1.0,2,LUAD,-2.118,-0.736,0.6522,False,False
rs71277158,PRKCI,3,169999216,reversed (MTAG-inferred),-1.0,1.0,2,LUSC,0.246,-1.28,-4.1942,False,False
rs71277158,PRKCI,3,169999216,reversed (MTAG-inferred),-1.0,1.0,2,SCLC,3.189,-0.297,0.9068,False,False
rs71277158,PRKCI,3,169999216,reversed (MTAG-inferred),-1.0,1.0,2,EC,-2.159,0.618,0.7137,False,False
rs71277158,PRKCI,3,169999216,reversed (MTAG-inferred),-1.0,1.0,2,EAC,-1.218,1.407,-0.1551,False,False
rs71277158,PRKCI,3,169999216,reversed (MTAG-inferred),-1.0,1.0,2,THCA,-2.465,-0.657,0.7333,False,False
rs71277158,PRKCI,3,169999216,reversed (MTAG-inferred),-1.0,1.0,2,RCC,-2.322,-1.372,0.4091,False,False
rs71277158,PRKCI,3,169999216,reversed (MTAG-inferred),-1.0,1.0,2,PC,-3.53,0.188,0.9468,False,False
rs71277158,PRKCI,3,169999216,reversed (MTAG-inferred),-1.0,1.0,2,GC,5.977,-0.051,0.9914,True,False
rs71277158,PRKCI,3,169999216,reversed (MTAG-inferred),-1.0,1.0,2,PRAD,-12.295,-13.605,-0.1065,True,True
rs6533183,TET2-AS1,4,106133184,reversed (MTAG-inferred),-1.0,-1.0,2,LUAD,0.812,1.094,-0.3474,False,False
rs6533183,TET2-AS1,4,106133184,reversed (MTAG-inferred),-1.0,-1.0,2,LUSC,-2.812,-0.44,0.8435,False,False
rs6533183,TET2-AS1,4,106133184,reversed (MTAG-inferred),-1.0,-1.0,2,SCLC,-5.201,-2.018,0.612,False,False
rs6533183,TET2-AS1,4,106133184,reversed (MTAG-inferred),-1.0,-1.0,2,EC,0.811,-0.294,0.6382,False,False
rs6533183,TET2-AS1,4,106133184,reversed (MTAG-inferred),-1.0,-1.0,2,EAC,2.568,0.377,0.8533,False,False
rs6533183,TET2-AS1,4,106133184,reversed (MTAG-inferred),-1.0,-1.0,2,THCA,-0.349,-0.118,0.6613,False,False
rs6533183,TET2-AS1,4,106133184,reversed (MTAG-inferred),-1.0,-1.0,2,RCC,-1.521,-2.769,-0.8202,False,False
rs6533183,TET2-AS1,4,106133184,reversed (MTAG-inferred),-1.0,-1.0,2,PC,4.211,-0.122,0.9711,False,False
rs6533183,TET2-AS1,4,106133184,reversed (MTAG-inferred),-1.0,-1.0,2,GC,-5.772,-1.506,0.739,True,False
rs6533183,TET2-AS1,4,106133184,reversed (MTAG-inferred),-1.0,-1.0,2,PRAD,12.724,13.825,-0.0865,True,True
rs11097882,TET2-AS1,4,106142960,mixed,-0.3333,-0.3333,3,LUAD,0.248,0.563,-1.2645,False,False
rs11097882,TET2-AS1,4,106142960,mixed,-0.3333,-0.3333,3,LUSC,-3.445,-0.887,0.7424,False,False
rs11097882,TET2-AS1,4,106142960,mixed,-0.3333,-0.3333,3,SCLC,-5.745,-2.206,0.616,True,False
rs11097882,TET2-AS1,4,106142960,mixed,-0.3333,-0.3333,3,EC,0.373,-0.593,-0.5913,False,False
rs11097882,TET2-AS1,4,106142960,mixed,-0.3333,-0.3333,3,EAC,2.699,0.474,0.8245,False,False
rs11097882,TET2-AS1,4,106142960,mixed,-0.3333,-0.3333,3,THCA,-0.809,-0.531,0.3428,False,False
rs11097882,TET2-AS1,4,106142960,mixed,-0.3333,-0.3333,3,RCC,-1.804,-2.865,-0.5885,False,False
rs11097882,TET2-AS1,4,106142960,mixed,-0.3333,-0.3333,3,PC,4.417,0.022,0.9951,False,False
rs11097882,TET2-AS1,4,106142960,mixed,-0.3333,-0.3333,3,GC,-6.795,-2.187,0.6781,True,False
rs11097882,TET2-AS1,4,106142960,mixed,-0.3333,-0.3333,3,PRAD,12.793,13.852,-0.0827,True,True
rs2735946,TERT,5,1300429,aligned,1.0,1.0,2,LUAD,7.477,6.589,0.1188,True,True
rs2735946,TERT,5,1300429,aligned,1.0,1.0,2,LUSC,5.779,5.491,0.0499,True,True
rs2735946,TERT,5,1300429,aligned,1.0,1.0,2,SCLC,1.115,3.369,-2.0212,False,False
rs2735946,TERT,5,1300429,aligned,1.0,1.0,2,EC,3.079,2.71,0.1199,False,False
rs2735946,TERT,5,1300429,aligned,1.0,1.0,2,EAC,-1.085,-2.482,-1.2877,False,False
rs2735946,TERT,5,1300429,aligned,1.0,1.0,2,THCA,-1.974,-3.339,-0.6914,False,False
rs2735946,TERT,5,1300429,aligned,1.0,1.0,2,RCC,1.368,0.459,0.6648,False,False
rs2735946,TERT,5,1300429,aligned,1.0,1.0,2,PC,-3.204,-3.725,-0.1626,False,False
rs2735946,TERT,5,1300429,aligned,1.0,1.0,2,GC,-1.046,1.043,0.0026,False,False
rs2735946,TERT,5,1300429,aligned,1.0,1.0,2,PRAD,4.499,5.567,-0.2376,False,True
rs61574973,MIR4457,5,1309168,aligned,1.0,1.0,2,LUAD,9.966,8.638,0.1333,True,True
rs61574973,MIR4457,5,1309168,aligned,1.0,1.0,2,LUSC,8.843,8.116,0.0822,True,True
rs61574973,MIR4457,5,1309168,aligned,1.0,1.0,2,SCLC,3.317,2.852,0.1403,False,False
rs61574973,MIR4457,5,1309168,aligned,1.0,1.0,2,EC,5.304,2.758,0.48,False,False
rs61574973,MIR4457,5,1309168,aligned,1.0,1.0,2,EAC,-0.462,-1.725,-2.7359,False,False
rs61574973,MIR4457,5,1309168,aligned,1.0,1.0,2,THCA,-0.161,-1.528,-8.4672,False,False
rs61574973,MIR4457,5,1309168,aligned,1.0,1.0,2,RCC,3.672,2.054,0.4407,False,False
rs61574973,MIR4457,5,1309168,aligned,1.0,1.0,2,PC,-2.541,-4.215,-0.6585,False,False
rs61574973,MIR4457,5,1309168,aligned,1.0,1.0,2,GC,-0.244,0.949,-2.8848,False,False
rs61574973,MIR4457,5,1309168,aligned,1.0,1.0,2,PRAD,4.448,5.275,-0.1858,False,False
rs28379291,CLPTM1L,5,1313701,aligned,1.0,1.0,2,LUAD,9.648,8.592,0.1094,True,True
rs28379291,CLPTM1L,5,1313701,aligned,1.0,1.0,2,LUSC,8.769,8.338,0.0491,True,True
rs28379291,CLPTM1L,5,1313701,aligned,1.0,1.0,2,SCLC,3.592,2.832,0.2115,False,False
rs28379291,CLPTM1L,5,1313701,aligned,1.0,1.0,2,EC,4.816,2.74,0.4311,False,False
rs28379291,CLPTM1L,5,1313701,aligned,1.0,1.0,2,EAC,-1.002,-2.067,-1.0635,False,False
rs28379291,CLPTM1L,5,1313701,aligned,1.0,1.0,2,THCA,-0.272,-1.068,-2.929,False,False
rs28379291,CLPTM1L,5,1313701,aligned,1.0,1.0,2,RCC,2.916,1.207,0.586,False,False
rs28379291,CLPTM1L,5,1313701,aligned,1.0,1.0,2,PC,-2.939,-4.624,-0.5735,False,False
rs28379291,CLPTM1L,5,1313701,aligned,1.0,1.0,2,GC,0.419,1.164,-1.7756,False,False
rs28379291,CLPTM1L,5,1313701,aligned,1.0,1.0,2,PRAD,3.692,4.531,-0.2273,False,False
rs13170453,CLPTM1L,5,1317481,aligned,1.0,1.0,3,LUAD,-9.995,-9.378,0.0618,True,True
rs13170453,CLPTM1L,5,1317481,aligned,1.0,1.0,3,LUSC,-8.3,-5.785,0.303,True,True
rs13170453,CLPTM1L,5,1317481,aligned,1.0,1.0,3,SCLC,-4.761,-1.466,0.6921,False,False
rs13170453,CLPTM1L,5,1317481,aligned,1.0,1.0,3,EC,-5.622,-2.375,0.5776,True,False
rs13170453,CLPTM1L,5,1317481,aligned,1.0,1.0,3,EAC,1.597,1.728,-0.0821,False,False
rs13170453,CLPTM1L,5,1317481,aligned,1.0,1.0,3,THCA,-2.187,-1.745,0.2023,False,False
rs13170453,CLPTM1L,5,1317481,aligned,1.0,1.0,3,RCC,-4.965,-3.07,0.3815,False,False
rs13170453,CLPTM1L,5,1317481,aligned,1.0,1.0,3,PC,1.553,3.019,-0.9434,False,False
rs13170453,CLPTM1L,5,1317481,aligned,1.0,1.0,3,GC,-1.456,-0.448,0.6921,False,False
rs13170453,CLPTM1L,5,1317481,aligned,1.0,1.0,3,PRAD,-0.656,-0.585,0.107,False,False
rs421629,CLPTM1L,5,1320136,aligned,1.0,1.0,2,LUAD,-10.338,-9.579,0.0733,True,True
rs421629,CLPTM1L,5,1320136,aligned,1.0,1.0,2,LUSC,-9.329,-9.153,0.0189,True,True
rs421629,CLPTM1L,5,1320136,aligned,1.0,1.0,2,SCLC,-4.357,-3.205,0.2644,False,False
rs421629,CLPTM1L,5,1320136,aligned,1.0,1.0,2,EC,-4.324,-2.41,0.4426,False,False
rs421629,CLPTM1L,5,1320136,aligned,1.0,1.0,2,EAC,1.328,2.36,-0.7772,False,False
rs421629,CLPTM1L,5,1320136,aligned,1.0,1.0,2,THCA,1.076,1.536,-0.428,False,False
rs421629,CLPTM1L,5,1320136,aligned,1.0,1.0,2,RCC,-2.27,-0.476,0.7905,False,False
rs421629,CLPTM1L,5,1320136,aligned,1.0,1.0,2,PC,3.35,5.223,-0.5593,False,False
rs421629,CLPTM1L,5,1320136,aligned,1.0,1.0,2,GC,0.403,-0.381,0.0542,False,False
rs421629,CLPTM1L,5,1320136,aligned,1.0,1.0,2,PRAD,-3.338,-4.145,-0.2417,False,False
rs401681,CLPTM1L,5,1322087,aligned,1.0,1.0,2,LUAD,-9.945,-9.264,0.0684,True,True
rs401681,CLPTM1L,5,1322087,aligned,1.0,1.0,2,LUSC,-8.809,-8.817,-0.0009,True,True
rs401681,CLPTM1L,5,1322087,aligned,1.0,1.0,2,SCLC,-3.852,-2.97,0.229,False,False
rs401681,CLPTM1L,5,1322087,aligned,1.0,1.0,2,EC,-4.014,-2.173,0.4586,False,False
rs401681,CLPTM1L,5,1322087,aligned,1.0,1.0,2,EAC,1.247,2.229,-0.7882,False,False
rs401681,CLPTM1L,5,1322087,aligned,1.0,1.0,2,THCA,1.347,1.629,-0.2096,False,False
rs401681,CLPTM1L,5,1322087,aligned,1.0,1.0,2,RCC,-2.01,-0.34,0.8307,False,False
rs401681,CLPTM1L,5,1322087,aligned,1.0,1.0,2,PC,3.36,4.92,-0.4641,False,False
rs401681,CLPTM1L,5,1322087,aligned,1.0,1.0,2,GC,0.428,-0.025,0.9421,False,False
rs401681,CLPTM1L,5,1322087,aligned,1.0,1.0,2,PRAD,-3.538,-4.395,-0.242,False,False
rs452384,CLPTM1L,5,1330840,aligned,1.0,1.0,2,LUAD,-10.091,-9.472,0.0614,True,True
rs452384,CLPTM1L,5,1330840,aligned,1.0,1.0,2,LUSC,-9.215,-9.159,0.0061,True,True
rs452384,CLPTM1L,5,1330840,aligned,1.0,1.0,2,SCLC,-4.127,-2.989,0.2759,False,False
rs452384,CLPTM1L,5,1330840,aligned,1.0,1.0,2,EC,-4.129,-2.349,0.4312,False,False
rs452384,CLPTM1L,5,1330840,aligned,1.0,1.0,2,EAC,1.567,2.388,-0.5243,False,False
rs452384,CLPTM1L,5,1330840,aligned,1.0,1.0,2,THCA,1.085,1.291,-0.1898,False,False
rs452384,CLPTM1L,5,1330840,aligned,1.0,1.0,2,RCC,-1.925,-0.13,0.9326,False,False
rs452384,CLPTM1L,5,1330840,aligned,1.0,1.0,2,PC,3.602,5.217,-0.4483,False,False
rs452384,CLPTM1L,5,1330840,aligned,1.0,1.0,2,GC,-0.794,-1.23,-0.5496,False,False
rs452384,CLPTM1L,5,1330840,aligned,1.0,1.0,2,PRAD,-3.052,-3.956,-0.2964,False,False
rs455433,CLPTM1L,5,1336243,aligned,1.0,1.0,2,LUAD,-10.014,-9.329,0.0684,True,True
rs455433,CLPTM1L,5,1336243,aligned,1.0,1.0,2,LUSC,-9.274,-9.301,-0.0028,True,True
rs455433,CLPTM1L,5,1336243,aligned,1.0,1.0,2,SCLC,-4.19,-3.085,0.2637,False,False
rs455433,CLPTM1L,5,1336243,aligned,1.0,1.0,2,EC,-4.114,-2.321,0.4358,False,False
rs455433,CLPTM1L,5,1336243,aligned,1.0,1.0,2,EAC,1.491,2.359,-0.5821,False,False
rs455433,CLPTM1L,5,1336243,aligned,1.0,1.0,2,THCA,1.069,1.324,-0.2394,False,False
rs455433,CLPTM1L,5,1336243,aligned,1.0,1.0,2,RCC,-1.946,-0.171,0.9122,False,False
rs455433,CLPTM1L,5,1336243,aligned,1.0,1.0,2,PC,3.584,5.203,-0.4516,False,False
rs455433,CLPTM1L,5,1336243,aligned,1.0,1.0,2,GC,-0.726,-1.172,-0.6156,False,False
rs455433,CLPTM1L,5,1336243,aligned,1.0,1.0,2,PRAD,-3.091,-4.01,-0.2973,False,False
rs2233956,C6orf15,6,31081205,aligned,1.0,1.0,2,LUAD,3.688,3.921,-0.0631,False,False
rs2233956,C6orf15,6,31081205,aligned,1.0,1.0,2,LUSC,6.506,7.636,-0.1737,True,True
rs2233956,C6orf15,6,31081205,aligned,1.0,1.0,2,SCLC,6.637,4.5,0.322,True,False
rs2233956,C6orf15,6,31081205,aligned,1.0,1.0,2,EC,-2.685,-3.483,-0.2972,False,False
rs2233956,C6orf15,6,31081205,aligned,1.0,1.0,2,EAC,-1.518,-0.911,0.4,False,False
rs2233956,C6orf15,6,31081205,aligned,1.0,1.0,2,THCA,-2.056,-1.551,0.2455,False,False
rs2233956,C6orf15,6,31081205,aligned,1.0,1.0,2,RCC,-1.367,-1.137,0.1683,False,False
rs2233956,C6orf15,6,31081205,aligned,1.0,1.0,2,PC,-2.06,-0.311,0.8489,False,False
rs2233956,C6orf15,6,31081205,aligned,1.0,1.0,2,GC,3.254,1.234,0.6207,False,False
rs2233956,C6orf15,6,31081205,aligned,1.0,1.0,2,PRAD,-4.412,-4.038,0.0847,False,False
rs3130985,CDSN,6,31085356,aligned,1.0,1.0,2,LUAD,3.399,3.864,-0.1367,False,False
rs3130985,CDSN,6,31085356,aligned,1.0,1.0,2,LUSC,6.334,7.76,-0.2252,True,True
rs3130985,CDSN,6,31085356,aligned,1.0,1.0,2,SCLC,6.807,4.684,0.3119,True,False
rs3130985,CDSN,6,31085356,aligned,1.0,1.0,2,EC,-3.719,-3.922,-0.0544,False,False
rs3130985,CDSN,6,31085356,aligned,1.0,1.0,2,EAC,-2.266,-1.582,0.3017,False,False
rs3130985,CDSN,6,31085356,aligned,1.0,1.0,2,THCA,-2.589,-1.725,0.3336,False,False
rs3130985,CDSN,6,31085356,aligned,1.0,1.0,2,RCC,-2.414,-2.109,0.1266,False,False
rs3130985,CDSN,6,31085356,aligned,1.0,1.0,2,PC,-2.303,0.248,0.8923,False,False
rs3130985,CDSN,6,31085356,aligned,1.0,1.0,2,GC,4.067,1.457,0.6418,False,False
rs3130985,CDSN,6,31085356,aligned,1.0,1.0,2,PRAD,-5.318,-4.907,0.0773,False,False
rs3130557,CDSN,6,31094703,aligned,1.0,1.0,2,LUAD,3.4,3.864,-0.1363,False,False
rs3130557,CDSN,6,31094703,aligned,1.0,1.0,2,LUSC,6.323,7.761,-0.2274,True,True
rs3130557,CDSN,6,31094703,aligned,1.0,1.0,2,SCLC,6.779,4.683,0.3091,True,False
rs3130557,CDSN,6,31094703,aligned,1.0,1.0,2,EC,-3.727,-3.942,-0.0578,False,False
rs3130557,CDSN,6,31094703,aligned,1.0,1.0,2,EAC,-2.253,-1.577,0.3002,False,False
rs3130557,CDSN,6,31094703,aligned,1.0,1.0,2,THCA,-2.592,-1.736,0.3303,False,False
rs3130557,CDSN,6,31094703,aligned,1.0,1.0,2,RCC,-2.424,-2.119,0.1259,False,False
rs3130557,CDSN,6,31094703,aligned,1.0,1.0,2,PC,-2.304,0.237,0.8971,False,False
rs3130557,CDSN,6,31094703,aligned,1.0,1.0,2,GC,4.098,1.582,0.614,False,False
rs3130557,CDSN,6,31094703,aligned,1.0,1.0,2,PRAD,-5.265,-4.84,0.0807,False,False
rs3131380,MSH5,6,31709778,aligned,1.0,1.0,2,LUAD,3.158,3.752,-0.1881,False,False
rs3131380,MSH5,6,31709778,aligned,1.0,1.0,2,LUSC,6.408,8.273,-0.2909,True,True
rs3131380,MSH5,6,31709778,aligned,1.0,1.0,2,SCLC,6.689,3.965,0.4073,True,False
rs3131380,MSH5,6,31709778,aligned,1.0,1.0,2,EC,-3.401,-4.039,-0.1877,False,False
rs3131380,MSH5,6,31709778,aligned,1.0,1.0,2,EAC,-0.837,-0.197,0.7648,False,False
rs3131380,MSH5,6,31709778,aligned,1.0,1.0,2,THCA,-2.775,-1.571,0.4338,False,False
rs3131380,MSH5,6,31709778,aligned,1.0,1.0,2,RCC,-2.847,-2.763,0.0297,False,False
rs3131380,MSH5,6,31709778,aligned,1.0,1.0,2,PC,-1.238,0.52,0.5801,False,False
rs3131380,MSH5,6,31709778,aligned,1.0,1.0,2,GC,3.419,1.077,0.685,False,False
rs3131380,MSH5,6,31709778,aligned,1.0,1.0,2,PRAD,-4.603,-4.283,0.0695,False,False
rs3117575,MSH5,6,31726253,aligned,1.0,1.0,2,LUAD,3.181,3.789,-0.1915,False,False
rs3117575,MSH5,6,31726253,aligned,1.0,1.0,2,LUSC,6.386,8.215,-0.2863,True,True
rs3117575,MSH5,6,31726253,aligned,1.0,1.0,2,SCLC,6.724,3.995,0.4058,True,False
rs3117575,MSH5,6,31726253,aligned,1.0,1.0,2,EC,-3.402,-4.048,-0.1901,False,False
rs3117575,MSH5,6,31726253,aligned,1.0,1.0,2,EAC,-0.9,-0.254,0.7175,False,False
rs3117575,MSH5,6,31726253,aligned,1.0,1.0,2,THCA,-2.682,-1.469,0.4521,False,False
rs3117575,MSH5,6,31726253,aligned,1.0,1.0,2,RCC,-2.809,-2.745,0.0231,False,False
rs3117575,MSH5,6,31726253,aligned,1.0,1.0,2,PC,-1.24,0.49,0.6045,False,False
rs3117575,MSH5,6,31726253,aligned,1.0,1.0,2,GC,3.442,1.066,0.6904,False,False
rs3117575,MSH5,6,31726253,aligned,1.0,1.0,2,PRAD,-4.602,-4.284,0.0691,False,False
rs3115672,MSH5,6,31727897,aligned,1.0,1.0,2,LUAD,3.213,3.828,-0.1914,False,False
rs3115672,MSH5,6,31727897,aligned,1.0,1.0,2,LUSC,6.419,8.251,-0.2854,True,True
rs3115672,MSH5,6,31727897,aligned,1.0,1.0,2,SCLC,6.713,3.963,0.4097,True,False
rs3115672,MSH5,6,31727897,aligned,1.0,1.0,2,EC,-3.378,-4.049,-0.1988,False,False
rs3115672,MSH5,6,31727897,aligned,1.0,1.0,2,EAC,-0.818,-0.169,0.7932,False,False
rs3115672,MSH5,6,31727897,aligned,1.0,1.0,2,THCA,-2.752,-1.535,0.4423,False,False
rs3115672,MSH5,6,31727897,aligned,1.0,1.0,2,RCC,-2.828,-2.76,0.0239,False,False
rs3115672,MSH5,6,31727897,aligned,1.0,1.0,2,PC,-1.219,0.501,0.5888,False,False
rs3115672,MSH5,6,31727897,aligned,1.0,1.0,2,GC,3.41,1.077,0.684,False,False
rs3115672,MSH5,6,31727897,aligned,1.0,1.0,2,PRAD,-4.585,-4.271,0.0685,False,False
rs9271627,HLA-DQA1,6,32591949,aligned,1.0,1.0,2,LUAD,3.345,3.579,-0.07,False,False
rs9271627,HLA-DQA1,6,32591949,aligned,1.0,1.0,2,LUSC,6.33,7.987,-0.2617,True,True
rs9271627,HLA-DQA1,6,32591949,aligned,1.0,1.0,2,SCLC,6.491,4.594,0.2923,True,False
rs9271627,HLA-DQA1,6,32591949,aligned,1.0,1.0,2,EC,-1.727,-2.87,-0.6618,False,False
rs9271627,HLA-DQA1,6,32591949,aligned,1.0,1.0,2,EAC,1.022,0.995,0.027,False,False
rs9271627,HLA-DQA1,6,32591949,aligned,1.0,1.0,2,THCA,-1.483,-1.125,0.2418,False,False
rs9271627,HLA-DQA1,6,32591949,aligned,1.0,1.0,2,RCC,-1.584,-1.794,-0.1326,False,False
rs9271627,HLA-DQA1,6,32591949,aligned,1.0,1.0,2,PC,0.644,1.066,-0.6541,False,False
rs9271627,HLA-DQA1,6,32591949,aligned,1.0,1.0,2,GC,1.049,0.5,0.5233,False,False
rs9271627,HLA-DQA1,6,32591949,aligned,1.0,1.0,2,PRAD,-1.77,-1.363,0.2296,False,False
rs9272462,HLA-DQA1,6,32605620,aligned,1.0,1.0,2,LUAD,2.54,2.574,-0.0134,False,False
rs9272462,HLA-DQA1,6,32605620,aligned,1.0,1.0,2,LUSC,5.561,6.664,-0.1983,True,True
rs9272462,HLA-DQA1,6,32605620,aligned,1.0,1.0,2,SCLC,5.976,3.509,0.4128,True,False
rs9272462,HLA-DQA1,6,32605620,aligned,1.0,1.0,2,EC,-1.557,-3.103,-0.9924,False,False
rs9272462,HLA-DQA1,6,32605620,aligned,1.0,1.0,2,EAC,0.861,1.082,-0.257,False,False
rs9272462,HLA-DQA1,6,32605620,aligned,1.0,1.0,2,THCA,-0.462,-0.042,0.9083,False,False
rs9272462,HLA-DQA1,6,32605620,aligned,1.0,1.0,2,RCC,-0.918,-1.649,-0.7955,False,False
rs9272462,HLA-DQA1,6,32605620,aligned,1.0,1.0,2,PC,0.476,0.556,-0.1698,False,False
rs9272462,HLA-DQA1,6,32605620,aligned,1.0,1.0,2,GC,1.271,0.46,0.6384,False,False
rs9272462,HLA-DQA1,6,32605620,aligned,1.0,1.0,2,PRAD,-1.906,-1.723,0.0961,False,False
rs381194,SLC22A2,6,160712194,reversed (MTAG-inferred),-1.0,1.0,2,LUAD,1.673,1.882,-0.1247,False,False
rs381194,SLC22A2,6,160712194,reversed (MTAG-inferred),-1.0,1.0,2,LUSC,3.039,0.72,0.7631,False,False
rs381194,SLC22A2,6,160712194,reversed (MTAG-inferred),-1.0,1.0,2,SCLC,4.75,1.612,0.6606,False,False
rs381194,SLC22A2,6,160712194,reversed (MTAG-inferred),-1.0,1.0,2,EC,-0.344,0.492,-0.4302,False,False
rs381194,SLC22A2,6,160712194,reversed (MTAG-inferred),-1.0,1.0,2,EAC,-3.491,-2.023,0.4205,False,False
rs381194,SLC22A2,6,160712194,reversed (MTAG-inferred),-1.0,1.0,2,THCA,0.568,0.831,-0.4636,False,False
rs381194,SLC22A2,6,160712194,reversed (MTAG-inferred),-1.0,1.0,2,RCC,1.309,1.72,-0.3143,False,False
rs381194,SLC22A2,6,160712194,reversed (MTAG-inferred),-1.0,1.0,2,PC,-1.946,2.034,-0.0449,False,False
rs381194,SLC22A2,6,160712194,reversed (MTAG-inferred),-1.0,1.0,2,GC,5.483,-1.574,0.7129,True,False
rs381194,SLC22A2,6,160712194,reversed (MTAG-inferred),-1.0,1.0,2,PRAD,-9.645,-10.682,-0.1075,True,True
rs3105751,SLC22A3,6,160822675,aligned,1.0,1.0,2,LUAD,-1.214,-1.483,-0.2212,False,False
rs3105751,SLC22A3,6,160822675,aligned,1.0,1.0,2,LUSC,-2.757,-0.799,0.7103,False,False
rs3105751,SLC22A3,6,160822675,aligned,1.0,1.0,2,SCLC,-4.99,-1.693,0.6608,False,False
rs3105751,SLC22A3,6,160822675,aligned,1.0,1.0,2,EC,1.84,0.627,0.6594,False,False
rs3105751,SLC22A3,6,160822675,aligned,1.0,1.0,2,EAC,5.855,3.96,0.3238,True,False
rs3105751,SLC22A3,6,160822675,aligned,1.0,1.0,2,THCA,0.257,-0.415,-0.6134,False,False
rs3105751,SLC22A3,6,160822675,aligned,1.0,1.0,2,RCC,-1.008,-1.844,-0.8303,False,False
rs3105751,SLC22A3,6,160822675,aligned,1.0,1.0,2,PC,4.535,0.301,0.9337,False,False
rs3105751,SLC22A3,6,160822675,aligned,1.0,1.0,2,GC,-3.686,0.778,0.7889,False,False
rs3105751,SLC22A3,6,160822675,aligned,1.0,1.0,2,PRAD,11.386,12.332,-0.0831,True,True
rs12194182,SLC22A3,6,160834515,aligned,1.0,1.0,2,LUAD,-1.365,-1.704,-0.2483,False,False
rs12194182,SLC22A3,6,160834515,aligned,1.0,1.0,2,LUSC,-2.79,-1.024,0.633,False,False
rs12194182,SLC22A3,6,160834515,aligned,1.0,1.0,2,SCLC,-5.027,-1.577,0.6864,False,False
rs12194182,SLC22A3,6,160834515,aligned,1.0,1.0,2,EC,1.742,0.641,0.6318,False,False
rs12194182,SLC22A3,6,160834515,aligned,1.0,1.0,2,EAC,5.621,3.812,0.3217,True,False
rs12194182,SLC22A3,6,160834515,aligned,1.0,1.0,2,THCA,0.206,-0.643,-2.1207,False,False
rs12194182,SLC22A3,6,160834515,aligned,1.0,1.0,2,RCC,-0.892,-1.57,-0.76,False,False
rs12194182,SLC22A3,6,160834515,aligned,1.0,1.0,2,PC,4.187,0.31,0.926,False,False
rs12194182,SLC22A3,6,160834515,aligned,1.0,1.0,2,GC,-3.183,1.15,0.6386,False,False
rs12194182,SLC22A3,6,160834515,aligned,1.0,1.0,2,PRAD,10.939,11.906,-0.0884,True,True
rs3918286,SLC22A3,6,160868668,aligned,1.0,1.0,2,LUAD,-1.355,-1.634,-0.2056,False,False
rs3918286,SLC22A3,6,160868668,aligned,1.0,1.0,2,LUSC,-3.189,-2.657,0.1669,False,False
rs3918286,SLC22A3,6,160868668,aligned,1.0,1.0,2,SCLC,-4.136,-0.929,0.7754,False,False
rs3918286,SLC22A3,6,160868668,aligned,1.0,1.0,2,EC,2.034,0.194,0.9047,False,False
rs3918286,SLC22A3,6,160868668,aligned,1.0,1.0,2,EAC,5.714,4.162,0.2716,True,False
rs3918286,SLC22A3,6,160868668,aligned,1.0,1.0,2,THCA,1.846,0.747,0.5952,False,False
rs3918286,SLC22A3,6,160868668,aligned,1.0,1.0,2,RCC,0.463,-0.191,0.5873,False,False
rs3918286,SLC22A3,6,160868668,aligned,1.0,1.0,2,PC,4.221,-0.024,0.9942,False,False
rs3918286,SLC22A3,6,160868668,aligned,1.0,1.0,2,GC,-3.002,1.151,0.6167,False,False
rs3918286,SLC22A3,6,160868668,aligned,1.0,1.0,2,PRAD,10.39,11.145,-0.0726,True,True
rs10950407,MIR4655,7,1895666,aligned,1.0,1.0,2,LUAD,4.53,2.026,0.5527,False,False
rs10950407,MIR4655,7,1895666,aligned,1.0,1.0,2,LUSC,3.927,0.941,0.7604,False,False
rs10950407,MIR4655,7,1895666,aligned,1.0,1.0,2,SCLC,1.096,0.024,0.9784,False,False
rs10950407,MIR4655,7,1895666,aligned,1.0,1.0,2,EC,5.819,0.079,0.9865,True,False
rs10950407,MIR4655,7,1895666,aligned,1.0,1.0,2,EAC,2.964,1.92,0.3524,False,False
rs10950407,MIR4655,7,1895666,aligned,1.0,1.0,2,THCA,5.144,1.369,0.7338,False,False
rs10950407,MIR4655,7,1895666,aligned,1.0,1.0,2,RCC,8.593,8.462,0.0152,True,True
rs10950407,MIR4655,7,1895666,aligned,1.0,1.0,2,PC,3.876,2.589,0.3319,False,False
rs10950407,MIR4655,7,1895666,aligned,1.0,1.0,2,GC,-1.021,0.443,0.5663,False,False
rs10950407,MIR4655,7,1895666,aligned,1.0,1.0,2,PRAD,4.097,3.766,0.0808,False,False
rs10269191,MIR4655,7,1915731,aligned,1.0,-1.0,2,LUAD,4.827,2.154,0.5538,False,False
rs10269191,MIR4655,7,1915731,aligned,1.0,-1.0,2,LUSC,3.777,0.316,0.9163,False,False
rs10269191,MIR4655,7,1915731,aligned,1.0,-1.0,2,SCLC,0.948,0.014,0.985,False,False
rs10269191,MIR4655,7,1915731,aligned,1.0,-1.0,2,EC,6.044,-0.101,0.9833,True,False
rs10269191,MIR4655,7,1915731,aligned,1.0,-1.0,2,EAC,2.852,1.793,0.3714,False,False
rs10269191,MIR4655,7,1915731,aligned,1.0,-1.0,2,THCA,5.345,1.121,0.7903,False,False
rs10269191,MIR4655,7,1915731,aligned,1.0,-1.0,2,RCC,9.455,9.493,-0.004,True,True
rs10269191,MIR4655,7,1915731,aligned,1.0,-1.0,2,PC,3.686,2.498,0.3222,False,False
rs10269191,MIR4655,7,1915731,aligned,1.0,-1.0,2,GC,-1.649,-0.075,0.9547,False,False
rs10269191,MIR4655,7,1915731,aligned,1.0,-1.0,2,PRAD,4.224,3.808,0.0986,False,False
rs12532128,MIR4655,7,1925454,aligned,1.0,1.0,3,LUAD,4.934,2.117,0.571,False,False
rs12532128,MIR4655,7,1925454,aligned,1.0,1.0,3,LUSC,3.671,0.089,0.9757,False,False
rs12532128,MIR4655,7,1925454,aligned,1.0,1.0,3,SCLC,0.454,-0.334,0.264,False,False
rs12532128,MIR4655,7,1925454,aligned,1.0,1.0,3,EC,6.724,0.251,0.9626,True,False
rs12532128,MIR4655,7,1925454,aligned,1.0,1.0,3,EAC,3.532,2.272,0.3567,False,False
rs12532128,MIR4655,7,1925454,aligned,1.0,1.0,3,THCA,5.947,1.316,0.7787,True,False
rs12532128,MIR4655,7,1925454,aligned,1.0,1.0,3,RCC,9.883,9.777,0.0107,True,True
rs12532128,MIR4655,7,1925454,aligned,1.0,1.0,3,PC,4.481,2.871,0.3594,False,False
rs12532128,MIR4655,7,1925454,aligned,1.0,1.0,3,GC,-1.875,0.078,0.9582,False,False
rs12532128,MIR4655,7,1925454,aligned,1.0,1.0,3,PRAD,5.259,4.858,0.0763,False,False
rs12667688,MIR4655,7,1931030,aligned,1.0,1.0,3,LUAD,4.804,2.073,0.5685,False,False
rs12667688,MIR4655,7,1931030,aligned,1.0,1.0,3,LUSC,3.825,0.411,0.8925,False,False
rs12667688,MIR4655,7,1931030,aligned,1.0,1.0,3,SCLC,0.968,-0.235,0.7572,False,False
rs12667688,MIR4655,7,1931030,aligned,1.0,1.0,3,EC,6.652,0.312,0.9531,True,False
rs12667688,MIR4655,7,1931030,aligned,1.0,1.0,3,EAC,3.2,1.967,0.3853,False,False
rs12667688,MIR4655,7,1931030,aligned,1.0,1.0,3,THCA,6.075,2.16,0.6444,True,False
rs12667688,MIR4655,7,1931030,aligned,1.0,1.0,3,RCC,9.68,9.39,0.03,True,True
rs12667688,MIR4655,7,1931030,aligned,1.0,1.0,3,PC,4.57,2.84,0.3787,False,False
rs12667688,MIR4655,7,1931030,aligned,1.0,1.0,3,GC,-1.501,0.1,0.9331,False,False
rs12667688,MIR4655,7,1931030,aligned,1.0,1.0,3,PRAD,4.913,4.491,0.0859,False,False
rs34922657,MIR4655,7,1938655,aligned,1.0,1.0,3,LUAD,4.729,1.942,0.5894,False,False
rs34922657,MIR4655,7,1938655,aligned,1.0,1.0,3,LUSC,3.863,0.303,0.9215,False,False
rs34922657,MIR4655,7,1938655,aligned,1.0,1.0,3,SCLC,1.169,-0.012,0.9895,False,False
rs34922657,MIR4655,7,1938655,aligned,1.0,1.0,3,EC,6.725,0.164,0.9756,True,False
rs34922657,MIR4655,7,1938655,aligned,1.0,1.0,3,EAC,3.639,2.473,0.3203,False,False
rs34922657,MIR4655,7,1938655,aligned,1.0,1.0,3,THCA,6.078,2.064,0.6604,True,False
rs34922657,MIR4655,7,1938655,aligned,1.0,1.0,3,RCC,9.927,9.73,0.0199,True,True
rs34922657,MIR4655,7,1938655,aligned,1.0,1.0,3,PC,4.185,2.278,0.4556,False,False
rs34922657,MIR4655,7,1938655,aligned,1.0,1.0,3,GC,-1.597,0.086,0.9459,False,False
rs34922657,MIR4655,7,1938655,aligned,1.0,1.0,3,PRAD,4.905,4.474,0.0878,False,False
rs12537914,MIR4655,7,1948359,aligned,1.0,1.0,3,LUAD,4.441,1.677,0.6224,False,False
rs12537914,MIR4655,7,1948359,aligned,1.0,1.0,3,LUSC,3.628,0.257,0.9292,False,False
rs12537914,MIR4655,7,1948359,aligned,1.0,1.0,3,SCLC,0.87,-0.168,0.8073,False,False
rs12537914,MIR4655,7,1948359,aligned,1.0,1.0,3,EC,6.602,0.449,0.932,True,False
rs12537914,MIR4655,7,1948359,aligned,1.0,1.0,3,EAC,3.619,2.422,0.3307,False,False
rs12537914,MIR4655,7,1948359,aligned,1.0,1.0,3,THCA,5.652,1.742,0.6918,True,False
rs12537914,MIR4655,7,1948359,aligned,1.0,1.0,3,RCC,9.534,9.374,0.0167,True,True
rs12537914,MIR4655,7,1948359,aligned,1.0,1.0,3,PC,4.032,2.286,0.433,False,False
rs12537914,MIR4655,7,1948359,aligned,1.0,1.0,3,GC,-1.779,-0.157,0.9117,False,False
rs12537914,MIR4655,7,1948359,aligned,1.0,1.0,3,PRAD,4.744,4.297,0.0942,False,False
rs6950151,MIR4655,7,1953521,aligned,1.0,-1.0,2,LUAD,4.267,1.794,0.5795,False,False
rs6950151,MIR4655,7,1953521,aligned,1.0,-1.0,2,LUSC,3.702,0.655,0.823,False,False
rs6950151,MIR4655,7,1953521,aligned,1.0,-1.0,2,SCLC,1.314,0.308,0.7654,False,False
rs6950151,MIR4655,7,1953521,aligned,1.0,-1.0,2,EC,5.606,-0.008,0.9986,True,False
rs6950151,MIR4655,7,1953521,aligned,1.0,-1.0,2,EAC,3.038,2.047,0.3262,False,False
rs6950151,MIR4655,7,1953521,aligned,1.0,-1.0,2,THCA,4.823,1.253,0.7403,False,False
rs6950151,MIR4655,7,1953521,aligned,1.0,-1.0,2,RCC,8.586,8.582,0.0005,True,True
rs6950151,MIR4655,7,1953521,aligned,1.0,-1.0,2,PC,3.343,2.082,0.3771,False,False
rs6950151,MIR4655,7,1953521,aligned,1.0,-1.0,2,GC,-1.494,-0.156,0.8957,False,False
rs6950151,MIR4655,7,1953521,aligned,1.0,-1.0,2,PRAD,3.745,3.346,0.1065,False,False
rs4721190,MIR4655,7,1954732,aligned,1.0,-1.0,2,LUAD,4.293,1.739,0.595,False,False
rs4721190,MIR4655,7,1954732,aligned,1.0,-1.0,2,LUSC,3.778,0.61,0.8386,False,False
rs4721190,MIR4655,7,1954732,aligned,1.0,-1.0,2,SCLC,1.446,0.383,0.7354,False,False
rs4721190,MIR4655,7,1954732,aligned,1.0,-1.0,2,EC,5.775,-0.015,0.9974,True,False
rs4721190,MIR4655,7,1954732,aligned,1.0,-1.0,2,EAC,3.132,2.166,0.3083,False,False
rs4721190,MIR4655,7,1954732,aligned,1.0,-1.0,2,THCA,5.047,1.398,0.723,False,False
rs4721190,MIR4655,7,1954732,aligned,1.0,-1.0,2,RCC,8.889,8.885,0.0005,True,True
rs4721190,MIR4655,7,1954732,aligned,1.0,-1.0,2,PC,3.168,1.772,0.4405,False,False
rs4721190,MIR4655,7,1954732,aligned,1.0,-1.0,2,GC,-1.464,-0.138,0.9055,False,False
rs4721190,MIR4655,7,1954732,aligned,1.0,-1.0,2,PRAD,3.737,3.338,0.1068,False,False
rs12536062,MIR4655,7,1958672,aligned,1.0,1.0,3,LUAD,4.677,1.833,0.608,False,False
rs12536062,MIR4655,7,1958672,aligned,1.0,1.0,3,LUSC,3.911,0.61,0.8441,False,False
rs12536062,MIR4655,7,1958672,aligned,1.0,1.0,3,SCLC,0.935,-0.031,0.9664,False,False
rs12536062,MIR4655,7,1958672,aligned,1.0,1.0,3,EC,6.559,0.219,0.9666,True,False
rs12536062,MIR4655,7,1958672,aligned,1.0,1.0,3,EAC,3.654,2.407,0.3412,False,False
rs12536062,MIR4655,7,1958672,aligned,1.0,1.0,3,THCA,5.542,1.518,0.7262,True,False
rs12536062,MIR4655,7,1958672,aligned,1.0,1.0,3,RCC,9.579,9.459,0.0126,True,True
rs12536062,MIR4655,7,1958672,aligned,1.0,1.0,3,PC,4.086,2.374,0.4192,False,False
rs12536062,MIR4655,7,1958672,aligned,1.0,1.0,3,GC,-1.755,0.012,0.9934,False,False
rs12536062,MIR4655,7,1958672,aligned,1.0,1.0,3,PRAD,4.988,4.611,0.0754,False,False
rs13244345,MIR4655,7,1973004,aligned,1.0,-1.0,2,LUAD,4.512,1.834,0.5936,False,False
rs13244345,MIR4655,7,1973004,aligned,1.0,-1.0,2,LUSC,3.805,0.64,0.8318,False,False
rs13244345,MIR4655,7,1973004,aligned,1.0,-1.0,2,SCLC,1.119,0.339,0.6969,False,False
rs13244345,MIR4655,7,1973004,aligned,1.0,-1.0,2,EC,5.665,-0.156,0.9724,True,False
rs13244345,MIR4655,7,1973004,aligned,1.0,-1.0,2,EAC,2.72,1.619,0.4047,False,False
rs13244345,MIR4655,7,1973004,aligned,1.0,-1.0,2,THCA,4.965,1.101,0.7783,False,False
rs13244345,MIR4655,7,1973004,aligned,1.0,-1.0,2,RCC,8.994,9.069,-0.0083,True,True
rs13244345,MIR4655,7,1973004,aligned,1.0,-1.0,2,PC,3.493,2.417,0.308,False,False
rs13244345,MIR4655,7,1973004,aligned,1.0,-1.0,2,GC,-1.48,-0.007,0.9952,False,False
rs13244345,MIR4655,7,1973004,aligned,1.0,-1.0,2,PRAD,4.043,3.719,0.0802,False,False
rs11557347,MIR4655,7,1979741,aligned,1.0,-1.0,2,LUAD,4.362,1.751,0.5986,False,False
rs11557347,MIR4655,7,1979741,aligned,1.0,-1.0,2,LUSC,3.509,0.085,0.9759,False,False
rs11557347,MIR4655,7,1979741,aligned,1.0,-1.0,2,SCLC,0.696,-0.005,0.9922,False,False
rs11557347,MIR4655,7,1979741,aligned,1.0,-1.0,2,EC,5.613,-0.178,0.9683,True,False
rs11557347,MIR4655,7,1979741,aligned,1.0,-1.0,2,EAC,2.289,1.359,0.4064,False,False
rs11557347,MIR4655,7,1979741,aligned,1.0,-1.0,2,THCA,5.103,1.165,0.7717,False,False
rs11557347,MIR4655,7,1979741,aligned,1.0,-1.0,2,RCC,8.961,9.089,-0.0143,True,True
rs11557347,MIR4655,7,1979741,aligned,1.0,-1.0,2,PC,3.484,2.685,0.2292,False,False
rs11557347,MIR4655,7,1979741,aligned,1.0,-1.0,2,GC,-0.532,1.055,-0.9829,False,False
rs11557347,MIR4655,7,1979741,aligned,1.0,-1.0,2,PRAD,3.766,3.477,0.0767,False,False
rs10950473,MIR4655,7,1999453,aligned,1.0,1.0,3,LUAD,4.633,2.013,0.5656,False,False
rs10950473,MIR4655,7,1999453,aligned,1.0,1.0,3,LUSC,3.529,-0.153,0.9568,False,False
rs10950473,MIR4655,7,1999453,aligned,1.0,1.0,3,SCLC,0.887,-0.12,0.8644,False,False
rs10950473,MIR4655,7,1999453,aligned,1.0,1.0,3,EC,6.451,0.245,0.962,True,False
rs10950473,MIR4655,7,1999453,aligned,1.0,1.0,3,EAC,3.491,2.444,0.3001,False,False
rs10950473,MIR4655,7,1999453,aligned,1.0,1.0,3,THCA,5.532,1.62,0.7072,True,False
rs10950473,MIR4655,7,1999453,aligned,1.0,1.0,3,RCC,9.554,9.467,0.0091,True,True
rs10950473,MIR4655,7,1999453,aligned,1.0,1.0,3,PC,3.912,2.32,0.407,False,False
rs10950473,MIR4655,7,1999453,aligned,1.0,1.0,3,GC,-1.592,0.036,0.9774,False,False
rs10950473,MIR4655,7,1999453,aligned,1.0,1.0,3,PRAD,4.518,4.046,0.1044,False,False
rs4721264,SNORA114,7,2012997,aligned,1.0,1.0,3,LUAD,4.575,2.02,0.5585,False,False
rs4721264,SNORA114,7,2012997,aligned,1.0,1.0,3,LUSC,3.649,0.007,0.9981,False,False
rs4721264,SNORA114,7,2012997,aligned,1.0,1.0,3,SCLC,1.02,-0.432,0.5764,False,False
rs4721264,SNORA114,7,2012997,aligned,1.0,1.0,3,EC,6.575,0.637,0.9032,True,False
rs4721264,SNORA114,7,2012997,aligned,1.0,1.0,3,EAC,3.249,2.316,0.2871,False,False
rs4721264,SNORA114,7,2012997,aligned,1.0,1.0,3,THCA,5.557,1.91,0.6563,True,False
rs4721264,SNORA114,7,2012997,aligned,1.0,1.0,3,RCC,9.366,9.16,0.022,True,True
rs4721264,SNORA114,7,2012997,aligned,1.0,1.0,3,PC,3.821,2.303,0.3972,False,False
rs4721264,SNORA114,7,2012997,aligned,1.0,1.0,3,GC,-1.254,-0.007,0.9946,False,False
rs4721264,SNORA114,7,2012997,aligned,1.0,1.0,3,PRAD,3.82,3.25,0.1491,False,False
rs4721282,SNORA114,7,2025040,aligned,1.0,1.0,2,LUAD,4.4,1.838,0.5822,False,False
rs4721282,SNORA114,7,2025040,aligned,1.0,1.0,2,LUSC,3.587,0.157,0.9563,False,False
rs4721282,SNORA114,7,2025040,aligned,1.0,1.0,2,SCLC,0.969,-0.218,0.7752,False,False
rs4721282,SNORA114,7,2025040,aligned,1.0,1.0,2,EC,6.344,0.712,0.8877,True,False
rs4721282,SNORA114,7,2025040,aligned,1.0,1.0,2,EAC,3.088,2.052,0.3355,False,False
rs4721282,SNORA114,7,2025040,aligned,1.0,1.0,2,THCA,5.368,1.71,0.6814,False,False
rs4721282,SNORA114,7,2025040,aligned,1.0,1.0,2,RCC,9.07,8.899,0.0189,True,True
rs4721282,SNORA114,7,2025040,aligned,1.0,1.0,2,PC,3.838,2.502,0.3482,False,False
rs4721282,SNORA114,7,2025040,aligned,1.0,1.0,2,GC,-1.343,-0.086,0.9363,False,False
rs4721282,SNORA114,7,2025040,aligned,1.0,1.0,2,PRAD,3.821,3.3,0.1364,False,False
rs4721287,SNORA114,7,2028663,aligned,1.0,1.0,2,LUAD,4.471,1.871,0.5815,False,False
rs4721287,SNORA114,7,2028663,aligned,1.0,1.0,2,LUSC,3.593,0.153,0.9575,False,False
rs4721287,SNORA114,7,2028663,aligned,1.0,1.0,2,SCLC,0.937,-0.112,0.8808,False,False
rs4721287,SNORA114,7,2028663,aligned,1.0,1.0,2,EC,6.384,0.63,0.9013,True,False
rs4721287,SNORA114,7,2028663,aligned,1.0,1.0,2,EAC,3.191,2.095,0.3435,False,False
rs4721287,SNORA114,7,2028663,aligned,1.0,1.0,2,THCA,5.43,1.684,0.6899,False,False
rs4721287,SNORA114,7,2028663,aligned,1.0,1.0,2,RCC,9.176,9.006,0.0185,True,True
rs4721287,SNORA114,7,2028663,aligned,1.0,1.0,2,PC,3.886,2.449,0.3698,False,False
rs4721287,SNORA114,7,2028663,aligned,1.0,1.0,2,GC,-1.466,-0.067,0.954,False,False
rs4721287,SNORA114,7,2028663,aligned,1.0,1.0,2,PRAD,4.138,3.668,0.1136,False,False
rs847560,LMTK2,7,97687986,reversed (MTAG-inferred),-1.0,-1.0,2,LUAD,0.952,-0.306,0.679,False,False
rs847560,LMTK2,7,97687986,reversed (MTAG-inferred),-1.0,-1.0,2,LUSC,-1.249,0.323,0.7413,False,False
rs847560,LMTK2,7,97687986,reversed (MTAG-inferred),-1.0,-1.0,2,SCLC,-4.215,-1.387,0.6709,False,False
rs847560,LMTK2,7,97687986,reversed (MTAG-inferred),-1.0,-1.0,2,EC,2.901,0.702,0.7581,False,False
rs847560,LMTK2,7,97687986,reversed (MTAG-inferred),-1.0,-1.0,2,EAC,2.87,0.429,0.8505,False,False
rs847560,LMTK2,7,97687986,reversed (MTAG-inferred),-1.0,-1.0,2,THCA,1.622,0.391,0.7588,False,False
rs847560,LMTK2,7,97687986,reversed (MTAG-inferred),-1.0,-1.0,2,RCC,1.807,0.781,0.5679,False,False
rs847560,LMTK2,7,97687986,reversed (MTAG-inferred),-1.0,-1.0,2,PC,3.267,-1.074,0.6711,False,False
rs847560,LMTK2,7,97687986,reversed (MTAG-inferred),-1.0,-1.0,2,GC,-6.085,-1.609,0.7356,True,False
rs847560,LMTK2,7,97687986,reversed (MTAG-inferred),-1.0,-1.0,2,PRAD,11.735,12.653,-0.0783,True,True
rs13240869,LMTK2,7,97694493,reversed (MTAG-inferred),-1.0,-1.0,2,LUAD,-0.693,0.594,0.1419,False,False
rs13240869,LMTK2,7,97694493,reversed (MTAG-inferred),-1.0,-1.0,2,LUSC,1.122,-0.678,0.3962,False,False
rs13240869,LMTK2,7,97694493,reversed (MTAG-inferred),-1.0,-1.0,2,SCLC,4.213,1.818,0.5686,False,False
rs13240869,LMTK2,7,97694493,reversed (MTAG-inferred),-1.0,-1.0,2,EC,-2.861,-0.635,0.7779,False,False
rs13240869,LMTK2,7,97694493,reversed (MTAG-inferred),-1.0,-1.0,2,EAC,-2.969,-0.624,0.7898,False,False
rs13240869,LMTK2,7,97694493,reversed (MTAG-inferred),-1.0,-1.0,2,THCA,-1.456,-0.344,0.7641,False,False
rs13240869,LMTK2,7,97694493,reversed (MTAG-inferred),-1.0,-1.0,2,RCC,-1.69,-0.714,0.5776,False,False
rs13240869,LMTK2,7,97694493,reversed (MTAG-inferred),-1.0,-1.0,2,PC,-3.305,0.941,0.7151,False,False
rs13240869,LMTK2,7,97694493,reversed (MTAG-inferred),-1.0,-1.0,2,GC,5.85,1.624,0.7224,True,False
rs13240869,LMTK2,7,97694493,reversed (MTAG-inferred),-1.0,-1.0,2,PRAD,-11.316,-12.176,-0.076,True,True
rs12670686,LMTK2,7,97708397,reversed (MTAG-inferred),-1.0,-1.0,2,LUAD,-0.497,0.724,-0.4555,False,False
rs12670686,LMTK2,7,97708397,reversed (MTAG-inferred),-1.0,-1.0,2,LUSC,1.327,-0.564,0.5754,False,False
rs12670686,LMTK2,7,97708397,reversed (MTAG-inferred),-1.0,-1.0,2,SCLC,4.168,1.744,0.5816,False,False
rs12670686,LMTK2,7,97708397,reversed (MTAG-inferred),-1.0,-1.0,2,EC,-2.622,-0.406,0.845,False,False
rs12670686,LMTK2,7,97708397,reversed (MTAG-inferred),-1.0,-1.0,2,EAC,-3.071,-0.708,0.7695,False,False
rs12670686,LMTK2,7,97708397,reversed (MTAG-inferred),-1.0,-1.0,2,THCA,-1.436,-0.395,0.7249,False,False
rs12670686,LMTK2,7,97708397,reversed (MTAG-inferred),-1.0,-1.0,2,RCC,-1.54,-0.59,0.6168,False,False
rs12670686,LMTK2,7,97708397,reversed (MTAG-inferred),-1.0,-1.0,2,PC,-3.495,0.798,0.7717,False,False
rs12670686,LMTK2,7,97708397,reversed (MTAG-inferred),-1.0,-1.0,2,GC,6.205,2.01,0.676,True,False
rs12670686,LMTK2,7,97708397,reversed (MTAG-inferred),-1.0,-1.0,2,PRAD,-11.374,-12.214,-0.0739,True,True
rs7808528,LMTK2,7,97721425,reversed (MTAG-inferred),-1.0,-1.0,2,LUAD,-0.607,0.76,-0.252,False,False
rs7808528,LMTK2,7,97721425,reversed (MTAG-inferred),-1.0,-1.0,2,LUSC,1.464,-0.245,0.8328,False,False
rs7808528,LMTK2,7,97721425,reversed (MTAG-inferred),-1.0,-1.0,2,SCLC,4.678,1.91,0.5917,False,False
rs7808528,LMTK2,7,97721425,reversed (MTAG-inferred),-1.0,-1.0,2,EC,-3.022,-0.921,0.6951,False,False
rs7808528,LMTK2,7,97721425,reversed (MTAG-inferred),-1.0,-1.0,2,EAC,-3.227,-0.73,0.7737,False,False
rs7808528,LMTK2,7,97721425,reversed (MTAG-inferred),-1.0,-1.0,2,THCA,-1.27,-0.008,0.9935,False,False
rs7808528,LMTK2,7,97721425,reversed (MTAG-inferred),-1.0,-1.0,2,RCC,-1.772,-0.848,0.5216,False,False
rs7808528,LMTK2,7,97721425,reversed (MTAG-inferred),-1.0,-1.0,2,PC,-3.478,0.759,0.7817,False,False
rs7808528,LMTK2,7,97721425,reversed (MTAG-inferred),-1.0,-1.0,2,GC,6.614,2.179,0.6705,True,False
rs7808528,LMTK2,7,97721425,reversed (MTAG-inferred),-1.0,-1.0,2,PRAD,-11.793,-12.631,-0.071,True,True
rs11768309,LMTK2,7,97773812,reversed (MTAG-inferred),-1.0,-1.0,2,LUAD,-0.825,0.499,0.3957,False,False
rs11768309,LMTK2,7,97773812,reversed (MTAG-inferred),-1.0,-1.0,2,LUSC,1.147,-0.426,0.6289,False,False
rs11768309,LMTK2,7,97773812,reversed (MTAG-inferred),-1.0,-1.0,2,SCLC,4.199,1.733,0.5872,False,False
rs11768309,LMTK2,7,97773812,reversed (MTAG-inferred),-1.0,-1.0,2,EC,-3.202,-0.79,0.7532,False,False
rs11768309,LMTK2,7,97773812,reversed (MTAG-inferred),-1.0,-1.0,2,EAC,-3.371,-0.909,0.7303,False,False
rs11768309,LMTK2,7,97773812,reversed (MTAG-inferred),-1.0,-1.0,2,THCA,-1.861,-0.577,0.69,False,False
rs11768309,LMTK2,7,97773812,reversed (MTAG-inferred),-1.0,-1.0,2,RCC,-2.028,-0.981,0.5165,False,False
rs11768309,LMTK2,7,97773812,reversed (MTAG-inferred),-1.0,-1.0,2,PC,-3.822,0.714,0.8132,False,False
rs11768309,LMTK2,7,97773812,reversed (MTAG-inferred),-1.0,-1.0,2,GC,6.407,2.021,0.6846,True,False
rs11768309,LMTK2,7,97773812,reversed (MTAG-inferred),-1.0,-1.0,2,PRAD,-11.751,-12.554,-0.0684,True,True
rs7804318,LMTK2,7,97796635,reversed (MTAG-inferred),-1.0,-1.0,2,LUAD,-0.643,0.629,0.0217,False,False
rs7804318,LMTK2,7,97796635,reversed (MTAG-inferred),-1.0,-1.0,2,LUSC,1.259,-0.43,0.6585,False,False
rs7804318,LMTK2,7,97796635,reversed (MTAG-inferred),-1.0,-1.0,2,SCLC,4.033,1.648,0.5913,False,False
rs7804318,LMTK2,7,97796635,reversed (MTAG-inferred),-1.0,-1.0,2,EC,-2.824,-0.367,0.87,False,False
rs7804318,LMTK2,7,97796635,reversed (MTAG-inferred),-1.0,-1.0,2,EAC,-3.058,-0.656,0.7854,False,False
rs7804318,LMTK2,7,97796635,reversed (MTAG-inferred),-1.0,-1.0,2,THCA,-1.932,-0.746,0.614,False,False
rs7804318,LMTK2,7,97796635,reversed (MTAG-inferred),-1.0,-1.0,2,RCC,-1.941,-0.946,0.5126,False,False
rs7804318,LMTK2,7,97796635,reversed (MTAG-inferred),-1.0,-1.0,2,PC,-3.712,0.773,0.7917,False,False
rs7804318,LMTK2,7,97796635,reversed (MTAG-inferred),-1.0,-1.0,2,GC,6.357,2.123,0.666,True,False
rs7804318,LMTK2,7,97796635,reversed (MTAG-inferred),-1.0,-1.0,2,PRAD,-11.532,-12.347,-0.0707,True,True
rs7791463,LMTK2,7,97819047,reversed (MTAG-inferred),-1.0,-1.0,2,LUAD,-0.804,0.59,0.2654,False,False
rs7791463,LMTK2,7,97819047,reversed (MTAG-inferred),-1.0,-1.0,2,LUSC,1.133,-0.482,0.5749,False,False
rs7791463,LMTK2,7,97819047,reversed (MTAG-inferred),-1.0,-1.0,2,SCLC,4.307,1.774,0.5882,False,False
rs7791463,LMTK2,7,97819047,reversed (MTAG-inferred),-1.0,-1.0,2,EC,-3.253,-0.828,0.7456,False,False
rs7791463,LMTK2,7,97819047,reversed (MTAG-inferred),-1.0,-1.0,2,EAC,-3.451,-0.946,0.726,False,False
rs7791463,LMTK2,7,97819047,reversed (MTAG-inferred),-1.0,-1.0,2,THCA,-1.817,-0.454,0.7499,False,False
rs7791463,LMTK2,7,97819047,reversed (MTAG-inferred),-1.0,-1.0,2,RCC,-2.069,-1.047,0.494,False,False
rs7791463,LMTK2,7,97819047,reversed (MTAG-inferred),-1.0,-1.0,2,PC,-3.891,0.609,0.8434,False,False
rs7791463,LMTK2,7,97819047,reversed (MTAG-inferred),-1.0,-1.0,2,GC,6.458,1.995,0.691,True,False
rs7791463,LMTK2,7,97819047,reversed (MTAG-inferred),-1.0,-1.0,2,PRAD,-11.851,-12.666,-0.0687,True,True
rs10271646,POT1-AS1,7,124549573,aligned,1.0,1.0,2,LUAD,-4.211,-3.209,0.2379,False,False
rs10271646,POT1-AS1,7,124549573,aligned,1.0,1.0,2,LUSC,-2.934,-0.373,0.873,False,False
rs10271646,POT1-AS1,7,124549573,aligned,1.0,1.0,2,SCLC,-2.256,-0.184,0.9184,False,False
rs10271646,POT1-AS1,7,124549573,aligned,1.0,1.0,2,EC,-3.706,0.882,0.7621,False,False
rs10271646,POT1-AS1,7,124549573,aligned,1.0,1.0,2,EAC,0.249,0.472,-0.8938,False,False
rs10271646,POT1-AS1,7,124549573,aligned,1.0,1.0,2,THCA,-5.46,-3.812,0.3019,True,False
rs10271646,POT1-AS1,7,124549573,aligned,1.0,1.0,2,RCC,-6.378,-5.625,0.1181,True,True
rs10271646,POT1-AS1,7,124549573,aligned,1.0,1.0,2,PC,-2.555,-1.03,0.5968,False,False
rs10271646,POT1-AS1,7,124549573,aligned,1.0,1.0,2,GC,-0.64,-0.762,-0.1909,False,False
rs10271646,POT1-AS1,7,124549573,aligned,1.0,1.0,2,PRAD,-2.105,-1.844,0.1241,False,False
rs7835802,NKX3-1,8,23495136,mixed,-0.3333,-0.3333,3,LUAD,-0.563,0.925,-0.6417,False,False
rs7835802,NKX3-1,8,23495136,mixed,-0.3333,-0.3333,3,LUSC,2.503,0.515,0.7942,False,False
rs7835802,NKX3-1,8,23495136,mixed,-0.3333,-0.3333,3,SCLC,7.053,2.739,0.6117,True,False
rs7835802,NKX3-1,8,23495136,mixed,-0.3333,-0.3333,3,EC,-3.017,-1.804,0.4021,False,False
rs7835802,NKX3-1,8,23495136,mixed,-0.3333,-0.3333,3,EAC,-2.386,0.624,0.7385,False,False
rs7835802,NKX3-1,8,23495136,mixed,-0.3333,-0.3333,3,THCA,-0.174,1.428,-7.2315,False,False
rs7835802,NKX3-1,8,23495136,mixed,-0.3333,-0.3333,3,RCC,-1.154,-0.298,0.7416,False,False
rs7835802,NKX3-1,8,23495136,mixed,-0.3333,-0.3333,3,PC,-3.509,-0.056,0.984,False,False
rs7835802,NKX3-1,8,23495136,mixed,-0.3333,-0.3333,3,GC,5.829,1.4,0.7598,True,False
rs7835802,NKX3-1,8,23495136,mixed,-0.3333,-0.3333,3,PRAD,-13.488,-14.628,-0.0844,True,True
rs7829619,NKX3-1,8,23499264,mixed,-0.3333,-0.3333,3,LUAD,-0.616,0.954,-0.5482,False,False
rs7829619,NKX3-1,8,23499264,mixed,-0.3333,-0.3333,3,LUSC,2.372,0.327,0.8622,False,False
rs7829619,NKX3-1,8,23499264,mixed,-0.3333,-0.3333,3,SCLC,7.047,2.644,0.6248,True,False
rs7829619,NKX3-1,8,23499264,mixed,-0.3333,-0.3333,3,EC,-3.077,-1.898,0.3833,False,False
rs7829619,NKX3-1,8,23499264,mixed,-0.3333,-0.3333,3,EAC,-2.464,0.63,0.7442,False,False
rs7829619,NKX3-1,8,23499264,mixed,-0.3333,-0.3333,3,THCA,-0.075,1.607,-20.4432,False,False
rs7829619,NKX3-1,8,23499264,mixed,-0.3333,-0.3333,3,RCC,-1.186,-0.35,0.705,False,False
rs7829619,NKX3-1,8,23499264,mixed,-0.3333,-0.3333,3,PC,-3.51,-0.107,0.9696,False,False
rs7829619,NKX3-1,8,23499264,mixed,-0.3333,-0.3333,3,GC,5.993,1.524,0.7456,True,False
rs7829619,NKX3-1,8,23499264,mixed,-0.3333,-0.3333,3,PRAD,-13.588,-14.741,-0.0849,True,True
rs1398240,NKX3-1,8,23501606,mixed,-0.3333,-0.3333,3,LUAD,-0.639,0.907,-0.4204,False,False
rs1398240,NKX3-1,8,23501606,mixed,-0.3333,-0.3333,3,LUSC,2.34,0.348,0.8511,False,False
rs1398240,NKX3-1,8,23501606,mixed,-0.3333,-0.3333,3,SCLC,6.85,2.499,0.6352,True,False
rs1398240,NKX3-1,8,23501606,mixed,-0.3333,-0.3333,3,EC,-3.175,-1.771,0.4422,False,False
rs1398240,NKX3-1,8,23501606,mixed,-0.3333,-0.3333,3,EAC,-2.64,0.462,0.8249,False,False
rs1398240,NKX3-1,8,23501606,mixed,-0.3333,-0.3333,3,THCA,-0.518,1.237,-1.3866,False,False
rs1398240,NKX3-1,8,23501606,mixed,-0.3333,-0.3333,3,RCC,-1.351,-0.422,0.6879,False,False
rs1398240,NKX3-1,8,23501606,mixed,-0.3333,-0.3333,3,PC,-3.725,0.014,0.9962,False,False
rs1398240,NKX3-1,8,23501606,mixed,-0.3333,-0.3333,3,GC,6.007,1.509,0.7489,True,False
rs1398240,NKX3-1,8,23501606,mixed,-0.3333,-0.3333,3,PRAD,-13.808,-14.959,-0.0833,True,True
rs13256300,NKX3-1,8,23502588,mixed,-0.3333,-0.3333,3,LUAD,-0.661,0.866,-0.3109,False,False
rs13256300,NKX3-1,8,23502588,mixed,-0.3333,-0.3333,3,LUSC,2.342,0.35,0.8505,False,False
rs13256300,NKX3-1,8,23502588,mixed,-0.3333,-0.3333,3,SCLC,6.847,2.501,0.6347,True,False
rs13256300,NKX3-1,8,23502588,mixed,-0.3333,-0.3333,3,EC,-3.145,-1.742,0.4459,False,False
rs13256300,NKX3-1,8,23502588,mixed,-0.3333,-0.3333,3,EAC,-2.622,0.47,0.8209,False,False
rs13256300,NKX3-1,8,23502588,mixed,-0.3333,-0.3333,3,THCA,-0.48,1.259,-1.6221,False,False
rs13256300,NKX3-1,8,23502588,mixed,-0.3333,-0.3333,3,RCC,-1.322,-0.394,0.702,False,False
rs13256300,NKX3-1,8,23502588,mixed,-0.3333,-0.3333,3,PC,-3.718,0.01,0.9974,False,False
rs13256300,NKX3-1,8,23502588,mixed,-0.3333,-0.3333,3,GC,6.01,1.513,0.7483,True,False
rs13256300,NKX3-1,8,23502588,mixed,-0.3333,-0.3333,3,PRAD,-13.793,-14.943,-0.0834,True,True
rs4872171,NKX3-1,8,23514289,mixed,-0.3333,-0.3333,3,LUAD,-0.719,0.845,-0.1747,False,False
rs4872171,NKX3-1,8,23514289,mixed,-0.3333,-0.3333,3,LUSC,2.342,0.355,0.8486,False,False
rs4872171,NKX3-1,8,23514289,mixed,-0.3333,-0.3333,3,SCLC,6.987,2.584,0.6302,True,False
rs4872171,NKX3-1,8,23514289,mixed,-0.3333,-0.3333,3,EC,-3.136,-1.832,0.4157,False,False
rs4872171,NKX3-1,8,23514289,mixed,-0.3333,-0.3333,3,EAC,-2.548,0.561,0.7797,False,False
rs4872171,NKX3-1,8,23514289,mixed,-0.3333,-0.3333,3,THCA,-0.193,1.512,-6.8433,False,False
rs4872171,NKX3-1,8,23514289,mixed,-0.3333,-0.3333,3,RCC,-1.291,-0.43,0.6666,False,False
rs4872171,NKX3-1,8,23514289,mixed,-0.3333,-0.3333,3,PC,-3.574,-0.06,0.9833,False,False
rs4872171,NKX3-1,8,23514289,mixed,-0.3333,-0.3333,3,GC,6.05,1.525,0.748,True,False
rs4872171,NKX3-1,8,23514289,mixed,-0.3333,-0.3333,3,PRAD,-13.759,-14.918,-0.0842,True,True
rs13262683,NKX3-1,8,23515679,mixed,-0.3333,-0.3333,3,LUAD,-0.726,0.833,-0.1469,False,False
rs13262683,NKX3-1,8,23515679,mixed,-0.3333,-0.3333,3,LUSC,2.318,0.32,0.8619,False,False
rs13262683,NKX3-1,8,23515679,mixed,-0.3333,-0.3333,3,SCLC,6.96,2.567,0.6312,True,False
rs13262683,NKX3-1,8,23515679,mixed,-0.3333,-0.3333,3,EC,-3.139,-1.843,0.4129,False,False
rs13262683,NKX3-1,8,23515679,mixed,-0.3333,-0.3333,3,EAC,-2.584,0.523,0.7975,False,False
rs13262683,NKX3-1,8,23515679,mixed,-0.3333,-0.3333,3,THCA,-0.174,1.52,-7.748,False,False
rs13262683,NKX3-1,8,23515679,mixed,-0.3333,-0.3333,3,RCC,-1.268,-0.401,0.6841,False,False
rs13262683,NKX3-1,8,23515679,mixed,-0.3333,-0.3333,3,PC,-3.572,-0.048,0.9866,False,False
rs13262683,NKX3-1,8,23515679,mixed,-0.3333,-0.3333,3,GC,6.055,1.531,0.7471,True,False
rs13262683,NKX3-1,8,23515679,mixed,-0.3333,-0.3333,3,PRAD,-13.751,-14.909,-0.0842,True,True
rs11782388,NKX3-1,8,23525358,mixed,-0.3333,-0.3333,3,LUAD,-0.489,1.084,-1.2146,False,False
rs11782388,NKX3-1,8,23525358,mixed,-0.3333,-0.3333,3,LUSC,2.784,0.805,0.7107,False,False
rs11782388,NKX3-1,8,23525358,mixed,-0.3333,-0.3333,3,SCLC,7.314,2.546,0.652,True,False
rs11782388,NKX3-1,8,23525358,mixed,-0.3333,-0.3333,3,EC,-3.35,-1.817,0.4577,False,False
rs11782388,NKX3-1,8,23525358,mixed,-0.3333,-0.3333,3,EAC,-2.978,0.308,0.8966,False,False
rs11782388,NKX3-1,8,23525358,mixed,-0.3333,-0.3333,3,THCA,-0.93,0.972,-0.0453,False,False
rs11782388,NKX3-1,8,23525358,mixed,-0.3333,-0.3333,3,RCC,-1.456,-0.446,0.6939,False,False
rs11782388,NKX3-1,8,23525358,mixed,-0.3333,-0.3333,3,PC,-4.346,-0.245,0.9436,False,False
rs11782388,NKX3-1,8,23525358,mixed,-0.3333,-0.3333,3,GC,6.341,1.386,0.7814,True,False
rs11782388,NKX3-1,8,23525358,mixed,-0.3333,-0.3333,3,PRAD,-14.908,-16.136,-0.0823,True,True
rs4872175,NKX3-1,8,23534802,mixed,-0.3333,-0.3333,3,LUAD,-0.493,1.016,-1.0632,False,False
rs4872175,NKX3-1,8,23534802,mixed,-0.3333,-0.3333,3,LUSC,2.839,0.856,0.6984,False,False
rs4872175,NKX3-1,8,23534802,mixed,-0.3333,-0.3333,3,SCLC,7.383,2.604,0.6473,True,False
rs4872175,NKX3-1,8,23534802,mixed,-0.3333,-0.3333,3,EC,-3.184,-1.657,0.4796,False,False
rs4872175,NKX3-1,8,23534802,mixed,-0.3333,-0.3333,3,EAC,-3.019,0.189,0.9374,False,False
rs4872175,NKX3-1,8,23534802,mixed,-0.3333,-0.3333,3,THCA,-0.564,1.231,-1.1821,False,False
rs4872175,NKX3-1,8,23534802,mixed,-0.3333,-0.3333,3,RCC,-1.301,-0.379,0.709,False,False
rs4872175,NKX3-1,8,23534802,mixed,-0.3333,-0.3333,3,PC,-4.084,-0.116,0.9716,False,False
rs4872175,NKX3-1,8,23534802,mixed,-0.3333,-0.3333,3,GC,6.222,1.192,0.8085,True,False
rs4872175,NKX3-1,8,23534802,mixed,-0.3333,-0.3333,3,PRAD,-14.842,-16.1,-0.0847,True,True
rs1866343,NKX3-1,8,23543583,mixed,-0.3333,-0.3333,3,LUAD,-0.216,1.52,-6.0459,False,False
rs1866343,NKX3-1,8,23543583,mixed,-0.3333,-0.3333,3,LUSC,2.033,0.126,0.9383,False,False
rs1866343,NKX3-1,8,23543583,mixed,-0.3333,-0.3333,3,SCLC,6.078,2.15,0.6462,True,False
rs1866343,NKX3-1,8,23543583,mixed,-0.3333,-0.3333,3,EC,-3.476,-2.128,0.3877,False,False
rs1866343,NKX3-1,8,23543583,mixed,-0.3333,-0.3333,3,EAC,-2.819,0.183,0.9349,False,False
rs1866343,NKX3-1,8,23543583,mixed,-0.3333,-0.3333,3,THCA,-1.273,0.457,0.6408,False,False
rs1866343,NKX3-1,8,23543583,mixed,-0.3333,-0.3333,3,RCC,-1.696,-0.691,0.5926,False,False
rs1866343,NKX3-1,8,23543583,mixed,-0.3333,-0.3333,3,PC,-3.371,0.471,0.8602,False,False
rs1866343,NKX3-1,8,23543583,mixed,-0.3333,-0.3333,3,GC,5.475,1.408,0.7428,True,False
rs1866343,NKX3-1,8,23543583,mixed,-0.3333,-0.3333,3,PRAD,-12.672,-13.698,-0.0809,True,True
rs28615829,PCAT1,8,128018205,reversed (MTAG-inferred),-1.0,-1.0,2,LUAD,-1.66,-0.667,0.5984,False,False
rs28615829,PCAT1,8,128018205,reversed (MTAG-inferred),-1.0,-1.0,2,LUSC,0.94,-1.382,-0.471,False,False
rs28615829,PCAT1,8,128018205,reversed (MTAG-inferred),-1.0,-1.0,2,SCLC,3.801,0.632,0.8337,False,False
rs28615829,PCAT1,8,128018205,reversed (MTAG-inferred),-1.0,-1.0,2,EC,-2.05,0.17,0.9169,False,False
rs28615829,PCAT1,8,128018205,reversed (MTAG-inferred),-1.0,-1.0,2,EAC,-1.525,1.349,0.1154,False,False
rs28615829,PCAT1,8,128018205,reversed (MTAG-inferred),-1.0,-1.0,2,THCA,-2.027,-1.08,0.4671,False,False
rs28615829,PCAT1,8,128018205,reversed (MTAG-inferred),-1.0,-1.0,2,RCC,-1.122,0.251,0.776,False,False
rs28615829,PCAT1,8,128018205,reversed (MTAG-inferred),-1.0,-1.0,2,PC,-4.104,0.323,0.9212,False,False
rs28615829,PCAT1,8,128018205,reversed (MTAG-inferred),-1.0,-1.0,2,GC,5.691,1.559,0.726,True,False
rs28615829,PCAT1,8,128018205,reversed (MTAG-inferred),-1.0,-1.0,2,PRAD,-13.406,-14.691,-0.0959,True,True
rs1487240,PCAT1,8,128021752,reversed (MTAG-inferred),-1.0,-1.0,2,LUAD,-2.019,-1.024,0.4931,False,False
rs1487240,PCAT1,8,128021752,reversed (MTAG-inferred),-1.0,-1.0,2,LUSC,0.493,-1.877,-2.8071,False,False
rs1487240,PCAT1,8,128021752,reversed (MTAG-inferred),-1.0,-1.0,2,SCLC,3.254,-0.313,0.9038,False,False
rs1487240,PCAT1,8,128021752,reversed (MTAG-inferred),-1.0,-1.0,2,EC,-2.356,-0.125,0.947,False,False
rs1487240,PCAT1,8,128021752,reversed (MTAG-inferred),-1.0,-1.0,2,EAC,-2.367,0.8,0.6623,False,False
rs1487240,PCAT1,8,128021752,reversed (MTAG-inferred),-1.0,-1.0,2,THCA,-2.338,-1.286,0.45,False,False
rs1487240,PCAT1,8,128021752,reversed (MTAG-inferred),-1.0,-1.0,2,RCC,-1.024,0.572,0.4411,False,False
rs1487240,PCAT1,8,128021752,reversed (MTAG-inferred),-1.0,-1.0,2,PC,-4.613,0.336,0.9272,False,False
rs1487240,PCAT1,8,128021752,reversed (MTAG-inferred),-1.0,-1.0,2,GC,5.98,1.578,0.7361,True,False
rs1487240,PCAT1,8,128021752,reversed (MTAG-inferred),-1.0,-1.0,2,PRAD,-14.491,-15.904,-0.0975,True,True
rs7823297,PCAT1,8,128025916,reversed (MTAG-inferred),-1.0,-1.0,2,LUAD,-1.626,-0.677,0.584,False,False
rs7823297,PCAT1,8,128025916,reversed (MTAG-inferred),-1.0,-1.0,2,LUSC,0.933,-1.446,-0.5503,False,False
rs7823297,PCAT1,8,128025916,reversed (MTAG-inferred),-1.0,-1.0,2,SCLC,3.762,0.578,0.8465,False,False
rs7823297,PCAT1,8,128025916,reversed (MTAG-inferred),-1.0,-1.0,2,EC,-2.018,0.061,0.9699,False,False
rs7823297,PCAT1,8,128025916,reversed (MTAG-inferred),-1.0,-1.0,2,EAC,-1.685,1.197,0.2898,False,False
rs7823297,PCAT1,8,128025916,reversed (MTAG-inferred),-1.0,-1.0,2,THCA,-1.806,-0.943,0.4777,False,False
rs7823297,PCAT1,8,128025916,reversed (MTAG-inferred),-1.0,-1.0,2,RCC,-0.926,0.454,0.5103,False,False
rs7823297,PCAT1,8,128025916,reversed (MTAG-inferred),-1.0,-1.0,2,PC,-3.976,0.478,0.8799,False,False
rs7823297,PCAT1,8,128025916,reversed (MTAG-inferred),-1.0,-1.0,2,GC,5.795,1.718,0.7035,True,False
rs7823297,PCAT1,8,128025916,reversed (MTAG-inferred),-1.0,-1.0,2,PRAD,-13.344,-14.619,-0.0956,True,True
rs7823764,PCAT1,8,128026262,reversed (MTAG-inferred),-1.0,-1.0,2,LUAD,-1.634,-0.685,0.581,False,False
rs7823764,PCAT1,8,128026262,reversed (MTAG-inferred),-1.0,-1.0,2,LUSC,0.923,-1.454,-0.5753,False,False
rs7823764,PCAT1,8,128026262,reversed (MTAG-inferred),-1.0,-1.0,2,SCLC,3.751,0.58,0.8455,False,False
rs7823764,PCAT1,8,128026262,reversed (MTAG-inferred),-1.0,-1.0,2,EC,-2.007,0.092,0.9539,False,False
rs7823764,PCAT1,8,128026262,reversed (MTAG-inferred),-1.0,-1.0,2,EAC,-1.678,1.197,0.2867,False,False
rs7823764,PCAT1,8,128026262,reversed (MTAG-inferred),-1.0,-1.0,2,THCA,-1.806,-0.941,0.4788,False,False
rs7823764,PCAT1,8,128026262,reversed (MTAG-inferred),-1.0,-1.0,2,RCC,-0.938,0.437,0.5338,False,False
rs7823764,PCAT1,8,128026262,reversed (MTAG-inferred),-1.0,-1.0,2,PC,-3.973,0.476,0.8803,False,False
rs7823764,PCAT1,8,128026262,reversed (MTAG-inferred),-1.0,-1.0,2,GC,5.789,1.714,0.704,True,False
rs7823764,PCAT1,8,128026262,reversed (MTAG-inferred),-1.0,-1.0,2,PRAD,-13.332,-14.607,-0.0956,True,True
rs2124597,PCAT1,8,128028337,reversed (MTAG-inferred),-1.0,1.0,2,LUAD,-1.632,-0.705,0.5677,False,False
rs2124597,PCAT1,8,128028337,reversed (MTAG-inferred),-1.0,1.0,2,LUSC,0.838,-1.342,-0.6013,False,False
rs2124597,PCAT1,8,128028337,reversed (MTAG-inferred),-1.0,1.0,2,SCLC,4.018,0.574,0.8572,False,False
rs2124597,PCAT1,8,128028337,reversed (MTAG-inferred),-1.0,1.0,2,EC,-2.04,0.073,0.9642,False,False
rs2124597,PCAT1,8,128028337,reversed (MTAG-inferred),-1.0,1.0,2,EAC,-1.501,1.216,0.1897,False,False
rs2124597,PCAT1,8,128028337,reversed (MTAG-inferred),-1.0,1.0,2,THCA,-1.997,-0.865,0.567,False,False
rs2124597,PCAT1,8,128028337,reversed (MTAG-inferred),-1.0,1.0,2,RCC,-0.897,0.428,0.5231,False,False
rs2124597,PCAT1,8,128028337,reversed (MTAG-inferred),-1.0,1.0,2,PC,-4.312,0.327,0.9242,False,False
rs2124597,PCAT1,8,128028337,reversed (MTAG-inferred),-1.0,1.0,2,GC,6.872,-0.67,0.9025,True,False
rs2124597,PCAT1,8,128028337,reversed (MTAG-inferred),-1.0,1.0,2,PRAD,-13.205,-14.611,-0.1065,True,True
rs6470494,PCAT2,8,128087904,mixed,-0.3333,-0.3333,3,LUAD,-2.134,-1.071,0.4981,False,False
rs6470494,PCAT2,8,128087904,mixed,-0.3333,-0.3333,3,LUSC,1.789,0.74,0.5865,False,False
rs6470494,PCAT2,8,128087904,mixed,-0.3333,-0.3333,3,SCLC,4.152,-0.712,0.8284,False,False
rs6470494,PCAT2,8,128087904,mixed,-0.3333,-0.3333,3,EC,-2.516,1.121,0.5545,False,False
rs6470494,PCAT2,8,128087904,mixed,-0.3333,-0.3333,3,EAC,-3.197,0.059,0.9814,False,False
rs6470494,PCAT2,8,128087904,mixed,-0.3333,-0.3333,3,THCA,-3.603,-1.326,0.6321,False,False
rs6470494,PCAT2,8,128087904,mixed,-0.3333,-0.3333,3,RCC,-2.686,-1.357,0.4948,False,False
rs6470494,PCAT2,8,128087904,mixed,-0.3333,-0.3333,3,PC,-5.557,-0.297,0.9465,True,False
rs6470494,PCAT2,8,128087904,mixed,-0.3333,-0.3333,3,GC,5.818,0.274,0.9529,True,False
rs6470494,PCAT2,8,128087904,mixed,-0.3333,-0.3333,3,PRAD,-15.921,-17.406,-0.0933,True,True
rs10107982,CASC8,8,128318755,reversed (MTAG-inferred),-1.0,1.0,2,LUAD,-0.031,0.963,-29.656,False,False
rs10107982,CASC8,8,128318755,reversed (MTAG-inferred),-1.0,1.0,2,LUSC,2.301,-0.242,0.8947,False,False
rs10107982,CASC8,8,128318755,reversed (MTAG-inferred),-1.0,1.0,2,SCLC,4.41,0.014,0.9969,False,False
rs10107982,CASC8,8,128318755,reversed (MTAG-inferred),-1.0,1.0,2,EC,-0.551,2.775,-4.0354,False,False
rs10107982,CASC8,8,128318755,reversed (MTAG-inferred),-1.0,1.0,2,EAC,-2.665,0.149,0.9441,False,False
rs10107982,CASC8,8,128318755,reversed (MTAG-inferred),-1.0,1.0,2,THCA,-2.393,-0.684,0.7142,False,False
rs10107982,CASC8,8,128318755,reversed (MTAG-inferred),-1.0,1.0,2,RCC,-1.158,-0.497,0.571,False,False
rs10107982,CASC8,8,128318755,reversed (MTAG-inferred),-1.0,1.0,2,PC,-5.044,-0.388,0.9232,False,False
rs10107982,CASC8,8,128318755,reversed (MTAG-inferred),-1.0,1.0,2,GC,6.291,-0.607,0.9036,True,False
rs10107982,CASC8,8,128318755,reversed (MTAG-inferred),-1.0,1.0,2,PRAD,-14.81,-16.445,-0.1104,True,True
rs10505477,CASC21,8,128407443,mixed,-0.3333,-0.3333,4,LUAD,-2.155,0.163,0.9242,False,False
rs10505477,CASC21,8,128407443,mixed,-0.3333,-0.3333,4,LUSC,2.206,-0.276,0.8748,False,False
rs10505477,CASC21,8,128407443,mixed,-0.3333,-0.3333,4,SCLC,6.71,-1.048,0.8438,True,False
rs10505477,CASC21,8,128407443,mixed,-0.3333,-0.3333,4,EC,-3.094,0.723,0.7662,False,False
rs10505477,CASC21,8,128407443,mixed,-0.3333,-0.3333,4,EAC,-3.607,1.299,0.6398,False,False
rs10505477,CASC21,8,128407443,mixed,-0.3333,-0.3333,4,THCA,-2.755,0.722,0.7381,False,False
rs10505477,CASC21,8,128407443,mixed,-0.3333,-0.3333,4,RCC,-3.259,-2.125,0.3479,False,False
rs10505477,CASC21,8,128407443,mixed,-0.3333,-0.3333,4,PC,-5.668,0.298,0.9474,True,False
rs10505477,CASC21,8,128407443,mixed,-0.3333,-0.3333,4,GC,9.124,1.391,0.8476,True,False
rs10505477,CASC21,8,128407443,mixed,-0.3333,-0.3333,4,PRAD,-21.796,-24.068,-0.1042,True,True
rs10808556,CCAT2,8,128413147,mixed,-0.3333,-0.3333,3,LUAD,-2.71,-0.811,0.7008,False,False
rs10808556,CCAT2,8,128413147,mixed,-0.3333,-0.3333,3,LUSC,1.446,-0.739,0.4886,False,False
rs10808556,CCAT2,8,128413147,mixed,-0.3333,-0.3333,3,SCLC,5.708,-1.273,0.777,True,False
rs10808556,CCAT2,8,128413147,mixed,-0.3333,-0.3333,3,EC,-2.178,0.781,0.6416,False,False
rs10808556,CCAT2,8,128413147,mixed,-0.3333,-0.3333,3,EAC,-2.034,2.064,-0.0148,False,False
rs10808556,CCAT2,8,128413147,mixed,-0.3333,-0.3333,3,THCA,-1.27,1.682,-0.3245,False,False
rs10808556,CCAT2,8,128413147,mixed,-0.3333,-0.3333,3,RCC,-2.42,-1.578,0.348,False,False
rs10808556,CCAT2,8,128413147,mixed,-0.3333,-0.3333,3,PC,-3.791,0.728,0.808,False,False
rs10808556,CCAT2,8,128413147,mixed,-0.3333,-0.3333,3,GC,7.885,1.347,0.8291,True,False
rs10808556,CCAT2,8,128413147,mixed,-0.3333,-0.3333,3,PRAD,-18.373,-20.448,-0.1129,True,True
rs118097379,CCAT2,8,128418882,reversed (MTAG-inferred),-1.0,1.0,2,LUAD,2.419,1.659,0.3142,False,False
rs118097379,CCAT2,8,128418882,reversed (MTAG-inferred),-1.0,1.0,2,LUSC,-1.263,0.023,0.9819,False,False
rs118097379,CCAT2,8,128418882,reversed (MTAG-inferred),-1.0,1.0,2,SCLC,-4.662,-0.437,0.9063,False,False
rs118097379,CCAT2,8,128418882,reversed (MTAG-inferred),-1.0,1.0,2,EC,1.648,-0.67,0.5932,False,False
rs118097379,CCAT2,8,128418882,reversed (MTAG-inferred),-1.0,1.0,2,EAC,2.095,-0.182,0.9129,False,False
rs118097379,CCAT2,8,128418882,reversed (MTAG-inferred),-1.0,1.0,2,THCA,0.307,-1.425,-3.6377,False,False
rs118097379,CCAT2,8,128418882,reversed (MTAG-inferred),-1.0,1.0,2,RCC,1.086,0.421,0.6126,False,False
rs118097379,CCAT2,8,128418882,reversed (MTAG-inferred),-1.0,1.0,2,PC,4.026,0.631,0.8433,False,False
rs118097379,CCAT2,8,128418882,reversed (MTAG-inferred),-1.0,1.0,2,GC,-7.902,0.411,0.948,True,False
rs118097379,CCAT2,8,128418882,reversed (MTAG-inferred),-1.0,1.0,2,PRAD,12.239,13.447,-0.0987,True,True
rs7837328,POU5F1B,8,128423127,reversed (MTAG-inferred),-1.0,-1.0,2,LUAD,-2.764,-0.837,0.6974,False,False
rs7837328,POU5F1B,8,128423127,reversed (MTAG-inferred),-1.0,-1.0,2,LUSC,1.197,-0.939,0.2157,False,False
rs7837328,POU5F1B,8,128423127,reversed (MTAG-inferred),-1.0,-1.0,2,SCLC,5.279,-1.231,0.7668,False,False
rs7837328,POU5F1B,8,128423127,reversed (MTAG-inferred),-1.0,-1.0,2,EC,-2.633,0.512,0.8054,False,False
rs7837328,POU5F1B,8,128423127,reversed (MTAG-inferred),-1.0,-1.0,2,EAC,-2.018,2.089,-0.0353,False,False
rs7837328,POU5F1B,8,128423127,reversed (MTAG-inferred),-1.0,-1.0,2,THCA,-2.355,0.648,0.7248,False,False
rs7837328,POU5F1B,8,128423127,reversed (MTAG-inferred),-1.0,-1.0,2,RCC,-2.755,-1.608,0.4164,False,False
rs7837328,POU5F1B,8,128423127,reversed (MTAG-inferred),-1.0,-1.0,2,PC,-4.598,0.817,0.8222,False,False
rs7837328,POU5F1B,8,128423127,reversed (MTAG-inferred),-1.0,-1.0,2,GC,7.755,1.404,0.8189,True,False
rs7837328,POU5F1B,8,128423127,reversed (MTAG-inferred),-1.0,-1.0,2,PRAD,-18.352,-20.343,-0.1085,True,True
rs10956367,POU5F1B,8,128423544,mixed,-0.3333,-0.3333,3,LUAD,-2.874,-0.89,0.6901,False,False
rs10956367,POU5F1B,8,128423544,mixed,-0.3333,-0.3333,3,LUSC,1.183,-0.965,0.1847,False,False
rs10956367,POU5F1B,8,128423544,mixed,-0.3333,-0.3333,3,SCLC,5.557,-1.307,0.7649,True,False
rs10956367,POU5F1B,8,128423544,mixed,-0.3333,-0.3333,3,EC,-2.432,0.534,0.7803,False,False
rs10956367,POU5F1B,8,128423544,mixed,-0.3333,-0.3333,3,EAC,-2.089,2.032,0.0272,False,False
rs10956367,POU5F1B,8,128423544,mixed,-0.3333,-0.3333,3,THCA,-1.412,1.585,-0.1223,False,False
rs10956367,POU5F1B,8,128423544,mixed,-0.3333,-0.3333,3,RCC,-2.573,-1.671,0.3505,False,False
rs10956367,POU5F1B,8,128423544,mixed,-0.3333,-0.3333,3,PC,-3.912,0.604,0.8457,False,False
rs10956367,POU5F1B,8,128423544,mixed,-0.3333,-0.3333,3,GC,7.86,1.409,0.8207,True,False
rs10956367,POU5F1B,8,128423544,mixed,-0.3333,-0.3333,3,PRAD,-18.292,-20.333,-0.1115,True,True
rs7018368,POU5F1B,8,128424933,mixed,-0.3333,-0.3333,3,LUAD,-2.777,-0.787,0.7167,False,False
rs7018368,POU5F1B,8,128424933,mixed,-0.3333,-0.3333,3,LUSC,1.223,-0.969,0.2075,False,False
rs7018368,POU5F1B,8,128424933,mixed,-0.3333,-0.3333,3,SCLC,5.608,-1.258,0.7756,True,False
rs7018368,POU5F1B,8,128424933,mixed,-0.3333,-0.3333,3,EC,-2.411,0.514,0.7868,False,False
rs7018368,POU5F1B,8,128424933,mixed,-0.3333,-0.3333,3,EAC,-2.093,2.031,0.0296,False,False
rs7018368,POU5F1B,8,128424933,mixed,-0.3333,-0.3333,3,THCA,-1.388,1.608,-0.1584,False,False
rs7018368,POU5F1B,8,128424933,mixed,-0.3333,-0.3333,3,RCC,-2.526,-1.633,0.3535,False,False
rs7018368,POU5F1B,8,128424933,mixed,-0.3333,-0.3333,3,PC,-3.913,0.588,0.8496,False,False
rs7018368,POU5F1B,8,128424933,mixed,-0.3333,-0.3333,3,GC,7.841,1.394,0.8222,True,False
rs7018368,POU5F1B,8,128424933,mixed,-0.3333,-0.3333,3,PRAD,-18.278,-20.321,-0.1118,True,True
rs4871022,POU5F1B,8,128427720,mixed,-0.3333,-0.3333,3,LUAD,-2.827,-0.846,0.7008,False,False
rs4871022,POU5F1B,8,128427720,mixed,-0.3333,-0.3333,3,LUSC,1.214,-0.967,0.2035,False,False
rs4871022,POU5F1B,8,128427720,mixed,-0.3333,-0.3333,3,SCLC,5.668,-1.243,0.7807,True,False
rs4871022,POU5F1B,8,128427720,mixed,-0.3333,-0.3333,3,EC,-2.431,0.506,0.7917,False,False
rs4871022,POU5F1B,8,128427720,mixed,-0.3333,-0.3333,3,EAC,-2.085,2.034,0.0245,False,False
rs4871022,POU5F1B,8,128427720,mixed,-0.3333,-0.3333,3,THCA,-1.368,1.642,-0.2001,False,False
rs4871022,POU5F1B,8,128427720,mixed,-0.3333,-0.3333,3,RCC,-2.511,-1.611,0.3585,False,False
rs4871022,POU5F1B,8,128427720,mixed,-0.3333,-0.3333,3,PC,-3.896,0.614,0.8425,False,False
rs4871022,POU5F1B,8,128427720,mixed,-0.3333,-0.3333,3,GC,7.748,1.246,0.8392,True,False
rs4871022,POU5F1B,8,128427720,mixed,-0.3333,-0.3333,3,PRAD,-18.357,-20.424,-0.1126,True,True
rs75753382,POU5F1B,8,128441548,reversed (MTAG-inferred),-1.0,1.0,2,LUAD,1.946,1.27,0.3475,False,False
rs75753382,POU5F1B,8,128441548,reversed (MTAG-inferred),-1.0,1.0,2,LUSC,-1.38,-0.084,0.9389,False,False
rs75753382,POU5F1B,8,128441548,reversed (MTAG-inferred),-1.0,1.0,2,SCLC,-4.147,-0.194,0.9533,False,False
rs75753382,POU5F1B,8,128441548,reversed (MTAG-inferred),-1.0,1.0,2,EC,1.44,-0.806,0.4402,False,False
rs75753382,POU5F1B,8,128441548,reversed (MTAG-inferred),-1.0,1.0,2,EAC,2.113,-0.064,0.9695,False,False
rs75753382,POU5F1B,8,128441548,reversed (MTAG-inferred),-1.0,1.0,2,THCA,0.795,-0.74,0.0694,False,False
rs75753382,POU5F1B,8,128441548,reversed (MTAG-inferred),-1.0,1.0,2,RCC,0.98,0.272,0.7223,False,False
rs75753382,POU5F1B,8,128441548,reversed (MTAG-inferred),-1.0,1.0,2,PC,4.014,0.501,0.8753,False,False
rs75753382,POU5F1B,8,128441548,reversed (MTAG-inferred),-1.0,1.0,2,GC,-7.265,0.602,0.9172,True,False
rs75753382,POU5F1B,8,128441548,reversed (MTAG-inferred),-1.0,1.0,2,PRAD,11.604,12.754,-0.0991,True,True
rs4871803,CASC8,8,128488382,mixed,-0.3333,-0.3333,3,LUAD,-0.858,-0.355,0.5858,False,False
rs4871803,CASC8,8,128488382,mixed,-0.3333,-0.3333,3,LUSC,3.654,2.196,0.399,False,False
rs4871803,CASC8,8,128488382,mixed,-0.3333,-0.3333,3,SCLC,5.882,0.309,0.9474,True,False
rs4871803,CASC8,8,128488382,mixed,-0.3333,-0.3333,3,EC,-1.821,-0.203,0.8888,False,False
rs4871803,CASC8,8,128488382,mixed,-0.3333,-0.3333,3,EAC,-2.594,0.474,0.8174,False,False
rs4871803,CASC8,8,128488382,mixed,-0.3333,-0.3333,3,THCA,-2.043,-0.673,0.6708,False,False
rs4871803,CASC8,8,128488382,mixed,-0.3333,-0.3333,3,RCC,-0.522,0.782,-0.4988,False,False
rs4871803,CASC8,8,128488382,mixed,-0.3333,-0.3333,3,PC,-4.737,0.112,0.9764,False,False
rs4871803,CASC8,8,128488382,mixed,-0.3333,-0.3333,3,GC,6.009,0.969,0.8387,True,False
rs4871803,CASC8,8,128488382,mixed,-0.3333,-0.3333,3,PRAD,-15.268,-16.665,-0.0915,True,True
rs4431561,CASC8,8,128498504,mixed,-0.3333,0.0,4,LUAD,-1.916,0.343,0.8209,False,False
rs4431561,CASC8,8,128498504,mixed,-0.3333,0.0,4,LUSC,3.603,0.425,0.8819,False,False
rs4431561,CASC8,8,128498504,mixed,-0.3333,0.0,4,SCLC,9.165,0.102,0.9889,True,False
rs4431561,CASC8,8,128498504,mixed,-0.3333,0.0,4,EC,-4.521,-1.096,0.7576,False,False
rs4431561,CASC8,8,128498504,mixed,-0.3333,0.0,4,EAC,-5.261,0.212,0.9597,False,False
rs4431561,CASC8,8,128498504,mixed,-0.3333,0.0,4,THCA,-2.768,0.445,0.8393,False,False
rs4431561,CASC8,8,128498504,mixed,-0.3333,0.0,4,RCC,-2.292,-0.262,0.8858,False,False
rs4431561,CASC8,8,128498504,mixed,-0.3333,0.0,4,PC,-5.887,2.145,0.6356,True,False
rs4431561,CASC8,8,128498504,mixed,-0.3333,0.0,4,GC,8.961,0.687,0.9233,True,False
rs4431561,CASC8,8,128498504,mixed,-0.3333,0.0,4,PRAD,-25.519,-28.125,-0.1021,True,True
rs4242384,CASC8,8,128518554,mixed,-0.3333,0.0,4,LUAD,-2.208,-0.013,0.9942,False,False
rs4242384,CASC8,8,128518554,mixed,-0.3333,0.0,4,LUSC,3.787,0.581,0.8465,False,False
rs4242384,CASC8,8,128518554,mixed,-0.3333,0.0,4,SCLC,9.409,0.088,0.9906,True,False
rs4242384,CASC8,8,128518554,mixed,-0.3333,0.0,4,EC,-4.591,-1.011,0.7797,False,False
rs4242384,CASC8,8,128518554,mixed,-0.3333,0.0,4,EAC,-5.374,0.231,0.9571,False,False
rs4242384,CASC8,8,128518554,mixed,-0.3333,0.0,4,THCA,-2.858,0.338,0.8818,False,False
rs4242384,CASC8,8,128518554,mixed,-0.3333,0.0,4,RCC,-2.279,-0.151,0.9338,False,False
rs4242384,CASC8,8,128518554,mixed,-0.3333,0.0,4,PC,-6.261,2.099,0.6647,True,False
rs4242384,CASC8,8,128518554,mixed,-0.3333,0.0,4,GC,9.434,0.844,0.9105,True,False
rs4242384,CASC8,8,128518554,mixed,-0.3333,0.0,4,PRAD,-26.421,-29.084,-0.1008,True,True
rs35907927,CASC8,8,128523285,reversed (MTAG-inferred),-1.0,-1.0,2,LUAD,0.124,1.262,-9.1526,False,False
rs35907927,CASC8,8,128523285,reversed (MTAG-inferred),-1.0,-1.0,2,LUSC,2.456,1.195,0.5135,False,False
rs35907927,CASC8,8,128523285,reversed (MTAG-inferred),-1.0,-1.0,2,SCLC,5.325,1.973,0.6294,False,False
rs35907927,CASC8,8,128523285,reversed (MTAG-inferred),-1.0,-1.0,2,EC,-3.032,-1.379,0.5452,False,False
rs35907927,CASC8,8,128523285,reversed (MTAG-inferred),-1.0,-1.0,2,EAC,-2.538,-0.182,0.9281,False,False
rs35907927,CASC8,8,128523285,reversed (MTAG-inferred),-1.0,-1.0,2,THCA,-3.04,-1.578,0.4808,False,False
rs35907927,CASC8,8,128523285,reversed (MTAG-inferred),-1.0,-1.0,2,RCC,-1.612,-0.486,0.6985,False,False
rs35907927,CASC8,8,128523285,reversed (MTAG-inferred),-1.0,-1.0,2,PC,-5.161,-0.102,0.9803,False,False
rs35907927,CASC8,8,128523285,reversed (MTAG-inferred),-1.0,-1.0,2,GC,7.177,0.202,0.9719,True,False
rs35907927,CASC8,8,128523285,reversed (MTAG-inferred),-1.0,-1.0,2,PRAD,-11.638,-12.502,-0.0742,True,True
rs11992171,CASC8,8,128529933,mixed,-0.3333,-0.3333,4,LUAD,-1.959,-0.434,0.7784,False,False
rs11992171,CASC8,8,128529933,mixed,-0.3333,-0.3333,4,LUSC,3.675,1.165,0.683,False,False
rs11992171,CASC8,8,128529933,mixed,-0.3333,-0.3333,4,SCLC,7.943,-0.333,0.9581,True,False
rs11992171,CASC8,8,128529933,mixed,-0.3333,-0.3333,4,EC,-3.203,-0.108,0.9664,False,False
rs11992171,CASC8,8,128529933,mixed,-0.3333,-0.3333,4,EAC,-4.065,0.764,0.8121,False,False
rs11992171,CASC8,8,128529933,mixed,-0.3333,-0.3333,4,THCA,-2.88,-0.05,0.9826,False,False
rs11992171,CASC8,8,128529933,mixed,-0.3333,-0.3333,4,RCC,-1.725,0.057,0.9672,False,False
rs11992171,CASC8,8,128529933,mixed,-0.3333,-0.3333,4,PC,-6.404,0.524,0.9182,True,False
rs11992171,CASC8,8,128529933,mixed,-0.3333,-0.3333,4,GC,8.132,0.702,0.9137,True,False
rs11992171,CASC8,8,128529933,mixed,-0.3333,-0.3333,4,PRAD,-22.712,-25.005,-0.101,True,True
rs9656816,CASC8,8,128534654,mixed,-0.3333,0.0,4,LUAD,-1.938,-0.352,0.8184,False,False
rs9656816,CASC8,8,128534654,mixed,-0.3333,0.0,4,LUSC,3.927,1.068,0.7281,False,False
rs9656816,CASC8,8,128534654,mixed,-0.3333,0.0,4,SCLC,8.915,0.658,0.9262,True,False
rs9656816,CASC8,8,128534654,mixed,-0.3333,0.0,4,EC,-3.562,-0.603,0.8308,False,False
rs9656816,CASC8,8,128534654,mixed,-0.3333,0.0,4,EAC,-4.428,0.821,0.8146,False,False
rs9656816,CASC8,8,128534654,mixed,-0.3333,0.0,4,THCA,-2.157,0.416,0.8074,False,False
rs9656816,CASC8,8,128534654,mixed,-0.3333,0.0,4,RCC,-1.468,0.434,0.704,False,False
rs9656816,CASC8,8,128534654,mixed,-0.3333,0.0,4,PC,-6.54,1.419,0.7831,True,False
rs9656816,CASC8,8,128534654,mixed,-0.3333,0.0,4,GC,14.717,0.734,0.9502,True,False
rs9656816,CASC8,8,128534654,mixed,-0.3333,0.0,4,PRAD,-22.9,-25.125,-0.0972,True,True
rs7837688,CASC8,8,128539360,mixed,-0.3333,0.0,4,LUAD,-2.099,-0.373,0.8224,False,False
rs7837688,CASC8,8,128539360,mixed,-0.3333,0.0,4,LUSC,4.006,0.858,0.7859,False,False
rs7837688,CASC8,8,128539360,mixed,-0.3333,0.0,4,SCLC,9.064,0.451,0.9502,True,False
rs7837688,CASC8,8,128539360,mixed,-0.3333,0.0,4,EC,-3.69,-0.125,0.9662,False,False
rs7837688,CASC8,8,128539360,mixed,-0.3333,0.0,4,EAC,-4.66,0.704,0.8489,False,False
rs7837688,CASC8,8,128539360,mixed,-0.3333,0.0,4,THCA,-2.468,0.207,0.9163,False,False
rs7837688,CASC8,8,128539360,mixed,-0.3333,0.0,4,RCC,-1.795,0.195,0.8913,False,False
rs7837688,CASC8,8,128539360,mixed,-0.3333,0.0,4,PC,-5.871,2.027,0.6548,True,False
rs7837688,CASC8,8,128539360,mixed,-0.3333,0.0,4,GC,9.071,0.869,0.9043,True,False
rs7837688,CASC8,8,128539360,mixed,-0.3333,0.0,4,PRAD,-24.858,-27.371,-0.1011,True,True
rs13269511,MIR1204,8,128876943,aligned,1.0,1.0,2,LUAD,1.661,-1.259,0.2418,False,False
rs13269511,MIR1204,8,128876943,aligned,1.0,1.0,2,LUSC,3.756,1.432,0.6188,False,False
rs13269511,MIR1204,8,128876943,aligned,1.0,1.0,2,SCLC,2.47,0.011,0.9957,False,False
rs13269511,MIR1204,8,128876943,aligned,1.0,1.0,2,EC,3.864,-0.858,0.7779,False,False
rs13269511,MIR1204,8,128876943,aligned,1.0,1.0,2,EAC,-1.104,-1.256,-0.1375,False,False
rs13269511,MIR1204,8,128876943,aligned,1.0,1.0,2,THCA,6.285,2.651,0.5782,True,False
rs13269511,MIR1204,8,128876943,aligned,1.0,1.0,2,RCC,8.789,9.404,-0.07,True,True
rs13269511,MIR1204,8,128876943,aligned,1.0,1.0,2,PC,0.939,1.772,-0.8877,False,False
rs13269511,MIR1204,8,128876943,aligned,1.0,1.0,2,GC,2.309,1.311,0.4323,False,False
rs13269511,MIR1204,8,128876943,aligned,1.0,1.0,2,PRAD,-1.859,-2.316,-0.2459,False,False
rs10956392,MIR1204,8,128881681,aligned,1.0,1.0,2,LUAD,1.649,-1.303,0.2099,False,False
rs10956392,MIR1204,8,128881681,aligned,1.0,1.0,2,LUSC,3.663,1.238,0.6621,False,False
rs10956392,MIR1204,8,128881681,aligned,1.0,1.0,2,SCLC,2.513,0.256,0.8981,False,False
rs10956392,MIR1204,8,128881681,aligned,1.0,1.0,2,EC,3.843,-0.796,0.7928,False,False
rs10956392,MIR1204,8,128881681,aligned,1.0,1.0,2,EAC,-1.079,-1.255,-0.1637,False,False
rs10956392,MIR1204,8,128881681,aligned,1.0,1.0,2,THCA,6.248,2.715,0.5654,True,False
rs10956392,MIR1204,8,128881681,aligned,1.0,1.0,2,RCC,8.768,9.351,-0.0664,True,True
rs10956392,MIR1204,8,128881681,aligned,1.0,1.0,2,PC,1.021,1.84,-0.801,False,False
rs10956392,MIR1204,8,128881681,aligned,1.0,1.0,2,GC,2.228,1.25,0.4389,False,False
rs10956392,MIR1204,8,128881681,aligned,1.0,1.0,2,PRAD,-1.784,-2.247,-0.2592,False,False
rs4733801,TMEM75,8,128892551,aligned,1.0,1.0,2,LUAD,3.589,1.213,0.6619,False,False
rs4733801,TMEM75,8,128892551,aligned,1.0,1.0,2,LUSC,4.736,2.018,0.5738,False,False
rs4733801,TMEM75,8,128892551,aligned,1.0,1.0,2,SCLC,3.771,0.899,0.7617,False,False
rs4733801,TMEM75,8,128892551,aligned,1.0,1.0,2,EC,4.787,0.253,0.9472,False,False
rs4733801,TMEM75,8,128892551,aligned,1.0,1.0,2,EAC,0.36,-0.067,0.8143,False,False
rs4733801,TMEM75,8,128892551,aligned,1.0,1.0,2,THCA,5.841,3.19,0.4539,True,False
rs4733801,TMEM75,8,128892551,aligned,1.0,1.0,2,RCC,8.228,8.029,0.0242,True,True
rs4733801,TMEM75,8,128892551,aligned,1.0,1.0,2,PC,1.971,1.62,0.178,False,False
rs4733801,TMEM75,8,128892551,aligned,1.0,1.0,2,GC,0.539,-0.801,-0.4869,False,False
rs4733801,TMEM75,8,128892551,aligned,1.0,1.0,2,PRAD,-0.776,-1.454,-0.8741,False,False
rs4733579,TMEM75,8,128898169,aligned,1.0,1.0,2,LUAD,3.594,1.156,0.6783,False,False
rs4733579,TMEM75,8,128898169,aligned,1.0,1.0,2,LUSC,5.003,2.449,0.5105,False,False
rs4733579,TMEM75,8,128898169,aligned,1.0,1.0,2,SCLC,4.007,1.033,0.7423,False,False
rs4733579,TMEM75,8,128898169,aligned,1.0,1.0,2,EC,4.719,0.058,0.9876,False,False
rs4733579,TMEM75,8,128898169,aligned,1.0,1.0,2,EAC,0.409,-0.018,0.9555,False,False
rs4733579,TMEM75,8,128898169,aligned,1.0,1.0,2,THCA,5.817,3.13,0.4619,True,False
rs4733579,TMEM75,8,128898169,aligned,1.0,1.0,2,RCC,8.281,8.118,0.0197,True,True
rs4733579,TMEM75,8,128898169,aligned,1.0,1.0,2,PC,1.889,1.541,0.1841,False,False
rs4733579,TMEM75,8,128898169,aligned,1.0,1.0,2,GC,0.624,-0.753,-0.2067,False,False
rs4733579,TMEM75,8,128898169,aligned,1.0,1.0,2,PRAD,-0.856,-1.508,-0.7623,False,False
rs7856768,HAUS6,9,19056754,aligned,1.0,1.0,2,LUAD,2.539,2.488,0.0205,False,False
rs7856768,HAUS6,9,19056754,aligned,1.0,1.0,2,LUSC,1.908,2.936,-0.5393,False,False
rs7856768,HAUS6,9,19056754,aligned,1.0,1.0,2,SCLC,2.045,0.083,0.9595,False,False
rs7856768,HAUS6,9,19056754,aligned,1.0,1.0,2,EC,2.289,-1.328,0.4199,False,False
rs7856768,HAUS6,9,19056754,aligned,1.0,1.0,2,EAC,0.995,-0.222,0.7771,False,False
rs7856768,HAUS6,9,19056754,aligned,1.0,1.0,2,THCA,5.814,6.35,-0.0922,True,True
rs7856768,HAUS6,9,19056754,aligned,1.0,1.0,2,RCC,2.118,-0.05,0.9765,False,False
rs7856768,HAUS6,9,19056754,aligned,1.0,1.0,2,PC,5.178,0.363,0.9298,False,False
rs7856768,HAUS6,9,19056754,aligned,1.0,1.0,2,GC,-1.38,-0.437,0.6835,False,False
rs7856768,HAUS6,9,19056754,aligned,1.0,1.0,2,PRAD,6.899,7.26,-0.0523,True,True
rs6475315,SCARNA8,9,19061358,aligned,1.0,1.0,3,LUAD,2.538,2.047,0.1933,False,False
rs6475315,SCARNA8,9,19061358,aligned,1.0,1.0,3,LUSC,2.069,2.368,-0.1445,False,False
rs6475315,SCARNA8,9,19061358,aligned,1.0,1.0,3,SCLC,2.215,-0.146,0.9342,False,False
rs6475315,SCARNA8,9,19061358,aligned,1.0,1.0,3,EC,3.028,-1.389,0.5414,False,False
rs6475315,SCARNA8,9,19061358,aligned,1.0,1.0,3,EAC,1.524,0.36,0.7635,False,False
rs6475315,SCARNA8,9,19061358,aligned,1.0,1.0,3,THCA,6.711,6.606,0.0156,True,True
rs6475315,SCARNA8,9,19061358,aligned,1.0,1.0,3,RCC,3.691,1.731,0.531,False,False
rs6475315,SCARNA8,9,19061358,aligned,1.0,1.0,3,PC,5.779,1.188,0.7945,True,False
rs6475315,SCARNA8,9,19061358,aligned,1.0,1.0,3,GC,-1.465,-0.639,0.5639,False,False
rs6475315,SCARNA8,9,19061358,aligned,1.0,1.0,3,PRAD,6.456,6.567,-0.0171,True,True
rs7467618,SCARNA8,9,19065295,aligned,1.0,1.0,2,LUAD,2.395,2.476,-0.0334,False,False
rs7467618,SCARNA8,9,19065295,aligned,1.0,1.0,2,LUSC,2.017,2.975,-0.4751,False,False
rs7467618,SCARNA8,9,19065295,aligned,1.0,1.0,2,SCLC,2.078,-0.065,0.9685,False,False
rs7467618,SCARNA8,9,19065295,aligned,1.0,1.0,2,EC,2.522,-0.91,0.6392,False,False
rs7467618,SCARNA8,9,19065295,aligned,1.0,1.0,2,EAC,1.823,0.767,0.5789,False,False
rs7467618,SCARNA8,9,19065295,aligned,1.0,1.0,2,THCA,5.512,6.171,-0.1197,True,True
rs7467618,SCARNA8,9,19065295,aligned,1.0,1.0,2,RCC,1.753,-0.46,0.7375,False,False
rs7467618,SCARNA8,9,19065295,aligned,1.0,1.0,2,PC,5.171,0.327,0.9367,False,False
rs7467618,SCARNA8,9,19065295,aligned,1.0,1.0,2,GC,-0.849,0.091,0.8933,False,False
rs7467618,SCARNA8,9,19065295,aligned,1.0,1.0,2,PRAD,6.544,6.847,-0.0464,True,True
rs4439216,SCARNA8,9,19066115,aligned,1.0,1.0,2,LUAD,2.441,2.525,-0.0345,False,False
rs4439216,SCARNA8,9,19066115,aligned,1.0,1.0,2,LUSC,2.031,2.982,-0.4686,False,False
rs4439216,SCARNA8,9,19066115,aligned,1.0,1.0,2,SCLC,2.061,-0.083,0.9598,False,False
rs4439216,SCARNA8,9,19066115,aligned,1.0,1.0,2,EC,2.544,-0.884,0.6523,False,False
rs4439216,SCARNA8,9,19066115,aligned,1.0,1.0,2,EAC,1.804,0.743,0.5881,False,False
rs4439216,SCARNA8,9,19066115,aligned,1.0,1.0,2,THCA,5.513,6.182,-0.1213,True,True
rs4439216,SCARNA8,9,19066115,aligned,1.0,1.0,2,RCC,1.752,-0.472,0.7307,False,False
rs4439216,SCARNA8,9,19066115,aligned,1.0,1.0,2,PC,5.187,0.344,0.9337,False,False
rs4439216,SCARNA8,9,19066115,aligned,1.0,1.0,2,GC,-0.853,0.092,0.8917,False,False
rs4439216,SCARNA8,9,19066115,aligned,1.0,1.0,2,PRAD,6.567,6.872,-0.0464,True,True
rs7022807,SCARNA8,9,19067833,aligned,1.0,1.0,2,LUAD,2.383,2.471,-0.037,False,False
rs7022807,SCARNA8,9,19067833,aligned,1.0,1.0,2,LUSC,1.966,2.824,-0.4364,False,False
rs7022807,SCARNA8,9,19067833,aligned,1.0,1.0,2,SCLC,2.075,-0.191,0.9079,False,False
rs7022807,SCARNA8,9,19067833,aligned,1.0,1.0,2,EC,2.536,-0.856,0.6625,False,False
rs7022807,SCARNA8,9,19067833,aligned,1.0,1.0,2,EAC,1.552,0.566,0.635,False,False
rs7022807,SCARNA8,9,19067833,aligned,1.0,1.0,2,THCA,5.591,6.292,-0.1254,True,True
rs7022807,SCARNA8,9,19067833,aligned,1.0,1.0,2,RCC,1.841,-0.37,0.7989,False,False
rs7022807,SCARNA8,9,19067833,aligned,1.0,1.0,2,PC,5.02,0.273,0.9457,False,False
rs7022807,SCARNA8,9,19067833,aligned,1.0,1.0,2,GC,-0.679,0.092,0.8651,False,False
rs7022807,SCARNA8,9,19067833,aligned,1.0,1.0,2,PRAD,6.222,6.485,-0.0422,True,True
rs7030280,PTCSC2,9,100535267,aligned,1.0,0.3333,6,LUAD,0.66,0.451,0.317,False,False
rs7030280,PTCSC2,9,100535267,aligned,1.0,0.3333,6,LUSC,-2.198,-0.642,0.7079,False,False
rs7030280,PTCSC2,9,100535267,aligned,1.0,0.3333,6,SCLC,-9.215,-0.167,0.9819,True,False
rs7030280,PTCSC2,9,100535267,aligned,1.0,0.3333,6,EC,-6.009,-0.695,0.8843,True,False
rs7030280,PTCSC2,9,100535267,aligned,1.0,0.3333,6,EAC,-1.229,-1.384,-0.1263,False,False
rs7030280,PTCSC2,9,100535267,aligned,1.0,0.3333,6,THCA,-19.277,-22.2,-0.1516,True,True
rs7030280,PTCSC2,9,100535267,aligned,1.0,0.3333,6,RCC,-6.356,-1.735,0.7271,True,False
rs7030280,PTCSC2,9,100535267,aligned,1.0,0.3333,6,PC,-8.343,0.953,0.8858,True,False
rs7030280,PTCSC2,9,100535267,aligned,1.0,0.3333,6,GC,-6.204,-1.094,0.8237,True,False
rs7030280,PTCSC2,9,100535267,aligned,1.0,0.3333,6,PRAD,-0.923,0.229,0.7514,False,False
rs2401637,PTCSC2,9,100541473,aligned,1.0,0.3333,6,LUAD,0.619,0.387,0.3745,False,False
rs2401637,PTCSC2,9,100541473,aligned,1.0,0.3333,6,LUSC,-2.165,-0.591,0.727,False,False
rs2401637,PTCSC2,9,100541473,aligned,1.0,0.3333,6,SCLC,-9.157,-0.17,0.9814,True,False
rs2401637,PTCSC2,9,100541473,aligned,1.0,0.3333,6,EC,-6.047,-0.742,0.8774,True,False
rs2401637,PTCSC2,9,100541473,aligned,1.0,0.3333,6,EAC,-1.253,-1.395,-0.1132,False,False
rs2401637,PTCSC2,9,100541473,aligned,1.0,0.3333,6,THCA,-19.35,-22.282,-0.1515,True,True
rs2401637,PTCSC2,9,100541473,aligned,1.0,0.3333,6,RCC,-6.352,-1.698,0.7326,True,False
rs2401637,PTCSC2,9,100541473,aligned,1.0,0.3333,6,PC,-8.433,0.923,0.8905,True,False
rs2401637,PTCSC2,9,100541473,aligned,1.0,0.3333,6,GC,-6.209,-1.174,0.8109,True,False
rs2401637,PTCSC2,9,100541473,aligned,1.0,0.3333,6,PRAD,-1.032,0.116,0.8872,False,False
rs7847449,PTCSC2,9,100551908,aligned,1.0,1.0,2,LUAD,0.205,0.231,-0.1233,False,False
rs7847449,PTCSC2,9,100551908,aligned,1.0,1.0,2,LUSC,-0.837,-0.029,0.9656,False,False
rs7847449,PTCSC2,9,100551908,aligned,1.0,1.0,2,SCLC,-4.869,-0.446,0.9084,False,False
rs7847449,PTCSC2,9,100551908,aligned,1.0,1.0,2,EC,-3.915,-0.962,0.7543,False,False
rs7847449,PTCSC2,9,100551908,aligned,1.0,1.0,2,EAC,-0.676,-0.138,0.7964,False,False
rs7847449,PTCSC2,9,100551908,aligned,1.0,1.0,2,THCA,-12.018,-13.573,-0.1294,True,True
rs7847449,PTCSC2,9,100551908,aligned,1.0,1.0,2,RCC,-3.903,-0.903,0.7687,False,False
rs7847449,PTCSC2,9,100551908,aligned,1.0,1.0,2,PC,-5.858,-0.067,0.9886,True,False
rs7847449,PTCSC2,9,100551908,aligned,1.0,1.0,2,GC,-1.649,0.278,0.8312,False,False
rs7847449,PTCSC2,9,100551908,aligned,1.0,1.0,2,PRAD,-2.486,-1.925,0.2256,False,False
rs1156850,PTCSC2,9,100573164,aligned,1.0,1.0,2,LUAD,-0.153,-0.205,-0.3462,False,False
rs1156850,PTCSC2,9,100573164,aligned,1.0,1.0,2,LUSC,-1.5,-0.316,0.7892,False,False
rs1156850,PTCSC2,9,100573164,aligned,1.0,1.0,2,SCLC,-5.607,-1.037,0.8151,True,False
rs1156850,PTCSC2,9,100573164,aligned,1.0,1.0,2,EC,-3.279,-0.464,0.8584,False,False
rs1156850,PTCSC2,9,100573164,aligned,1.0,1.0,2,EAC,-0.724,-0.688,0.0503,False,False
rs1156850,PTCSC2,9,100573164,aligned,1.0,1.0,2,THCA,-10.848,-12.713,-0.172,True,True
rs1156850,PTCSC2,9,100573164,aligned,1.0,1.0,2,RCC,-3.737,-1.313,0.6486,False,False
rs1156850,PTCSC2,9,100573164,aligned,1.0,1.0,2,PC,-4.061,0.776,0.809,False,False
rs1156850,PTCSC2,9,100573164,aligned,1.0,1.0,2,GC,-2.09,0.286,0.8629,False,False
rs1156850,PTCSC2,9,100573164,aligned,1.0,1.0,2,PRAD,-0.441,0.204,0.5377,False,False
rs10739513,PTCSC2,9,100592705,aligned,1.0,-0.3333,3,LUAD,0.302,-0.082,0.7282,False,False
rs10739513,PTCSC2,9,100592705,aligned,1.0,-0.3333,3,LUSC,-1.8,-0.838,0.5345,False,False
rs10739513,PTCSC2,9,100592705,aligned,1.0,-0.3333,3,SCLC,-7.575,-0.923,0.8781,True,False
rs10739513,PTCSC2,9,100592705,aligned,1.0,-0.3333,3,EC,-3.631,0.346,0.9047,False,False
rs10739513,PTCSC2,9,100592705,aligned,1.0,-0.3333,3,EAC,-0.777,-0.921,-0.186,False,False
rs10739513,PTCSC2,9,100592705,aligned,1.0,-0.3333,3,THCA,-13.893,-16.211,-0.1668,True,True
rs10739513,PTCSC2,9,100592705,aligned,1.0,-0.3333,3,RCC,-4.306,-0.966,0.7757,False,False
rs10739513,PTCSC2,9,100592705,aligned,1.0,-0.3333,3,PC,-6.027,0.862,0.8571,True,False
rs10739513,PTCSC2,9,100592705,aligned,1.0,-0.3333,3,GC,-4.633,0.232,0.9499,False,False
rs10739513,PTCSC2,9,100592705,aligned,1.0,-0.3333,3,PRAD,-0.479,0.35,0.2696,False,False
rs7049054,PTCSC2,9,100599969,aligned,1.0,-0.3333,3,LUAD,0.766,0.444,0.4212,False,False
rs7049054,PTCSC2,9,100599969,aligned,1.0,-0.3333,3,LUSC,-1.074,0.058,0.9457,False,False
rs7049054,PTCSC2,9,100599969,aligned,1.0,-0.3333,3,SCLC,-7.477,-1.408,0.8117,True,False
rs7049054,PTCSC2,9,100599969,aligned,1.0,-0.3333,3,EC,-4.063,-0.749,0.8157,False,False
rs7049054,PTCSC2,9,100599969,aligned,1.0,-0.3333,3,EAC,-0.647,-0.412,0.3629,False,False
rs7049054,PTCSC2,9,100599969,aligned,1.0,-0.3333,3,THCA,-14.92,-17.322,-0.161,True,True
rs7049054,PTCSC2,9,100599969,aligned,1.0,-0.3333,3,RCC,-4.386,-0.733,0.8328,False,False
rs7049054,PTCSC2,9,100599969,aligned,1.0,-0.3333,3,PC,-6.366,0.875,0.8626,True,False
rs7049054,PTCSC2,9,100599969,aligned,1.0,-0.3333,3,GC,-2.667,1.028,0.6144,False,False
rs7049054,PTCSC2,9,100599969,aligned,1.0,-0.3333,3,PRAD,-1.103,-0.233,0.7883,False,False
rs7847259,PTCSC2,9,100600712,aligned,1.0,-0.3333,3,LUAD,0.231,-0.118,0.4896,False,False
rs7847259,PTCSC2,9,100600712,aligned,1.0,-0.3333,3,LUSC,-1.833,-0.823,0.5508,False,False
rs7847259,PTCSC2,9,100600712,aligned,1.0,-0.3333,3,SCLC,-7.578,-0.973,0.8716,True,False
rs7847259,PTCSC2,9,100600712,aligned,1.0,-0.3333,3,EC,-3.66,0.364,0.9005,False,False
rs7847259,PTCSC2,9,100600712,aligned,1.0,-0.3333,3,EAC,-0.841,-0.963,-0.1457,False,False
rs7847259,PTCSC2,9,100600712,aligned,1.0,-0.3333,3,THCA,-13.827,-16.086,-0.1634,True,True
rs7847259,PTCSC2,9,100600712,aligned,1.0,-0.3333,3,RCC,-4.391,-1.102,0.749,False,False
rs7847259,PTCSC2,9,100600712,aligned,1.0,-0.3333,3,PC,-6.013,0.855,0.8579,True,False
rs7847259,PTCSC2,9,100600712,aligned,1.0,-0.3333,3,GC,-4.427,0.494,0.8885,False,False
rs7847259,PTCSC2,9,100600712,aligned,1.0,-0.3333,3,PRAD,-0.521,0.319,0.388,False,False
rs6478437,PTCSC2,9,100607497,aligned,1.0,-0.3333,3,LUAD,0.715,0.401,0.4397,False,False
rs6478437,PTCSC2,9,100607497,aligned,1.0,-0.3333,3,LUSC,-1.125,0.015,0.9866,False,False
rs6478437,PTCSC2,9,100607497,aligned,1.0,-0.3333,3,SCLC,-7.496,-1.427,0.8096,True,False
rs6478437,PTCSC2,9,100607497,aligned,1.0,-0.3333,3,EC,-4.078,-0.759,0.8138,False,False
rs6478437,PTCSC2,9,100607497,aligned,1.0,-0.3333,3,EAC,-0.606,-0.369,0.3909,False,False
rs6478437,PTCSC2,9,100607497,aligned,1.0,-0.3333,3,THCA,-14.925,-17.313,-0.16,True,True
rs6478437,PTCSC2,9,100607497,aligned,1.0,-0.3333,3,RCC,-4.406,-0.749,0.83,False,False
rs6478437,PTCSC2,9,100607497,aligned,1.0,-0.3333,3,PC,-6.352,0.868,0.8633,True,False
rs6478437,PTCSC2,9,100607497,aligned,1.0,-0.3333,3,GC,-2.711,0.987,0.6357,False,False
rs6478437,PTCSC2,9,100607497,aligned,1.0,-0.3333,3,PRAD,-1.091,-0.227,0.792,False,False
rs10759960,PTCSC2,9,100608745,aligned,1.0,-0.3333,3,LUAD,0.255,-0.115,0.5496,False,False
rs10759960,PTCSC2,9,100608745,aligned,1.0,-0.3333,3,LUSC,-1.773,-0.488,0.7248,False,False
rs10759960,PTCSC2,9,100608745,aligned,1.0,-0.3333,3,SCLC,-7.852,-1.064,0.8645,True,False
rs10759960,PTCSC2,9,100608745,aligned,1.0,-0.3333,3,EC,-4.366,-0.464,0.8938,False,False
rs10759960,PTCSC2,9,100608745,aligned,1.0,-0.3333,3,EAC,-0.656,-0.714,-0.0878,False,False
rs10759960,PTCSC2,9,100608745,aligned,1.0,-0.3333,3,THCA,-14.654,-16.678,-0.1381,True,True
rs10759960,PTCSC2,9,100608745,aligned,1.0,-0.3333,3,RCC,-4.716,-0.968,0.7948,False,False
rs10759960,PTCSC2,9,100608745,aligned,1.0,-0.3333,3,PC,-6.245,1.146,0.8165,True,False
rs10759960,PTCSC2,9,100608745,aligned,1.0,-0.3333,3,GC,-4.489,-0.138,0.9693,False,False
rs10759960,PTCSC2,9,100608745,aligned,1.0,-0.3333,3,PRAD,-0.727,0.16,0.7799,False,False
rs894672,PTCSC2,9,100612185,aligned,1.0,-0.3333,3,LUAD,0.152,-0.197,-0.3008,False,False
rs894672,PTCSC2,9,100612185,aligned,1.0,-0.3333,3,LUSC,-1.933,-0.912,0.5284,False,False
rs894672,PTCSC2,9,100612185,aligned,1.0,-0.3333,3,SCLC,-7.662,-1.032,0.8654,True,False
rs894672,PTCSC2,9,100612185,aligned,1.0,-0.3333,3,EC,-3.666,0.366,0.9002,False,False
rs894672,PTCSC2,9,100612185,aligned,1.0,-0.3333,3,EAC,-0.832,-0.961,-0.1541,False,False
rs894672,PTCSC2,9,100612185,aligned,1.0,-0.3333,3,THCA,-13.807,-16.062,-0.1633,True,True
rs894672,PTCSC2,9,100612185,aligned,1.0,-0.3333,3,RCC,-4.401,-1.109,0.7481,False,False
rs894672,PTCSC2,9,100612185,aligned,1.0,-0.3333,3,PC,-5.993,0.85,0.8582,True,False
rs894672,PTCSC2,9,100612185,aligned,1.0,-0.3333,3,GC,-4.463,0.486,0.8912,False,False
rs894672,PTCSC2,9,100612185,aligned,1.0,-0.3333,3,PRAD,-0.458,0.384,0.1619,False,False
rs3758249,PTCSC2,9,100614140,aligned,1.0,-0.3333,3,LUAD,0.663,0.343,0.4834,False,False
rs3758249,PTCSC2,9,100614140,aligned,1.0,-0.3333,3,LUSC,-1.173,0.029,0.9755,False,False
rs3758249,PTCSC2,9,100614140,aligned,1.0,-0.3333,3,SCLC,-7.591,-1.525,0.799,True,False
rs3758249,PTCSC2,9,100614140,aligned,1.0,-0.3333,3,EC,-4.072,-0.714,0.8245,False,False
rs3758249,PTCSC2,9,100614140,aligned,1.0,-0.3333,3,EAC,-0.652,-0.432,0.3373,False,False
rs3758249,PTCSC2,9,100614140,aligned,1.0,-0.3333,3,THCA,-14.935,-17.296,-0.1581,True,True
rs3758249,PTCSC2,9,100614140,aligned,1.0,-0.3333,3,RCC,-4.457,-0.815,0.8172,False,False
rs3758249,PTCSC2,9,100614140,aligned,1.0,-0.3333,3,PC,-6.326,0.883,0.8603,True,False
rs3758249,PTCSC2,9,100614140,aligned,1.0,-0.3333,3,GC,-2.703,0.993,0.6324,False,False
rs3758249,PTCSC2,9,100614140,aligned,1.0,-0.3333,3,PRAD,-1.035,-0.163,0.8424,False,False
rs1867277,FOXE1,9,100615914,aligned,1.0,-0.3333,3,LUAD,0.73,0.347,0.5247,False,False
rs1867277,FOXE1,9,100615914,aligned,1.0,-0.3333,3,LUSC,-1.05,0.146,0.8609,False,False
rs1867277,FOXE1,9,100615914,aligned,1.0,-0.3333,3,SCLC,-7.536,-1.481,0.8034,True,False
rs1867277,FOXE1,9,100615914,aligned,1.0,-0.3333,3,EC,-3.993,-0.699,0.825,False,False
rs1867277,FOXE1,9,100615914,aligned,1.0,-0.3333,3,EAC,-0.645,-0.449,0.304,False,False
rs1867277,FOXE1,9,100615914,aligned,1.0,-0.3333,3,THCA,-14.862,-17.277,-0.1625,True,True
rs1867277,FOXE1,9,100615914,aligned,1.0,-0.3333,3,RCC,-4.335,-0.689,0.841,False,False
rs1867277,FOXE1,9,100615914,aligned,1.0,-0.3333,3,PC,-6.325,0.881,0.8608,True,False
rs1867277,FOXE1,9,100615914,aligned,1.0,-0.3333,3,GC,-2.687,1.0,0.6278,False,False
rs1867277,FOXE1,9,100615914,aligned,1.0,-0.3333,3,PRAD,-1.022,-0.148,0.8555,False,False
rs3021526,FOXE1,9,100617021,aligned,1.0,-0.3333,3,LUAD,0.614,0.273,0.5558,False,False
rs3021526,FOXE1,9,100617021,aligned,1.0,-0.3333,3,LUSC,-1.163,0.057,0.9509,False,False
rs3021526,FOXE1,9,100617021,aligned,1.0,-0.3333,3,SCLC,-7.539,-1.39,0.8156,True,False
rs3021526,FOXE1,9,100617021,aligned,1.0,-0.3333,3,EC,-4.099,-0.694,0.8306,False,False
rs3021526,FOXE1,9,100617021,aligned,1.0,-0.3333,3,EAC,-0.653,-0.463,0.2907,False,False
rs3021526,FOXE1,9,100617021,aligned,1.0,-0.3333,3,THCA,-14.886,-17.276,-0.1606,True,True
rs3021526,FOXE1,9,100617021,aligned,1.0,-0.3333,3,RCC,-4.472,-0.827,0.8152,False,False
rs3021526,FOXE1,9,100617021,aligned,1.0,-0.3333,3,PC,-6.326,0.889,0.8594,True,False
rs3021526,FOXE1,9,100617021,aligned,1.0,-0.3333,3,GC,-2.693,1.012,0.624,False,False
rs3021526,FOXE1,9,100617021,aligned,1.0,-0.3333,3,PRAD,-1.024,-0.137,0.8667,False,False
rs4460498,FOXE1,9,100620412,aligned,1.0,-0.3333,3,LUAD,0.514,0.253,0.5071,False,False
rs4460498,FOXE1,9,100620412,aligned,1.0,-0.3333,3,LUSC,-1.379,-0.115,0.9169,False,False
rs4460498,FOXE1,9,100620412,aligned,1.0,-0.3333,3,SCLC,-7.714,-1.58,0.7952,True,False
rs4460498,FOXE1,9,100620412,aligned,1.0,-0.3333,3,EC,-4.235,-0.786,0.8145,False,False
rs4460498,FOXE1,9,100620412,aligned,1.0,-0.3333,3,EAC,-0.652,-0.408,0.3743,False,False
rs4460498,FOXE1,9,100620412,aligned,1.0,-0.3333,3,THCA,-15.111,-17.39,-0.1508,True,True
rs4460498,FOXE1,9,100620412,aligned,1.0,-0.3333,3,RCC,-4.632,-0.956,0.7935,False,False
rs4460498,FOXE1,9,100620412,aligned,1.0,-0.3333,3,PC,-6.449,0.755,0.8829,True,False
rs4460498,FOXE1,9,100620412,aligned,1.0,-0.3333,3,GC,-2.856,0.844,0.7045,False,False
rs4460498,FOXE1,9,100620412,aligned,1.0,-0.3333,3,PRAD,-1.028,-0.155,0.8494,False,False
rs2417575,FOXE1,9,100628642,aligned,1.0,-0.3333,3,LUAD,0.584,0.152,0.7399,False,False
rs2417575,FOXE1,9,100628642,aligned,1.0,-0.3333,3,LUSC,-1.685,-0.501,0.7028,False,False
rs2417575,FOXE1,9,100628642,aligned,1.0,-0.3333,3,SCLC,-9.159,-1.496,0.8367,True,False
rs2417575,FOXE1,9,100628642,aligned,1.0,-0.3333,3,EC,-4.488,0.094,0.9792,False,False
rs2417575,FOXE1,9,100628642,aligned,1.0,-0.3333,3,EAC,-0.75,-0.592,0.2103,False,False
rs2417575,FOXE1,9,100628642,aligned,1.0,-0.3333,3,THCA,-17.042,-19.449,-0.1412,True,True
rs2417575,FOXE1,9,100628642,aligned,1.0,-0.3333,3,RCC,-5.354,-1.097,0.7951,False,False
rs2417575,FOXE1,9,100628642,aligned,1.0,-0.3333,3,PC,-7.986,0.522,0.9346,True,False
rs2417575,FOXE1,9,100628642,aligned,1.0,-0.3333,3,GC,-3.354,1.392,0.585,False,False
rs2417575,FOXE1,9,100628642,aligned,1.0,-0.3333,3,PRAD,-1.206,-0.149,0.8761,False,False
rs7847010,FOXE1,9,100630439,aligned,1.0,-0.3333,3,LUAD,0.654,0.244,0.6269,False,False
rs7847010,FOXE1,9,100630439,aligned,1.0,-0.3333,3,LUSC,-1.704,-0.509,0.7014,False,False
rs7847010,FOXE1,9,100630439,aligned,1.0,-0.3333,3,SCLC,-9.126,-1.516,0.8339,True,False
rs7847010,FOXE1,9,100630439,aligned,1.0,-0.3333,3,EC,-4.49,0.073,0.9837,False,False
rs7847010,FOXE1,9,100630439,aligned,1.0,-0.3333,3,EAC,-0.739,-0.621,0.1591,False,False
rs7847010,FOXE1,9,100630439,aligned,1.0,-0.3333,3,THCA,-17.042,-19.375,-0.1369,True,True
rs7847010,FOXE1,9,100630439,aligned,1.0,-0.3333,3,RCC,-5.337,-1.108,0.7923,False,False
rs7847010,FOXE1,9,100630439,aligned,1.0,-0.3333,3,PC,-7.925,0.818,0.8968,True,False
rs7847010,FOXE1,9,100630439,aligned,1.0,-0.3333,3,GC,-4.764,1.583,0.6678,False,False
rs7847010,FOXE1,9,100630439,aligned,1.0,-0.3333,3,PRAD,-1.156,-0.128,0.8894,False,False
rs10115216,TRMO,9,100657119,aligned,1.0,-0.3333,3,LUAD,0.764,0.406,0.4681,False,False
rs10115216,TRMO,9,100657119,aligned,1.0,-0.3333,3,LUSC,-1.641,-0.483,0.7057,False,False
rs10115216,TRMO,9,100657119,aligned,1.0,-0.3333,3,SCLC,-9.144,-1.481,0.838,True,False
rs10115216,TRMO,9,100657119,aligned,1.0,-0.3333,3,EC,-4.578,0.001,0.9997,False,False
rs10115216,TRMO,9,100657119,aligned,1.0,-0.3333,3,EAC,-0.958,-0.779,0.1869,False,False
rs10115216,TRMO,9,100657119,aligned,1.0,-0.3333,3,THCA,-17.077,-19.449,-0.1389,True,True
rs10115216,TRMO,9,100657119,aligned,1.0,-0.3333,3,RCC,-5.419,-1.189,0.7806,False,False
rs10115216,TRMO,9,100657119,aligned,1.0,-0.3333,3,PC,-7.938,0.656,0.9173,True,False
rs10115216,TRMO,9,100657119,aligned,1.0,-0.3333,3,GC,-3.243,1.489,0.5409,False,False
rs10115216,TRMO,9,100657119,aligned,1.0,-0.3333,3,PRAD,-1.229,-0.145,0.8821,False,False
rs6478469,TRMO,9,100658938,aligned,1.0,-0.3333,3,LUAD,0.738,0.371,0.4978,False,False
rs6478469,TRMO,9,100658938,aligned,1.0,-0.3333,3,LUSC,-1.655,-0.503,0.6964,False,False
rs6478469,TRMO,9,100658938,aligned,1.0,-0.3333,3,SCLC,-9.147,-1.501,0.8359,True,False
rs6478469,TRMO,9,100658938,aligned,1.0,-0.3333,3,EC,-4.552,0.012,0.9975,False,False
rs6478469,TRMO,9,100658938,aligned,1.0,-0.3333,3,EAC,-0.959,-0.779,0.1872,False,False
rs6478469,TRMO,9,100658938,aligned,1.0,-0.3333,3,THCA,-17.021,-19.397,-0.1396,True,True
rs6478469,TRMO,9,100658938,aligned,1.0,-0.3333,3,RCC,-5.386,-1.163,0.784,False,False
rs6478469,TRMO,9,100658938,aligned,1.0,-0.3333,3,PC,-7.93,0.639,0.9195,True,False
rs6478469,TRMO,9,100658938,aligned,1.0,-0.3333,3,GC,-3.222,1.516,0.5296,False,False
rs6478469,TRMO,9,100658938,aligned,1.0,-0.3333,3,PRAD,-1.22,-0.138,0.8869,False,False
rs7022148,TRMO,9,100660824,aligned,1.0,-0.3333,3,LUAD,0.768,0.431,0.438,False,False
rs7022148,TRMO,9,100660824,aligned,1.0,-0.3333,3,LUSC,-1.652,-0.488,0.7046,False,False
rs7022148,TRMO,9,100660824,aligned,1.0,-0.3333,3,SCLC,-9.146,-1.518,0.834,True,False
rs7022148,TRMO,9,100660824,aligned,1.0,-0.3333,3,EC,-4.594,-0.031,0.9932,False,False
rs7022148,TRMO,9,100660824,aligned,1.0,-0.3333,3,EAC,-0.956,-0.759,0.2052,False,False
rs7022148,TRMO,9,100660824,aligned,1.0,-0.3333,3,THCA,-17.086,-19.433,-0.1373,True,True
rs7022148,TRMO,9,100660824,aligned,1.0,-0.3333,3,RCC,-5.441,-1.214,0.7768,False,False
rs7022148,TRMO,9,100660824,aligned,1.0,-0.3333,3,PC,-7.929,0.652,0.9178,True,False
rs7022148,TRMO,9,100660824,aligned,1.0,-0.3333,3,GC,-3.226,1.502,0.5344,False,False
rs7022148,TRMO,9,100660824,aligned,1.0,-0.3333,3,PRAD,-1.238,-0.156,0.8736,False,False
rs10818241,TRMO,9,100661972,aligned,1.0,0.0,4,LUAD,0.513,0.192,0.6259,False,False
rs10818241,TRMO,9,100661972,aligned,1.0,0.0,4,LUSC,-1.908,-0.69,0.6381,False,False
rs10818241,TRMO,9,100661972,aligned,1.0,0.0,4,SCLC,-9.408,-1.673,0.8222,True,False
rs10818241,TRMO,9,100661972,aligned,1.0,0.0,4,EC,-4.637,0.089,0.9808,False,False
rs10818241,TRMO,9,100661972,aligned,1.0,0.0,4,EAC,-0.944,-0.743,0.2129,False,False
rs10818241,TRMO,9,100661972,aligned,1.0,0.0,4,THCA,-17.145,-19.443,-0.134,True,True
rs10818241,TRMO,9,100661972,aligned,1.0,0.0,4,RCC,-5.594,-1.348,0.759,True,False
rs10818241,TRMO,9,100661972,aligned,1.0,0.0,4,PC,-7.939,0.641,0.9193,True,False
rs10818241,TRMO,9,100661972,aligned,1.0,0.0,4,GC,-3.187,1.553,0.5128,False,False
rs10818241,TRMO,9,100661972,aligned,1.0,0.0,4,PRAD,-1.244,-0.165,0.8673,False,False
rs10984253,TRMO,9,100664474,aligned,1.0,0.0,4,LUAD,0.743,0.424,0.4297,False,False
rs10984253,TRMO,9,100664474,aligned,1.0,0.0,4,LUSC,-1.682,-0.513,0.695,False,False
rs10984253,TRMO,9,100664474,aligned,1.0,0.0,4,SCLC,-9.167,-1.516,0.8347,True,False
rs10984253,TRMO,9,100664474,aligned,1.0,0.0,4,EC,-4.625,-0.027,0.9942,False,False
rs10984253,TRMO,9,100664474,aligned,1.0,0.0,4,EAC,-0.964,-0.76,0.2117,False,False
rs10984253,TRMO,9,100664474,aligned,1.0,0.0,4,THCA,-17.121,-19.459,-0.1366,True,True
rs10984253,TRMO,9,100664474,aligned,1.0,0.0,4,RCC,-5.493,-1.263,0.77,True,False
rs10984253,TRMO,9,100664474,aligned,1.0,0.0,4,PC,-7.938,0.647,0.9185,True,False
rs10984253,TRMO,9,100664474,aligned,1.0,0.0,4,GC,-3.189,1.556,0.5121,False,False
rs10984253,TRMO,9,100664474,aligned,1.0,0.0,4,PRAD,-1.25,-0.163,0.8699,False,False
rs35202847,SH3PXD2A,10,105611147,aligned,1.0,1.0,3,LUAD,6.181,5.42,0.1232,True,False
rs35202847,SH3PXD2A,10,105611147,aligned,1.0,1.0,3,LUSC,3.849,0.417,0.8915,False,False
rs35202847,SH3PXD2A,10,105611147,aligned,1.0,1.0,3,SCLC,3.101,0.935,0.6986,False,False
rs35202847,SH3PXD2A,10,105611147,aligned,1.0,1.0,3,EC,5.097,0.232,0.9546,False,False
rs35202847,SH3PXD2A,10,105611147,aligned,1.0,1.0,3,EAC,0.181,-0.229,-0.2618,False,False
rs35202847,SH3PXD2A,10,105611147,aligned,1.0,1.0,3,THCA,6.253,4.786,0.2347,True,False
rs35202847,SH3PXD2A,10,105611147,aligned,1.0,1.0,3,RCC,6.85,5.342,0.2201,True,False
rs35202847,SH3PXD2A,10,105611147,aligned,1.0,1.0,3,PC,2.886,-0.102,0.9645,False,False
rs35202847,SH3PXD2A,10,105611147,aligned,1.0,1.0,3,GC,0.214,1.239,-4.7801,False,False
rs35202847,SH3PXD2A,10,105611147,aligned,1.0,1.0,3,PRAD,3.432,3.17,0.0763,False,False
rs72853920,MIR4686,11,2206429,reversed (MTAG-inferred),-1.0,-1.0,2,LUAD,0.864,0.888,-0.0283,False,False
rs72853920,MIR4686,11,2206429,reversed (MTAG-inferred),-1.0,-1.0,2,LUSC,-2.412,-0.855,0.6455,False,False
rs72853920,MIR4686,11,2206429,reversed (MTAG-inferred),-1.0,-1.0,2,SCLC,-2.911,1.3,0.5534,False,False
rs72853920,MIR4686,11,2206429,reversed (MTAG-inferred),-1.0,-1.0,2,EC,-0.766,-3.469,-3.5313,False,False
rs72853920,MIR4686,11,2206429,reversed (MTAG-inferred),-1.0,-1.0,2,EAC,2.843,0.635,0.7765,False,False
rs72853920,MIR4686,11,2206429,reversed (MTAG-inferred),-1.0,-1.0,2,THCA,0.831,-0.277,0.6671,False,False
rs72853920,MIR4686,11,2206429,reversed (MTAG-inferred),-1.0,-1.0,2,RCC,0.047,-0.331,-5.9782,False,False
rs72853920,MIR4686,11,2206429,reversed (MTAG-inferred),-1.0,-1.0,2,PC,4.811,1.15,0.761,False,False
rs72853920,MIR4686,11,2206429,reversed (MTAG-inferred),-1.0,-1.0,2,GC,-8.078,-1.939,0.7599,True,False
rs72853920,MIR4686,11,2206429,reversed (MTAG-inferred),-1.0,-1.0,2,PRAD,12.18,13.351,-0.0962,True,True
rs117520198,MIR4686,11,2212843,reversed (MTAG-inferred),-1.0,-1.0,2,LUAD,0.898,0.926,-0.0312,False,False
rs117520198,MIR4686,11,2212843,reversed (MTAG-inferred),-1.0,-1.0,2,LUSC,-2.55,-1.09,0.5726,False,False
rs117520198,MIR4686,11,2212843,reversed (MTAG-inferred),-1.0,-1.0,2,SCLC,-3.009,1.232,0.5904,False,False
rs117520198,MIR4686,11,2212843,reversed (MTAG-inferred),-1.0,-1.0,2,EC,-0.817,-3.623,-3.4366,False,False
rs117520198,MIR4686,11,2212843,reversed (MTAG-inferred),-1.0,-1.0,2,EAC,2.677,0.465,0.8263,False,False
rs117520198,MIR4686,11,2212843,reversed (MTAG-inferred),-1.0,-1.0,2,THCA,0.91,-0.237,0.7396,False,False
rs117520198,MIR4686,11,2212843,reversed (MTAG-inferred),-1.0,-1.0,2,RCC,0.193,-0.152,0.2134,False,False
rs117520198,MIR4686,11,2212843,reversed (MTAG-inferred),-1.0,-1.0,2,PC,4.812,1.186,0.7536,False,False
rs117520198,MIR4686,11,2212843,reversed (MTAG-inferred),-1.0,-1.0,2,GC,-8.101,-1.968,0.757,True,False
rs117520198,MIR4686,11,2212843,reversed (MTAG-inferred),-1.0,-1.0,2,PRAD,12.285,13.458,-0.0955,True,True
rs11564691,MIR4686,11,2214039,reversed (MTAG-inferred),-1.0,-1.0,2,LUAD,-0.068,0.312,-3.5865,False,False
rs11564691,MIR4686,11,2214039,reversed (MTAG-inferred),-1.0,-1.0,2,LUSC,-2.979,-1.274,0.5722,False,False
rs11564691,MIR4686,11,2214039,reversed (MTAG-inferred),-1.0,-1.0,2,SCLC,-2.66,0.958,0.6398,False,False
rs11564691,MIR4686,11,2214039,reversed (MTAG-inferred),-1.0,-1.0,2,EC,-1.479,-3.416,-1.3101,False,False
rs11564691,MIR4686,11,2214039,reversed (MTAG-inferred),-1.0,-1.0,2,EAC,2.606,0.731,0.7193,False,False
rs11564691,MIR4686,11,2214039,reversed (MTAG-inferred),-1.0,-1.0,2,THCA,0.452,-0.047,0.8952,False,False
rs11564691,MIR4686,11,2214039,reversed (MTAG-inferred),-1.0,-1.0,2,RCC,-0.848,-1.142,-0.3467,False,False
rs11564691,MIR4686,11,2214039,reversed (MTAG-inferred),-1.0,-1.0,2,PC,4.728,1.44,0.6954,False,False
rs11564691,MIR4686,11,2214039,reversed (MTAG-inferred),-1.0,-1.0,2,GC,-7.38,-2.711,0.6327,True,False
rs11564691,MIR4686,11,2214039,reversed (MTAG-inferred),-1.0,-1.0,2,PRAD,10.569,11.499,-0.088,True,True
rs11043050,MIR4686,11,2215333,reversed (MTAG-inferred),-1.0,-1.0,2,LUAD,-0.954,-1.012,-0.0603,False,False
rs11043050,MIR4686,11,2215333,reversed (MTAG-inferred),-1.0,-1.0,2,LUSC,1.969,0.867,0.5597,False,False
rs11043050,MIR4686,11,2215333,reversed (MTAG-inferred),-1.0,-1.0,2,SCLC,3.253,0.972,0.7011,False,False
rs11043050,MIR4686,11,2215333,reversed (MTAG-inferred),-1.0,-1.0,2,EC,0.176,2.156,-11.2648,False,False
rs11043050,MIR4686,11,2215333,reversed (MTAG-inferred),-1.0,-1.0,2,EAC,-0.718,0.372,0.4816,False,False
rs11043050,MIR4686,11,2215333,reversed (MTAG-inferred),-1.0,-1.0,2,THCA,-0.584,0.109,0.814,False,False
rs11043050,MIR4686,11,2215333,reversed (MTAG-inferred),-1.0,-1.0,2,RCC,-0.353,0.549,-0.5562,False,False
rs11043050,MIR4686,11,2215333,reversed (MTAG-inferred),-1.0,-1.0,2,PC,-2.84,0.386,0.864,False,False
rs11043050,MIR4686,11,2215333,reversed (MTAG-inferred),-1.0,-1.0,2,GC,5.536,0.149,0.9731,True,False
rs11043050,MIR4686,11,2215333,reversed (MTAG-inferred),-1.0,-1.0,2,PRAD,-7.79,-8.529,-0.0949,True,True
rs4075003,MIR4686,11,2220304,reversed (MTAG-inferred),-1.0,-1.0,2,LUAD,0.373,0.388,-0.0415,False,False
rs4075003,MIR4686,11,2220304,reversed (MTAG-inferred),-1.0,-1.0,2,LUSC,-2.932,-0.925,0.6844,False,False
rs4075003,MIR4686,11,2220304,reversed (MTAG-inferred),-1.0,-1.0,2,SCLC,-3.435,1.029,0.7005,False,False
rs4075003,MIR4686,11,2220304,reversed (MTAG-inferred),-1.0,-1.0,2,EC,-0.977,-3.845,-2.9343,False,False
rs4075003,MIR4686,11,2220304,reversed (MTAG-inferred),-1.0,-1.0,2,EAC,3.117,0.743,0.7617,False,False
rs4075003,MIR4686,11,2220304,reversed (MTAG-inferred),-1.0,-1.0,2,THCA,0.981,-0.123,0.8743,False,False
rs4075003,MIR4686,11,2220304,reversed (MTAG-inferred),-1.0,-1.0,2,RCC,-0.17,-0.59,-2.4731,False,False
rs4075003,MIR4686,11,2220304,reversed (MTAG-inferred),-1.0,-1.0,2,PC,5.165,0.941,0.8177,False,False
rs4075003,MIR4686,11,2220304,reversed (MTAG-inferred),-1.0,-1.0,2,GC,-8.554,-1.95,0.772,True,False
rs4075003,MIR4686,11,2220304,reversed (MTAG-inferred),-1.0,-1.0,2,PRAD,13.331,14.633,-0.0977,True,True
rs72853954,MIR4686,11,2221765,reversed (MTAG-inferred),-1.0,-1.0,2,LUAD,0.3,0.303,-0.0092,False,False
rs72853954,MIR4686,11,2221765,reversed (MTAG-inferred),-1.0,-1.0,2,LUSC,-2.987,-0.914,0.6939,False,False
rs72853954,MIR4686,11,2221765,reversed (MTAG-inferred),-1.0,-1.0,2,SCLC,-3.447,1.102,0.6804,False,False
rs72853954,MIR4686,11,2221765,reversed (MTAG-inferred),-1.0,-1.0,2,EC,-1.028,-3.878,-2.7742,False,False
rs72853954,MIR4686,11,2221765,reversed (MTAG-inferred),-1.0,-1.0,2,EAC,3.111,0.687,0.7792,False,False
rs72853954,MIR4686,11,2221765,reversed (MTAG-inferred),-1.0,-1.0,2,THCA,1.043,-0.071,0.9315,False,False
rs72853954,MIR4686,11,2221765,reversed (MTAG-inferred),-1.0,-1.0,2,RCC,-0.204,-0.633,-2.0967,False,False
rs72853954,MIR4686,11,2221765,reversed (MTAG-inferred),-1.0,-1.0,2,PC,5.227,0.97,0.8145,False,False
rs72853954,MIR4686,11,2221765,reversed (MTAG-inferred),-1.0,-1.0,2,GC,-8.615,-1.974,0.7709,True,False
rs72853954,MIR4686,11,2221765,reversed (MTAG-inferred),-1.0,-1.0,2,PRAD,13.448,14.771,-0.0984,True,True
rs72853963,MIR4686,11,2224664,mixed,-0.3333,-0.3333,3,LUAD,-0.013,-0.082,-5.4402,False,False
rs72853963,MIR4686,11,2224664,mixed,-0.3333,-0.3333,3,LUSC,-3.931,-1.547,0.6065,False,False
rs72853963,MIR4686,11,2224664,mixed,-0.3333,-0.3333,3,SCLC,-4.797,0.391,0.9185,False,False
rs72853963,MIR4686,11,2224664,mixed,-0.3333,-0.3333,3,EC,-0.936,-3.703,-2.9563,False,False
rs72853963,MIR4686,11,2224664,mixed,-0.3333,-0.3333,3,EAC,2.814,0.123,0.9564,False,False
rs72853963,MIR4686,11,2224664,mixed,-0.3333,-0.3333,3,THCA,1.104,-0.047,0.9577,False,False
rs72853963,MIR4686,11,2224664,mixed,-0.3333,-0.3333,3,RCC,-0.299,-0.834,-1.7919,False,False
rs72853963,MIR4686,11,2224664,mixed,-0.3333,-0.3333,3,PC,5.621,1.04,0.8151,True,False
rs72853963,MIR4686,11,2224664,mixed,-0.3333,-0.3333,3,GC,-9.329,-2.178,0.7666,True,False
rs72853963,MIR4686,11,2224664,mixed,-0.3333,-0.3333,3,PRAD,15.012,16.466,-0.0968,True,True
rs10840584,MIR4686,11,2228618,mixed,-0.3333,-0.3333,3,LUAD,-0.357,-0.098,0.7262,False,False
rs10840584,MIR4686,11,2228618,mixed,-0.3333,-0.3333,3,LUSC,3.384,1.089,0.6781,False,False
rs10840584,MIR4686,11,2228618,mixed,-0.3333,-0.3333,3,SCLC,4.292,-0.509,0.8814,False,False
rs10840584,MIR4686,11,2228618,mixed,-0.3333,-0.3333,3,EC,0.24,3.231,-12.4687,False,False
rs10840584,MIR4686,11,2228618,mixed,-0.3333,-0.3333,3,EAC,-3.214,-0.314,0.9023,False,False
rs10840584,MIR4686,11,2228618,mixed,-0.3333,-0.3333,3,THCA,-1.65,-0.495,0.6998,False,False
rs10840584,MIR4686,11,2228618,mixed,-0.3333,-0.3333,3,RCC,-0.233,0.528,-1.2694,False,False
rs10840584,MIR4686,11,2228618,mixed,-0.3333,-0.3333,3,PC,-5.855,-1.011,0.8272,True,False
rs10840584,MIR4686,11,2228618,mixed,-0.3333,-0.3333,3,GC,8.379,2.348,0.7198,True,False
rs10840584,MIR4686,11,2228618,mixed,-0.3333,-0.3333,3,PRAD,-15.268,-16.656,-0.0909,True,True
rs7126857,MIR4686,11,2229111,mixed,-0.3333,-0.3333,3,LUAD,-0.372,-0.122,0.672,False,False
rs7126857,MIR4686,11,2229111,mixed,-0.3333,-0.3333,3,LUSC,3.367,1.083,0.6782,False,False
rs7126857,MIR4686,11,2229111,mixed,-0.3333,-0.3333,3,SCLC,4.243,-0.582,0.8629,False,False
rs7126857,MIR4686,11,2229111,mixed,-0.3333,-0.3333,3,EC,0.252,3.215,-11.7605,False,False
rs7126857,MIR4686,11,2229111,mixed,-0.3333,-0.3333,3,EAC,-3.214,-0.302,0.9061,False,False
rs7126857,MIR4686,11,2229111,mixed,-0.3333,-0.3333,3,THCA,-1.67,-0.514,0.6923,False,False
rs7126857,MIR4686,11,2229111,mixed,-0.3333,-0.3333,3,RCC,-0.212,0.557,-1.6343,False,False
rs7126857,MIR4686,11,2229111,mixed,-0.3333,-0.3333,3,PC,-5.89,-1.054,0.821,True,False
rs7126857,MIR4686,11,2229111,mixed,-0.3333,-0.3333,3,GC,8.387,2.356,0.7191,True,False
rs7126857,MIR4686,11,2229111,mixed,-0.3333,-0.3333,3,PRAD,-15.264,-16.654,-0.0911,True,True
rs10743181,MIR4686,11,2229759,reversed (MTAG-inferred),-1.0,-1.0,2,LUAD,-0.319,-0.065,0.7945,False,False
rs10743181,MIR4686,11,2229759,reversed (MTAG-inferred),-1.0,-1.0,2,LUSC,3.004,0.571,0.8098,False,False
rs10743181,MIR4686,11,2229759,reversed (MTAG-inferred),-1.0,-1.0,2,SCLC,4.088,-0.447,0.8908,False,False
rs10743181,MIR4686,11,2229759,reversed (MTAG-inferred),-1.0,-1.0,2,EC,0.168,2.577,-14.3621,False,False
rs10743181,MIR4686,11,2229759,reversed (MTAG-inferred),-1.0,-1.0,2,EAC,-3.325,-0.446,0.8658,False,False
rs10743181,MIR4686,11,2229759,reversed (MTAG-inferred),-1.0,-1.0,2,THCA,-1.029,-0.082,0.9199,False,False
rs10743181,MIR4686,11,2229759,reversed (MTAG-inferred),-1.0,-1.0,2,RCC,0.22,0.984,-3.4775,False,False
rs10743181,MIR4686,11,2229759,reversed (MTAG-inferred),-1.0,-1.0,2,PC,-5.426,-0.948,0.8253,False,False
rs10743181,MIR4686,11,2229759,reversed (MTAG-inferred),-1.0,-1.0,2,GC,8.009,2.551,0.6815,True,False
rs10743181,MIR4686,11,2229759,reversed (MTAG-inferred),-1.0,-1.0,2,PRAD,-14.236,-15.523,-0.0904,True,True
rs7395734,MIR4686,11,2231694,mixed,-0.3333,-0.3333,3,LUAD,-0.203,-0.028,0.8625,False,False
rs7395734,MIR4686,11,2231694,mixed,-0.3333,-0.3333,3,LUSC,3.925,1.557,0.6033,False,False
rs7395734,MIR4686,11,2231694,mixed,-0.3333,-0.3333,3,SCLC,4.852,-0.276,0.9432,False,False
rs7395734,MIR4686,11,2231694,mixed,-0.3333,-0.3333,3,EC,0.577,3.61,-5.2517,False,False
rs7395734,MIR4686,11,2231694,mixed,-0.3333,-0.3333,3,EAC,-2.896,0.006,0.9979,False,False
rs7395734,MIR4686,11,2231694,mixed,-0.3333,-0.3333,3,THCA,-1.457,-0.323,0.7786,False,False
rs7395734,MIR4686,11,2231694,mixed,-0.3333,-0.3333,3,RCC,-0.1,0.581,-4.8006,False,False
rs7395734,MIR4686,11,2231694,mixed,-0.3333,-0.3333,3,PC,-5.733,-0.839,0.8536,True,False
rs7395734,MIR4686,11,2231694,mixed,-0.3333,-0.3333,3,GC,8.698,2.363,0.7284,True,False
rs7395734,MIR4686,11,2231694,mixed,-0.3333,-0.3333,3,PRAD,-15.882,-17.364,-0.0933,True,True
rs6579001,MIR4686,11,2232056,mixed,-0.3333,-0.3333,3,LUAD,-0.246,-0.027,0.8909,False,False
rs6579001,MIR4686,11,2232056,mixed,-0.3333,-0.3333,3,LUSC,3.797,1.352,0.644,False,False
rs6579001,MIR4686,11,2232056,mixed,-0.3333,-0.3333,3,SCLC,4.835,-0.297,0.9386,False,False
rs6579001,MIR4686,11,2232056,mixed,-0.3333,-0.3333,3,EC,0.543,3.553,-5.5403,False,False
rs6579001,MIR4686,11,2232056,mixed,-0.3333,-0.3333,3,EAC,-2.891,0.048,0.9835,False,False
rs6579001,MIR4686,11,2232056,mixed,-0.3333,-0.3333,3,THCA,-1.443,-0.275,0.8097,False,False
rs6579001,MIR4686,11,2232056,mixed,-0.3333,-0.3333,3,RCC,-0.078,0.616,-6.871,False,False
rs6579001,MIR4686,11,2232056,mixed,-0.3333,-0.3333,3,PC,-5.841,-1.001,0.8287,True,False
rs6579001,MIR4686,11,2232056,mixed,-0.3333,-0.3333,3,GC,8.64,2.294,0.7345,True,False
rs6579001,MIR4686,11,2232056,mixed,-0.3333,-0.3333,3,PRAD,-15.889,-17.385,-0.0942,True,True
rs7109219,MIR4686,11,2233041,mixed,-0.3333,-0.3333,3,LUAD,0.34,0.317,0.0674,False,False
rs7109219,MIR4686,11,2233041,mixed,-0.3333,-0.3333,3,LUSC,3.621,1.342,0.6293,False,False
rs7109219,MIR4686,11,2233041,mixed,-0.3333,-0.3333,3,SCLC,3.987,0.158,0.9603,False,False
rs7109219,MIR4686,11,2233041,mixed,-0.3333,-0.3333,3,EC,0.653,2.931,-3.4864,False,False
rs7109219,MIR4686,11,2233041,mixed,-0.3333,-0.3333,3,EAC,-2.755,-0.3,0.8912,False,False
rs7109219,MIR4686,11,2233041,mixed,-0.3333,-0.3333,3,THCA,-1.297,-0.751,0.4204,False,False
rs7109219,MIR4686,11,2233041,mixed,-0.3333,-0.3333,3,RCC,0.403,1.09,-1.7059,False,False
rs7109219,MIR4686,11,2233041,mixed,-0.3333,-0.3333,3,PC,-5.721,-1.486,0.7403,True,False
rs7109219,MIR4686,11,2233041,mixed,-0.3333,-0.3333,3,GC,7.884,3.019,0.6171,True,False
rs7109219,MIR4686,11,2233041,mixed,-0.3333,-0.3333,3,PRAD,-13.101,-14.161,-0.0809,True,True
rs7127599,MIR4686,11,2233365,mixed,-0.3333,-0.3333,3,LUAD,-0.575,-0.271,0.528,False,False
rs7127599,MIR4686,11,2233365,mixed,-0.3333,-0.3333,3,LUSC,3.933,1.336,0.6604,False,False
rs7127599,MIR4686,11,2233365,mixed,-0.3333,-0.3333,3,SCLC,5.26,-0.268,0.949,False,False
rs7127599,MIR4686,11,2233365,mixed,-0.3333,-0.3333,3,EC,0.531,3.549,-5.6797,False,False
rs7127599,MIR4686,11,2233365,mixed,-0.3333,-0.3333,3,EAC,-2.93,0.003,0.9991,False,False
rs7127599,MIR4686,11,2233365,mixed,-0.3333,-0.3333,3,THCA,-1.408,0.287,0.7964,False,False
rs7127599,MIR4686,11,2233365,mixed,-0.3333,-0.3333,3,RCC,-0.188,1.09,-4.7975,False,False
rs7127599,MIR4686,11,2233365,mixed,-0.3333,-0.3333,3,PC,-5.822,-0.842,0.8553,True,False
rs7127599,MIR4686,11,2233365,mixed,-0.3333,-0.3333,3,GC,8.867,2.339,0.7362,True,False
rs7127599,MIR4686,11,2233365,mixed,-0.3333,-0.3333,3,PRAD,-15.925,-17.393,-0.0922,True,True
rs71455921,MIR4686,11,2233635,mixed,-0.3333,-0.3333,3,LUAD,0.333,0.349,-0.0473,False,False
rs71455921,MIR4686,11,2233635,mixed,-0.3333,-0.3333,3,LUSC,3.593,1.269,0.6468,False,False
rs71455921,MIR4686,11,2233635,mixed,-0.3333,-0.3333,3,SCLC,4.206,0.171,0.9593,False,False
rs71455921,MIR4686,11,2233635,mixed,-0.3333,-0.3333,3,EC,0.64,2.869,-3.4794,False,False
rs71455921,MIR4686,11,2233635,mixed,-0.3333,-0.3333,3,EAC,-2.758,-0.259,0.906,False,False
rs71455921,MIR4686,11,2233635,mixed,-0.3333,-0.3333,3,THCA,-1.406,-0.751,0.4656,False,False
rs71455921,MIR4686,11,2233635,mixed,-0.3333,-0.3333,3,RCC,0.423,1.09,-1.5788,False,False
rs71455921,MIR4686,11,2233635,mixed,-0.3333,-0.3333,3,PC,-5.926,-1.544,0.7395,True,False
rs71455921,MIR4686,11,2233635,mixed,-0.3333,-0.3333,3,GC,7.952,2.986,0.6244,True,False
rs71455921,MIR4686,11,2233635,mixed,-0.3333,-0.3333,3,PRAD,-13.122,-14.19,-0.0814,True,True
rs11043143,MIR4686,11,2234093,mixed,-0.3333,-0.3333,3,LUAD,-0.315,-0.105,0.6677,False,False
rs11043143,MIR4686,11,2234093,mixed,-0.3333,-0.3333,3,LUSC,3.793,1.436,0.6214,False,False
rs11043143,MIR4686,11,2234093,mixed,-0.3333,-0.3333,3,SCLC,4.801,-0.307,0.9361,False,False
rs11043143,MIR4686,11,2234093,mixed,-0.3333,-0.3333,3,EC,0.48,3.561,-6.4169,False,False
rs11043143,MIR4686,11,2234093,mixed,-0.3333,-0.3333,3,EAC,-2.948,-0.031,0.9895,False,False
rs11043143,MIR4686,11,2234093,mixed,-0.3333,-0.3333,3,THCA,-1.47,-0.296,0.799,False,False
rs11043143,MIR4686,11,2234093,mixed,-0.3333,-0.3333,3,RCC,-0.173,0.523,-2.0142,False,False
rs11043143,MIR4686,11,2234093,mixed,-0.3333,-0.3333,3,PC,-5.753,-0.84,0.854,True,False
rs11043143,MIR4686,11,2234093,mixed,-0.3333,-0.3333,3,GC,8.708,2.337,0.7316,True,False
rs11043143,MIR4686,11,2234093,mixed,-0.3333,-0.3333,3,PRAD,-15.923,-17.409,-0.0933,True,True
rs10896429,TPCN2,11,68876160,reversed (MTAG-inferred),-1.0,-1.0,2,LUAD,0.501,-0.086,0.8281,False,False
rs10896429,TPCN2,11,68876160,reversed (MTAG-inferred),-1.0,-1.0,2,LUSC,-2.553,-1.054,0.5872,False,False
rs10896429,TPCN2,11,68876160,reversed (MTAG-inferred),-1.0,-1.0,2,SCLC,-5.72,-1.231,0.7848,True,False
rs10896429,TPCN2,11,68876160,reversed (MTAG-inferred),-1.0,-1.0,2,EC,2.159,0.808,0.626,False,False
rs10896429,TPCN2,11,68876160,reversed (MTAG-inferred),-1.0,-1.0,2,EAC,3.592,1.01,0.7188,False,False
rs10896429,TPCN2,11,68876160,reversed (MTAG-inferred),-1.0,-1.0,2,THCA,0.953,-0.45,0.5279,False,False
rs10896429,TPCN2,11,68876160,reversed (MTAG-inferred),-1.0,-1.0,2,RCC,0.084,-0.902,-9.7654,False,False
rs10896429,TPCN2,11,68876160,reversed (MTAG-inferred),-1.0,-1.0,2,PC,5.047,1.117,0.7788,False,False
rs10896429,TPCN2,11,68876160,reversed (MTAG-inferred),-1.0,-1.0,2,GC,-5.308,0.993,0.8129,False,False
rs10896429,TPCN2,11,68876160,reversed (MTAG-inferred),-1.0,-1.0,2,PRAD,13.09,14.296,-0.0921,True,True
rs10896439,LOC338694,11,68915362,reversed (MTAG-inferred),-1.0,1.0,2,LUAD,-0.35,-1.139,-2.2538,False,False
rs10896439,LOC338694,11,68915362,reversed (MTAG-inferred),-1.0,1.0,2,LUSC,-2.914,-0.744,0.7445,False,False
rs10896439,LOC338694,11,68915362,reversed (MTAG-inferred),-1.0,1.0,2,SCLC,-5.364,-0.64,0.8807,False,False
rs10896439,LOC338694,11,68915362,reversed (MTAG-inferred),-1.0,1.0,2,EC,1.287,0.018,0.9858,False,False
rs10896439,LOC338694,11,68915362,reversed (MTAG-inferred),-1.0,1.0,2,EAC,2.502,-0.118,0.9528,False,False
rs10896439,LOC338694,11,68915362,reversed (MTAG-inferred),-1.0,1.0,2,THCA,1.112,-0.088,0.9204,False,False
rs10896439,LOC338694,11,68915362,reversed (MTAG-inferred),-1.0,1.0,2,RCC,0.028,-0.825,-28.5275,False,False
rs10896439,LOC338694,11,68915362,reversed (MTAG-inferred),-1.0,1.0,2,PC,3.464,-0.714,0.7938,False,False
rs10896439,LOC338694,11,68915362,reversed (MTAG-inferred),-1.0,1.0,2,GC,-6.02,0.295,0.9511,True,False
rs10896439,LOC338694,11,68915362,reversed (MTAG-inferred),-1.0,1.0,2,PRAD,13.236,14.65,-0.1068,True,True
rs12796066,LOC338694,11,68918556,reversed (MTAG-inferred),-1.0,-1.0,2,LUAD,0.495,-0.33,0.3344,False,False
rs12796066,LOC338694,11,68918556,reversed (MTAG-inferred),-1.0,-1.0,2,LUSC,-2.307,-0.183,0.9208,False,False
rs12796066,LOC338694,11,68918556,reversed (MTAG-inferred),-1.0,-1.0,2,SCLC,-5.292,-0.642,0.8788,False,False
rs12796066,LOC338694,11,68918556,reversed (MTAG-inferred),-1.0,-1.0,2,EC,1.509,0.391,0.741,False,False
rs12796066,LOC338694,11,68918556,reversed (MTAG-inferred),-1.0,-1.0,2,EAC,2.287,-0.517,0.774,False,False
rs12796066,LOC338694,11,68918556,reversed (MTAG-inferred),-1.0,-1.0,2,THCA,0.738,-0.546,0.2601,False,False
rs12796066,LOC338694,11,68918556,reversed (MTAG-inferred),-1.0,-1.0,2,RCC,0.019,-0.898,-45.8365,False,False
rs12796066,LOC338694,11,68918556,reversed (MTAG-inferred),-1.0,-1.0,2,PC,4.183,0.556,0.867,False,False
rs12796066,LOC338694,11,68918556,reversed (MTAG-inferred),-1.0,-1.0,2,GC,-5.876,-0.484,0.9177,True,False
rs12796066,LOC338694,11,68918556,reversed (MTAG-inferred),-1.0,-1.0,2,PRAD,13.169,14.511,-0.1019,True,True
rs12418451,LOC338694,11,68935419,mixed,-0.3333,-0.3333,3,LUAD,-0.203,-1.169,-4.7634,False,False
rs12418451,LOC338694,11,68935419,mixed,-0.3333,-0.3333,3,LUSC,-2.829,-0.623,0.7796,False,False
rs12418451,LOC338694,11,68935419,mixed,-0.3333,-0.3333,3,SCLC,-5.644,-1.006,0.8218,True,False
rs12418451,LOC338694,11,68935419,mixed,-0.3333,-0.3333,3,EC,1.804,0.367,0.7967,False,False
rs12418451,LOC338694,11,68935419,mixed,-0.3333,-0.3333,3,EAC,2.762,0.024,0.9912,False,False
rs12418451,LOC338694,11,68935419,mixed,-0.3333,-0.3333,3,THCA,1.211,-0.056,0.9538,False,False
rs12418451,LOC338694,11,68935419,mixed,-0.3333,-0.3333,3,RCC,0.363,-0.589,-0.6209,False,False
rs12418451,LOC338694,11,68935419,mixed,-0.3333,-0.3333,3,PC,3.547,-0.936,0.7362,False,False
rs12418451,LOC338694,11,68935419,mixed,-0.3333,-0.3333,3,GC,-6.851,-0.056,0.9919,True,False
rs12418451,LOC338694,11,68935419,mixed,-0.3333,-0.3333,3,PRAD,13.675,15.053,-0.1008,True,True
rs12223972,LOC338694,11,68960391,reversed (MTAG-inferred),-1.0,-1.0,2,LUAD,-0.137,-1.151,-7.3789,False,False
rs12223972,LOC338694,11,68960391,reversed (MTAG-inferred),-1.0,-1.0,2,LUSC,-2.708,-0.336,0.8761,False,False
rs12223972,LOC338694,11,68960391,reversed (MTAG-inferred),-1.0,-1.0,2,SCLC,-5.49,-1.135,0.7932,True,False
rs12223972,LOC338694,11,68960391,reversed (MTAG-inferred),-1.0,-1.0,2,EC,1.766,0.059,0.9666,False,False
rs12223972,LOC338694,11,68960391,reversed (MTAG-inferred),-1.0,-1.0,2,EAC,2.404,-0.219,0.9088,False,False
rs12223972,LOC338694,11,68960391,reversed (MTAG-inferred),-1.0,-1.0,2,THCA,1.274,0.159,0.8753,False,False
rs12223972,LOC338694,11,68960391,reversed (MTAG-inferred),-1.0,-1.0,2,RCC,0.555,-0.431,0.2232,False,False
rs12223972,LOC338694,11,68960391,reversed (MTAG-inferred),-1.0,-1.0,2,PC,2.707,-1.95,0.2798,False,False
rs12223972,LOC338694,11,68960391,reversed (MTAG-inferred),-1.0,-1.0,2,GC,-5.265,-0.329,0.9374,False,False
rs12223972,LOC338694,11,68960391,reversed (MTAG-inferred),-1.0,-1.0,2,PRAD,13.75,15.193,-0.105,True,True
rs12418968,LOC338694,11,68977135,mixed,-0.3333,-0.3333,3,LUAD,1.669,-0.208,0.8752,False,False
rs12418968,LOC338694,11,68977135,mixed,-0.3333,-0.3333,3,LUSC,-2.041,-0.569,0.721,False,False
rs12418968,LOC338694,11,68977135,mixed,-0.3333,-0.3333,3,SCLC,-5.954,0.353,0.9407,True,False
rs12418968,LOC338694,11,68977135,mixed,-0.3333,-0.3333,3,EC,2.523,-0.881,0.651,False,False
rs12418968,LOC338694,11,68977135,mixed,-0.3333,-0.3333,3,EAC,3.2,-0.38,0.8812,False,False
rs12418968,LOC338694,11,68977135,mixed,-0.3333,-0.3333,3,THCA,1.829,-1.377,0.2468,False,False
rs12418968,LOC338694,11,68977135,mixed,-0.3333,-0.3333,3,RCC,3.111,2.562,0.1765,False,False
rs12418968,LOC338694,11,68977135,mixed,-0.3333,-0.3333,3,PC,4.728,0.44,0.9069,False,False
rs12418968,LOC338694,11,68977135,mixed,-0.3333,-0.3333,3,GC,-9.044,-0.359,0.9603,True,False
rs12418968,LOC338694,11,68977135,mixed,-0.3333,-0.3333,3,PRAD,16.84,18.528,-0.1002,True,True
rs79485992,LOC338694,11,68980770,reversed (MTAG-inferred),-1.0,1.0,2,LUAD,2.013,0.614,0.6948,False,False
rs79485992,LOC338694,11,68980770,reversed (MTAG-inferred),-1.0,1.0,2,LUSC,-1.98,-1.806,0.088,False,False
rs79485992,LOC338694,11,68980770,reversed (MTAG-inferred),-1.0,1.0,2,SCLC,-4.566,-0.112,0.9755,False,False
rs79485992,LOC338694,11,68980770,reversed (MTAG-inferred),-1.0,1.0,2,EC,2.294,-1.941,0.1538,False,False
rs79485992,LOC338694,11,68980770,reversed (MTAG-inferred),-1.0,1.0,2,EAC,2.046,-0.48,0.7654,False,False
rs79485992,LOC338694,11,68980770,reversed (MTAG-inferred),-1.0,1.0,2,THCA,3.037,0.235,0.9227,False,False
rs79485992,LOC338694,11,68980770,reversed (MTAG-inferred),-1.0,1.0,2,RCC,4.021,3.541,0.1193,False,False
rs79485992,LOC338694,11,68980770,reversed (MTAG-inferred),-1.0,1.0,2,PC,4.135,-0.382,0.9076,False,False
rs79485992,LOC338694,11,68980770,reversed (MTAG-inferred),-1.0,1.0,2,GC,-8.78,0.256,0.9708,True,False
rs79485992,LOC338694,11,68980770,reversed (MTAG-inferred),-1.0,1.0,2,PRAD,13.703,14.921,-0.0889,True,True
rs6606667,LOC102724265,11,69209622,aligned,1.0,1.0,2,LUAD,3.554,0.528,0.8513,False,False
rs6606667,LOC102724265,11,69209622,aligned,1.0,1.0,2,LUSC,4.282,1.137,0.7344,False,False
rs6606667,LOC102724265,11,69209622,aligned,1.0,1.0,2,SCLC,1.523,-0.973,0.3612,False,False
rs6606667,LOC102724265,11,69209622,aligned,1.0,1.0,2,EC,5.945,1.522,0.744,True,False
rs6606667,LOC102724265,11,69209622,aligned,1.0,1.0,2,EAC,-0.259,-0.619,-1.3938,False,False
rs6606667,LOC102724265,11,69209622,aligned,1.0,1.0,2,THCA,5.113,1.663,0.6748,False,False
rs6606667,LOC102724265,11,69209622,aligned,1.0,1.0,2,RCC,9.413,9.6,-0.0199,True,True
rs6606667,LOC102724265,11,69209622,aligned,1.0,1.0,2,PC,0.589,1.053,-0.7873,False,False
rs6606667,LOC102724265,11,69209622,aligned,1.0,1.0,2,GC,0.895,-0.027,0.9696,False,False
rs6606667,LOC102724265,11,69209622,aligned,1.0,1.0,2,PRAD,-0.95,-1.673,-0.76,False,False
rs78416151,LOC102724265,11,69249998,aligned,1.0,1.0,4,LUAD,-3.97,0.356,0.9103,False,False
rs78416151,LOC102724265,11,69249998,aligned,1.0,1.0,4,LUSC,-5.69,-1.628,0.7139,True,False
rs78416151,LOC102724265,11,69249998,aligned,1.0,1.0,4,SCLC,-2.645,-1.373,0.481,False,False
rs78416151,LOC102724265,11,69249998,aligned,1.0,1.0,4,EC,-7.446,-1.29,0.8267,True,False
rs78416151,LOC102724265,11,69249998,aligned,1.0,1.0,4,EAC,-0.854,-0.246,0.7122,False,False
rs78416151,LOC102724265,11,69249998,aligned,1.0,1.0,4,THCA,-6.086,-0.728,0.8804,True,False
rs78416151,LOC102724265,11,69249998,aligned,1.0,1.0,4,RCC,-13.606,-14.768,-0.0854,True,True
rs78416151,LOC102724265,11,69249998,aligned,1.0,1.0,4,PC,2.138,2.051,0.0409,False,False
rs78416151,LOC102724265,11,69249998,aligned,1.0,1.0,4,GC,-1.159,-1.008,0.1301,False,False
rs78416151,LOC102724265,11,69249998,aligned,1.0,1.0,4,PRAD,0.193,0.595,-2.0794,False,False
rs77247065,LOC102724265,11,69251982,aligned,1.0,1.0,4,LUAD,-3.959,0.325,0.9178,False,False
rs77247065,LOC102724265,11,69251982,aligned,1.0,1.0,4,LUSC,-5.696,-1.67,0.7068,True,False
rs77247065,LOC102724265,11,69251982,aligned,1.0,1.0,4,SCLC,-2.705,-1.364,0.4957,False,False
rs77247065,LOC102724265,11,69251982,aligned,1.0,1.0,4,EC,-7.321,-1.162,0.8413,True,False
rs77247065,LOC102724265,11,69251982,aligned,1.0,1.0,4,EAC,-0.809,-0.242,0.7002,False,False
rs77247065,LOC102724265,11,69251982,aligned,1.0,1.0,4,THCA,-6.039,-0.74,0.8775,True,False
rs77247065,LOC102724265,11,69251982,aligned,1.0,1.0,4,RCC,-13.502,-14.667,-0.0863,True,True
rs77247065,LOC102724265,11,69251982,aligned,1.0,1.0,4,PC,2.148,2.047,0.0468,False,False
rs77247065,LOC102724265,11,69251982,aligned,1.0,1.0,4,GC,-1.214,-1.023,0.1574,False,False
rs77247065,LOC102724265,11,69251982,aligned,1.0,1.0,4,PRAD,0.282,0.684,-1.4211,False,False
rs10743579,ITPR2,12,26461145,aligned,1.0,1.0,3,LUAD,3.375,-0.534,0.8418,False,False
rs10743579,ITPR2,12,26461145,aligned,1.0,1.0,3,LUSC,3.929,-0.858,0.7817,False,False
rs10743579,ITPR2,12,26461145,aligned,1.0,1.0,3,SCLC,1.794,-0.65,0.6378,False,False
rs10743579,ITPR2,12,26461145,aligned,1.0,1.0,3,EC,8.236,2.7,0.6721,True,False
rs10743579,ITPR2,12,26461145,aligned,1.0,1.0,3,EAC,2.118,1.419,0.3301,False,False
rs10743579,ITPR2,12,26461145,aligned,1.0,1.0,3,THCA,7.061,2.714,0.6156,True,False
rs10743579,ITPR2,12,26461145,aligned,1.0,1.0,3,RCC,12.143,12.302,-0.013,True,True
rs10743579,ITPR2,12,26461145,aligned,1.0,1.0,3,PC,1.163,0.466,0.5994,False,False
rs10743579,ITPR2,12,26461145,aligned,1.0,1.0,3,GC,-0.858,-1.511,-0.76,False,False
rs10743579,ITPR2,12,26461145,aligned,1.0,1.0,3,PRAD,0.024,-1.187,-47.7085,False,False
rs10842704,ITPR2,12,26462982,aligned,1.0,1.0,3,LUAD,3.374,-0.531,0.8426,False,False
rs10842704,ITPR2,12,26462982,aligned,1.0,1.0,3,LUSC,3.904,-0.884,0.7736,False,False
rs10842704,ITPR2,12,26462982,aligned,1.0,1.0,3,SCLC,1.756,-0.69,0.6071,False,False
rs10842704,ITPR2,12,26462982,aligned,1.0,1.0,3,EC,8.231,2.673,0.6753,True,False
rs10842704,ITPR2,12,26462982,aligned,1.0,1.0,3,EAC,2.112,1.421,0.3273,False,False
rs10842704,ITPR2,12,26462982,aligned,1.0,1.0,3,THCA,7.048,2.705,0.6162,True,False
rs10842704,ITPR2,12,26462982,aligned,1.0,1.0,3,RCC,12.15,12.313,-0.0134,True,True
rs10842704,ITPR2,12,26462982,aligned,1.0,1.0,3,PC,1.147,0.438,0.6179,False,False
rs10842704,ITPR2,12,26462982,aligned,1.0,1.0,3,GC,-0.858,-1.498,-0.7454,False,False
rs10842704,ITPR2,12,26462982,aligned,1.0,1.0,3,PRAD,0.052,-1.157,-21.1683,False,False
rs139653137,KRT78,12,53260717,reversed (MTAG-inferred),-1.0,1.0,2,LUAD,0.757,-0.196,0.7413,False,False
rs139653137,KRT78,12,53260717,reversed (MTAG-inferred),-1.0,1.0,2,LUSC,-1.86,-1.631,0.1232,False,False
rs139653137,KRT78,12,53260717,reversed (MTAG-inferred),-1.0,1.0,2,SCLC,-4.848,-0.81,0.8329,False,False
rs139653137,KRT78,12,53260717,reversed (MTAG-inferred),-1.0,1.0,2,EC,3.247,2.475,0.2378,False,False
rs139653137,KRT78,12,53260717,reversed (MTAG-inferred),-1.0,1.0,2,EAC,3.575,1.606,0.5508,False,False
rs139653137,KRT78,12,53260717,reversed (MTAG-inferred),-1.0,1.0,2,THCA,0.395,-1.183,-1.9964,False,False
rs139653137,KRT78,12,53260717,reversed (MTAG-inferred),-1.0,1.0,2,RCC,1.124,0.402,0.6419,False,False
rs139653137,KRT78,12,53260717,reversed (MTAG-inferred),-1.0,1.0,2,PC,2.135,-1.383,0.352,False,False
rs139653137,KRT78,12,53260717,reversed (MTAG-inferred),-1.0,1.0,2,GC,-6.121,1.279,0.7911,True,False
rs139653137,KRT78,12,53260717,reversed (MTAG-inferred),-1.0,1.0,2,PRAD,10.076,10.907,-0.0824,True,True
rs55914512,KRT8,12,53282274,reversed (MTAG-inferred),-1.0,1.0,2,LUAD,0.064,-0.682,-9.6965,False,False
rs55914512,KRT8,12,53282274,reversed (MTAG-inferred),-1.0,1.0,2,LUSC,-3.104,-2.285,0.2637,False,False
rs55914512,KRT8,12,53282274,reversed (MTAG-inferred),-1.0,1.0,2,SCLC,-5.322,-0.331,0.9377,False,False
rs55914512,KRT8,12,53282274,reversed (MTAG-inferred),-1.0,1.0,2,EC,1.872,0.683,0.635,False,False
rs55914512,KRT8,12,53282274,reversed (MTAG-inferred),-1.0,1.0,2,EAC,3.511,1.24,0.6468,False,False
rs55914512,KRT8,12,53282274,reversed (MTAG-inferred),-1.0,1.0,2,THCA,0.347,-1.194,-2.4399,False,False
rs55914512,KRT8,12,53282274,reversed (MTAG-inferred),-1.0,1.0,2,RCC,0.677,0.16,0.7636,False,False
rs55914512,KRT8,12,53282274,reversed (MTAG-inferred),-1.0,1.0,2,PC,2.2,-1.97,0.1046,False,False
rs55914512,KRT8,12,53282274,reversed (MTAG-inferred),-1.0,1.0,2,GC,-7.965,0.391,0.9509,True,False
rs55914512,KRT8,12,53282274,reversed (MTAG-inferred),-1.0,1.0,2,PRAD,11.87,12.994,-0.0947,True,True
rs113094235,KRT18,12,53323144,reversed (MTAG-inferred),-1.0,-1.0,2,LUAD,0.523,-0.243,0.5351,False,False
rs113094235,KRT18,12,53323144,reversed (MTAG-inferred),-1.0,-1.0,2,LUSC,-2.854,-2.101,0.2639,False,False
rs113094235,KRT18,12,53323144,reversed (MTAG-inferred),-1.0,-1.0,2,SCLC,-5.42,-0.643,0.8813,False,False
rs113094235,KRT18,12,53323144,reversed (MTAG-inferred),-1.0,-1.0,2,EC,2.389,1.042,0.5636,False,False
rs113094235,KRT18,12,53323144,reversed (MTAG-inferred),-1.0,-1.0,2,EAC,3.713,1.29,0.6525,False,False
rs113094235,KRT18,12,53323144,reversed (MTAG-inferred),-1.0,-1.0,2,THCA,0.603,-0.947,-0.5705,False,False
rs113094235,KRT18,12,53323144,reversed (MTAG-inferred),-1.0,-1.0,2,RCC,0.889,0.165,0.815,False,False
rs113094235,KRT18,12,53323144,reversed (MTAG-inferred),-1.0,-1.0,2,PC,2.711,-1.726,0.3634,False,False
rs113094235,KRT18,12,53323144,reversed (MTAG-inferred),-1.0,-1.0,2,GC,-8.303,-0.121,0.9854,True,False
rs113094235,KRT18,12,53323144,reversed (MTAG-inferred),-1.0,-1.0,2,PRAD,12.193,13.257,-0.0872,True,True
rs113466970,DPF3,14,73249404,aligned,1.0,1.0,2,LUAD,3.57,1.238,0.6534,False,False
rs113466970,DPF3,14,73249404,aligned,1.0,1.0,2,LUSC,3.144,-0.94,0.7011,False,False
rs113466970,DPF3,14,73249404,aligned,1.0,1.0,2,SCLC,0.906,-0.535,0.41,False,False
rs113466970,DPF3,14,73249404,aligned,1.0,1.0,2,EC,6.188,1.321,0.7865,True,False
rs113466970,DPF3,14,73249404,aligned,1.0,1.0,2,EAC,2.299,2.258,0.0176,False,False
rs113466970,DPF3,14,73249404,aligned,1.0,1.0,2,THCA,4.611,1.081,0.7655,False,False
rs113466970,DPF3,14,73249404,aligned,1.0,1.0,2,RCC,9.027,9.261,-0.0259,True,True
rs113466970,DPF3,14,73249404,aligned,1.0,1.0,2,PC,0.078,-0.597,-6.6182,False,False
rs113466970,DPF3,14,73249404,aligned,1.0,1.0,2,GC,0.806,1.227,-0.523,False,False
rs113466970,DPF3,14,73249404,aligned,1.0,1.0,2,PRAD,0.801,0.224,0.7206,False,False
rs12435078,DPF3,14,73249806,aligned,1.0,1.0,2,LUAD,4.026,1.351,0.6644,False,False
rs12435078,DPF3,14,73249806,aligned,1.0,1.0,2,LUSC,4.173,0.131,0.9686,False,False
rs12435078,DPF3,14,73249806,aligned,1.0,1.0,2,SCLC,1.61,-0.314,0.805,False,False
rs12435078,DPF3,14,73249806,aligned,1.0,1.0,2,EC,6.961,1.612,0.7685,True,False
rs12435078,DPF3,14,73249806,aligned,1.0,1.0,2,EAC,2.63,2.452,0.0677,False,False
rs12435078,DPF3,14,73249806,aligned,1.0,1.0,2,THCA,5.327,1.596,0.7003,False,False
rs12435078,DPF3,14,73249806,aligned,1.0,1.0,2,RCC,9.687,9.701,-0.0015,True,True
rs12435078,DPF3,14,73249806,aligned,1.0,1.0,2,PC,0.263,-0.815,-2.0973,False,False
rs12435078,DPF3,14,73249806,aligned,1.0,1.0,2,GC,1.078,1.424,-0.3208,False,False
rs12435078,DPF3,14,73249806,aligned,1.0,1.0,2,PRAD,0.981,0.395,0.5978,False,False
rs12435321,DPF3,14,73267602,aligned,1.0,1.0,2,LUAD,3.958,1.305,0.6704,False,False
rs12435321,DPF3,14,73267602,aligned,1.0,1.0,2,LUSC,4.102,0.065,0.9842,False,False
rs12435321,DPF3,14,73267602,aligned,1.0,1.0,2,SCLC,1.608,-0.356,0.7784,False,False
rs12435321,DPF3,14,73267602,aligned,1.0,1.0,2,EC,6.929,1.59,0.7705,True,False
rs12435321,DPF3,14,73267602,aligned,1.0,1.0,2,EAC,2.626,2.443,0.0697,False,False
rs12435321,DPF3,14,73267602,aligned,1.0,1.0,2,THCA,5.423,1.711,0.6845,False,False
rs12435321,DPF3,14,73267602,aligned,1.0,1.0,2,RCC,9.686,9.693,-0.0008,True,True
rs12435321,DPF3,14,73267602,aligned,1.0,1.0,2,PC,0.47,-0.592,-0.2606,False,False
rs12435321,DPF3,14,73267602,aligned,1.0,1.0,2,GC,1.072,1.4,-0.3053,False,False
rs12435321,DPF3,14,73267602,aligned,1.0,1.0,2,PRAD,0.942,0.339,0.6403,False,False
rs11627524,DPF3,14,73268465,aligned,1.0,1.0,3,LUAD,3.971,1.308,0.6705,False,False
rs11627524,DPF3,14,73268465,aligned,1.0,1.0,3,LUSC,4.118,0.069,0.9831,False,False
rs11627524,DPF3,14,73268465,aligned,1.0,1.0,3,SCLC,1.632,-0.357,0.7812,False,False
rs11627524,DPF3,14,73268465,aligned,1.0,1.0,3,EC,6.949,1.575,0.7733,True,False
rs11627524,DPF3,14,73268465,aligned,1.0,1.0,3,EAC,2.627,2.445,0.0692,False,False
rs11627524,DPF3,14,73268465,aligned,1.0,1.0,3,THCA,5.469,1.749,0.6802,True,False
rs11627524,DPF3,14,73268465,aligned,1.0,1.0,3,RCC,9.732,9.736,-0.0004,True,True
rs11627524,DPF3,14,73268465,aligned,1.0,1.0,3,PC,0.481,-0.595,-0.2366,False,False
rs11627524,DPF3,14,73268465,aligned,1.0,1.0,3,GC,1.071,1.389,-0.2973,False,False
rs11627524,DPF3,14,73268465,aligned,1.0,1.0,3,PRAD,0.943,0.336,0.6436,False,False
rs72730359,DPF3,14,73271798,aligned,1.0,1.0,2,LUAD,4.465,2.097,0.5304,False,False
rs72730359,DPF3,14,73271798,aligned,1.0,1.0,2,LUSC,4.421,0.611,0.8619,False,False
rs72730359,DPF3,14,73271798,aligned,1.0,1.0,2,SCLC,1.466,-0.701,0.5217,False,False
rs72730359,DPF3,14,73271798,aligned,1.0,1.0,2,EC,6.83,1.954,0.7139,True,False
rs72730359,DPF3,14,73271798,aligned,1.0,1.0,2,EAC,2.704,2.589,0.0424,False,False
rs72730359,DPF3,14,73271798,aligned,1.0,1.0,2,THCA,4.628,0.785,0.8303,False,False
rs72730359,DPF3,14,73271798,aligned,1.0,1.0,2,RCC,8.937,8.873,0.0072,True,True
rs72730359,DPF3,14,73271798,aligned,1.0,1.0,2,PC,0.598,-0.149,0.7512,False,False
rs72730359,DPF3,14,73271798,aligned,1.0,1.0,2,GC,0.859,1.144,-0.3316,False,False
rs72730359,DPF3,14,73271798,aligned,1.0,1.0,2,PRAD,0.516,-0.132,0.7439,False,False
rs12889140,DPF3,14,73310496,aligned,1.0,1.0,3,LUAD,4.387,1.313,0.7006,False,False
rs12889140,DPF3,14,73310496,aligned,1.0,1.0,3,LUSC,5.014,0.453,0.9096,False,False
rs12889140,DPF3,14,73310496,aligned,1.0,1.0,3,SCLC,2.839,-0.502,0.823,False,False
rs12889140,DPF3,14,73310496,aligned,1.0,1.0,3,EC,7.635,1.147,0.8498,True,False
rs12889140,DPF3,14,73310496,aligned,1.0,1.0,3,EAC,1.616,1.659,-0.0263,False,False
rs12889140,DPF3,14,73310496,aligned,1.0,1.0,3,THCA,7.286,3.593,0.5069,True,False
rs12889140,DPF3,14,73310496,aligned,1.0,1.0,3,RCC,11.36,11.172,0.0165,True,True
rs12889140,DPF3,14,73310496,aligned,1.0,1.0,3,PC,0.404,-0.943,-1.3353,False,False
rs12889140,DPF3,14,73310496,aligned,1.0,1.0,3,GC,2.151,1.7,0.2096,False,False
rs12889140,DPF3,14,73310496,aligned,1.0,1.0,3,PRAD,-0.047,-0.839,-16.6867,False,False
rs34433136,DCAF4,14,73399418,aligned,1.0,1.0,2,LUAD,3.961,1.892,0.5223,False,False
rs34433136,DCAF4,14,73399418,aligned,1.0,1.0,2,LUSC,4.564,2.488,0.455,False,False
rs34433136,DCAF4,14,73399418,aligned,1.0,1.0,2,SCLC,2.344,0.193,0.9175,False,False
rs34433136,DCAF4,14,73399418,aligned,1.0,1.0,2,EC,5.626,1.562,0.7224,True,False
rs34433136,DCAF4,14,73399418,aligned,1.0,1.0,2,EAC,3.206,2.513,0.2162,False,False
rs34433136,DCAF4,14,73399418,aligned,1.0,1.0,2,THCA,3.628,1.47,0.5948,False,False
rs34433136,DCAF4,14,73399418,aligned,1.0,1.0,2,RCC,6.605,6.083,0.079,True,True
rs34433136,DCAF4,14,73399418,aligned,1.0,1.0,2,PC,1.649,-0.029,0.9823,False,False
rs34433136,DCAF4,14,73399418,aligned,1.0,1.0,2,GC,-1.009,-0.814,0.1939,False,False
rs34433136,DCAF4,14,73399418,aligned,1.0,1.0,2,PRAD,1.809,1.304,0.2788,False,False
rs17122577,DCAF4,14,73402827,aligned,1.0,1.0,2,LUAD,3.925,1.891,0.5183,False,False
rs17122577,DCAF4,14,73402827,aligned,1.0,1.0,2,LUSC,4.501,2.482,0.4486,False,False
rs17122577,DCAF4,14,73402827,aligned,1.0,1.0,2,SCLC,2.29,0.191,0.9164,False,False
rs17122577,DCAF4,14,73402827,aligned,1.0,1.0,2,EC,5.542,1.565,0.7176,True,False
rs17122577,DCAF4,14,73402827,aligned,1.0,1.0,2,EAC,3.184,2.486,0.2193,False,False
rs17122577,DCAF4,14,73402827,aligned,1.0,1.0,2,THCA,3.498,1.382,0.6049,False,False
rs17122577,DCAF4,14,73402827,aligned,1.0,1.0,2,RCC,6.481,5.966,0.0794,True,True
rs17122577,DCAF4,14,73402827,aligned,1.0,1.0,2,PC,1.602,-0.054,0.9662,False,False
rs17122577,DCAF4,14,73402827,aligned,1.0,1.0,2,GC,-1.089,-0.886,0.1861,False,False
rs17122577,DCAF4,14,73402827,aligned,1.0,1.0,2,PRAD,1.821,1.323,0.2738,False,False
rs4903078,DCAF4,14,73404438,aligned,1.0,1.0,2,LUAD,3.932,1.897,0.5177,False,False
rs4903078,DCAF4,14,73404438,aligned,1.0,1.0,2,LUSC,4.5,2.486,0.4475,False,False
rs4903078,DCAF4,14,73404438,aligned,1.0,1.0,2,SCLC,2.29,0.185,0.9193,False,False
rs4903078,DCAF4,14,73404438,aligned,1.0,1.0,2,EC,5.541,1.558,0.7188,True,False
rs4903078,DCAF4,14,73404438,aligned,1.0,1.0,2,EAC,3.175,2.471,0.222,False,False
rs4903078,DCAF4,14,73404438,aligned,1.0,1.0,2,THCA,3.506,1.394,0.6025,False,False
rs4903078,DCAF4,14,73404438,aligned,1.0,1.0,2,RCC,6.488,5.97,0.0799,True,True
rs4903078,DCAF4,14,73404438,aligned,1.0,1.0,2,PC,1.622,-0.036,0.978,False,False
rs4903078,DCAF4,14,73404438,aligned,1.0,1.0,2,GC,-1.115,-0.915,0.1795,False,False
rs4903078,DCAF4,14,73404438,aligned,1.0,1.0,2,PRAD,1.836,1.336,0.2728,False,False
rs11621489,DCAF4,14,73407856,aligned,1.0,1.0,2,LUAD,4.019,1.986,0.5059,False,False
rs11621489,DCAF4,14,73407856,aligned,1.0,1.0,2,LUSC,4.562,2.509,0.4499,False,False
rs11621489,DCAF4,14,73407856,aligned,1.0,1.0,2,SCLC,2.278,0.153,0.9328,False,False
rs11621489,DCAF4,14,73407856,aligned,1.0,1.0,2,EC,5.56,1.605,0.7113,True,False
rs11621489,DCAF4,14,73407856,aligned,1.0,1.0,2,EAC,3.102,2.417,0.2211,False,False
rs11621489,DCAF4,14,73407856,aligned,1.0,1.0,2,THCA,3.421,1.304,0.6189,False,False
rs11621489,DCAF4,14,73407856,aligned,1.0,1.0,2,RCC,6.488,5.982,0.078,True,True
rs11621489,DCAF4,14,73407856,aligned,1.0,1.0,2,PC,1.552,-0.016,0.99,False,False
rs11621489,DCAF4,14,73407856,aligned,1.0,1.0,2,GC,-1.051,-0.877,0.1656,False,False
rs11621489,DCAF4,14,73407856,aligned,1.0,1.0,2,PRAD,1.723,1.215,0.2951,False,False
rs11158998,DCAF4,14,73417744,aligned,1.0,1.0,2,LUAD,4.163,2.154,0.4826,False,False
rs11158998,DCAF4,14,73417744,aligned,1.0,1.0,2,LUSC,4.573,2.538,0.445,False,False
rs11158998,DCAF4,14,73417744,aligned,1.0,1.0,2,SCLC,2.222,0.073,0.9672,False,False
rs11158998,DCAF4,14,73417744,aligned,1.0,1.0,2,EC,5.567,1.546,0.7223,True,False
rs11158998,DCAF4,14,73417744,aligned,1.0,1.0,2,EAC,3.204,2.496,0.221,False,False
rs11158998,DCAF4,14,73417744,aligned,1.0,1.0,2,THCA,3.251,1.157,0.644,False,False
rs11158998,DCAF4,14,73417744,aligned,1.0,1.0,2,RCC,6.484,5.981,0.0776,True,True
rs11158998,DCAF4,14,73417744,aligned,1.0,1.0,2,PC,1.627,0.004,0.9978,False,False
rs11158998,DCAF4,14,73417744,aligned,1.0,1.0,2,GC,-1.362,-1.138,0.165,False,False
rs11158998,DCAF4,14,73417744,aligned,1.0,1.0,2,PRAD,1.887,1.358,0.2801,False,False
rs11158999,DCAF4,14,73423827,aligned,1.0,1.0,2,LUAD,4.135,2.103,0.4915,False,False
rs11158999,DCAF4,14,73423827,aligned,1.0,1.0,2,LUSC,4.59,2.55,0.4443,False,False
rs11158999,DCAF4,14,73423827,aligned,1.0,1.0,2,SCLC,2.26,0.058,0.9745,False,False
rs11158999,DCAF4,14,73423827,aligned,1.0,1.0,2,EC,5.641,1.579,0.7201,True,False
rs11158999,DCAF4,14,73423827,aligned,1.0,1.0,2,EAC,3.23,2.511,0.2224,False,False
rs11158999,DCAF4,14,73423827,aligned,1.0,1.0,2,THCA,3.391,1.294,0.6186,False,False
rs11158999,DCAF4,14,73423827,aligned,1.0,1.0,2,RCC,6.557,6.027,0.0809,True,True
rs11158999,DCAF4,14,73423827,aligned,1.0,1.0,2,PC,1.688,0.002,0.9986,False,False
rs11158999,DCAF4,14,73423827,aligned,1.0,1.0,2,GC,-1.332,-1.129,0.1524,False,False
rs11158999,DCAF4,14,73423827,aligned,1.0,1.0,2,PRAD,1.907,1.37,0.2816,False,False
rs1007934,ZFYVE1,14,73463479,aligned,1.0,1.0,2,LUAD,-5.255,-3.441,0.3451,False,False
rs1007934,ZFYVE1,14,73463479,aligned,1.0,1.0,2,LUSC,-5.182,-2.261,0.5637,False,False
rs1007934,ZFYVE1,14,73463479,aligned,1.0,1.0,2,SCLC,-2.552,-0.948,0.6285,False,False
rs1007934,ZFYVE1,14,73463479,aligned,1.0,1.0,2,EC,-5.768,-1.714,0.7029,True,False
rs1007934,ZFYVE1,14,73463479,aligned,1.0,1.0,2,EAC,-2.35,-2.082,0.1141,False,False
rs1007934,ZFYVE1,14,73463479,aligned,1.0,1.0,2,THCA,-3.201,-0.864,0.7301,False,False
rs1007934,ZFYVE1,14,73463479,aligned,1.0,1.0,2,RCC,-6.73,-6.21,0.0773,True,True
rs1007934,ZFYVE1,14,73463479,aligned,1.0,1.0,2,PC,0.489,2.053,-3.1949,False,False
rs1007934,ZFYVE1,14,73463479,aligned,1.0,1.0,2,GC,-0.818,-1.514,-0.8509,False,False
rs1007934,ZFYVE1,14,73463479,aligned,1.0,1.0,2,PRAD,-1.478,-1.268,0.1417,False,False
rs10400825,KNL1,15,40881116,aligned,1.0,1.0,2,LUAD,-0.74,0.928,-0.2536,False,False
rs10400825,KNL1,15,40881116,aligned,1.0,1.0,2,LUSC,-0.575,-0.198,0.6558,False,False
rs10400825,KNL1,15,40881116,aligned,1.0,1.0,2,SCLC,0.897,0.565,0.3698,False,False
rs10400825,KNL1,15,40881116,aligned,1.0,1.0,2,EC,-4.067,-2.166,0.4674,False,False
rs10400825,KNL1,15,40881116,aligned,1.0,1.0,2,EAC,-0.92,0.753,0.1823,False,False
rs10400825,KNL1,15,40881116,aligned,1.0,1.0,2,THCA,-5.714,-4.016,0.2972,True,False
rs10400825,KNL1,15,40881116,aligned,1.0,1.0,2,RCC,-4.085,-2.96,0.2755,False,False
rs10400825,KNL1,15,40881116,aligned,1.0,1.0,2,PC,-5.077,-2.632,0.4816,False,False
rs10400825,KNL1,15,40881116,aligned,1.0,1.0,2,GC,1.909,0.2,0.8951,False,False
rs10400825,KNL1,15,40881116,aligned,1.0,1.0,2,PRAD,-5.488,-5.583,-0.0173,True,True
rs7167768,KNL1,15,40906197,aligned,1.0,1.0,2,LUAD,0.913,-0.804,0.12,False,False
rs7167768,KNL1,15,40906197,aligned,1.0,1.0,2,LUSC,0.737,0.152,0.7935,False,False
rs7167768,KNL1,15,40906197,aligned,1.0,1.0,2,SCLC,-0.436,-0.489,-0.1229,False,False
rs7167768,KNL1,15,40906197,aligned,1.0,1.0,2,EC,4.503,2.368,0.4741,False,False
rs7167768,KNL1,15,40906197,aligned,1.0,1.0,2,EAC,1.006,-0.741,0.2638,False,False
rs7167768,KNL1,15,40906197,aligned,1.0,1.0,2,THCA,6.248,4.621,0.2603,True,False
rs7167768,KNL1,15,40906197,aligned,1.0,1.0,2,RCC,4.535,3.154,0.3045,False,False
rs7167768,KNL1,15,40906197,aligned,1.0,1.0,2,PC,5.207,2.485,0.5227,False,False
rs7167768,KNL1,15,40906197,aligned,1.0,1.0,2,GC,-1.794,-0.663,0.6302,False,False
rs7167768,KNL1,15,40906197,aligned,1.0,1.0,2,PRAD,5.6,5.602,-0.0004,True,True
rs2412541,KNL1,15,40913840,aligned,1.0,1.0,2,LUAD,0.794,-0.887,-0.1168,False,False
rs2412541,KNL1,15,40913840,aligned,1.0,1.0,2,LUSC,0.692,0.034,0.9513,False,False
rs2412541,KNL1,15,40913840,aligned,1.0,1.0,2,SCLC,-0.591,-0.62,-0.0492,False,False
rs2412541,KNL1,15,40913840,aligned,1.0,1.0,2,EC,4.548,2.344,0.4846,False,False
rs2412541,KNL1,15,40913840,aligned,1.0,1.0,2,EAC,0.918,-0.656,0.2852,False,False
rs2412541,KNL1,15,40913840,aligned,1.0,1.0,2,THCA,6.263,4.63,0.2607,True,False
rs2412541,KNL1,15,40913840,aligned,1.0,1.0,2,RCC,4.565,3.224,0.2939,False,False
rs2412541,KNL1,15,40913840,aligned,1.0,1.0,2,PC,4.555,1.789,0.6073,False,False
rs2412541,KNL1,15,40913840,aligned,1.0,1.0,2,GC,-0.271,0.608,-1.2471,False,False
rs2412541,KNL1,15,40913840,aligned,1.0,1.0,2,PRAD,5.494,5.596,-0.0187,True,True
rs8035775,KNL1,15,40922403,aligned,1.0,1.0,2,LUAD,0.794,-0.917,-0.1549,False,False
rs8035775,KNL1,15,40922403,aligned,1.0,1.0,2,LUSC,0.681,0.075,0.8898,False,False
rs8035775,KNL1,15,40922403,aligned,1.0,1.0,2,SCLC,-0.678,-0.684,-0.0081,False,False
rs8035775,KNL1,15,40922403,aligned,1.0,1.0,2,EC,4.563,2.391,0.476,False,False
rs8035775,KNL1,15,40922403,aligned,1.0,1.0,2,EAC,0.801,-0.806,-0.0059,False,False
rs8035775,KNL1,15,40922403,aligned,1.0,1.0,2,THCA,6.261,4.626,0.2612,True,False
rs8035775,KNL1,15,40922403,aligned,1.0,1.0,2,RCC,4.569,3.213,0.2967,False,False
rs8035775,KNL1,15,40922403,aligned,1.0,1.0,2,PC,4.54,1.789,0.6059,False,False
rs8035775,KNL1,15,40922403,aligned,1.0,1.0,2,GC,-0.28,0.589,-1.1008,False,False
rs8035775,KNL1,15,40922403,aligned,1.0,1.0,2,PRAD,5.554,5.671,-0.021,True,True
rs12906095,KNL1,15,40964393,aligned,1.0,1.0,2,LUAD,0.71,-1.006,-0.4164,False,False
rs12906095,KNL1,15,40964393,aligned,1.0,1.0,2,LUSC,0.656,0.218,0.6678,False,False
rs12906095,KNL1,15,40964393,aligned,1.0,1.0,2,SCLC,-0.596,-0.744,-0.2489,False,False
rs12906095,KNL1,15,40964393,aligned,1.0,1.0,2,EC,4.493,2.441,0.4566,False,False
rs12906095,KNL1,15,40964393,aligned,1.0,1.0,2,EAC,1.025,-0.701,0.316,False,False
rs12906095,KNL1,15,40964393,aligned,1.0,1.0,2,THCA,6.141,4.59,0.2525,True,False
rs12906095,KNL1,15,40964393,aligned,1.0,1.0,2,RCC,4.401,3.022,0.3134,False,False
rs12906095,KNL1,15,40964393,aligned,1.0,1.0,2,PC,5.182,2.47,0.5233,False,False
rs12906095,KNL1,15,40964393,aligned,1.0,1.0,2,GC,-1.679,-0.636,0.6215,False,False
rs12906095,KNL1,15,40964393,aligned,1.0,1.0,2,PRAD,5.516,5.508,0.0014,True,True
rs17851970,DIS3L,15,66612965,aligned,1.0,1.0,2,LUAD,3.362,0.664,0.8025,False,False
rs17851970,DIS3L,15,66612965,aligned,1.0,1.0,2,LUSC,3.792,2.602,0.3137,False,False
rs17851970,DIS3L,15,66612965,aligned,1.0,1.0,2,SCLC,1.14,2.184,-0.9154,False,False
rs17851970,DIS3L,15,66612965,aligned,1.0,1.0,2,EC,4.585,0.796,0.8263,False,False
rs17851970,DIS3L,15,66612965,aligned,1.0,1.0,2,EAC,1.315,-0.494,0.6241,False,False
rs17851970,DIS3L,15,66612965,aligned,1.0,1.0,2,THCA,4.891,1.329,0.7283,False,False
rs17851970,DIS3L,15,66612965,aligned,1.0,1.0,2,RCC,6.617,6.201,0.0628,True,True
rs17851970,DIS3L,15,66612965,aligned,1.0,1.0,2,PC,2.201,0.669,0.6962,False,False
rs17851970,DIS3L,15,66612965,aligned,1.0,1.0,2,GC,-0.789,1.339,-0.6979,False,False
rs17851970,DIS3L,15,66612965,aligned,1.0,1.0,2,PRAD,5.477,5.975,-0.0908,True,True
rs113513894,MAP2K1,15,66689302,aligned,1.0,1.0,3,LUAD,3.545,1.011,0.7149,False,False
rs113513894,MAP2K1,15,66689302,aligned,1.0,1.0,3,LUSC,4.064,2.925,0.2802,False,False
rs113513894,MAP2K1,15,66689302,aligned,1.0,1.0,3,SCLC,1.54,2.032,-0.32,False,False
rs113513894,MAP2K1,15,66689302,aligned,1.0,1.0,3,EC,4.806,0.677,0.8591,False,False
rs113513894,MAP2K1,15,66689302,aligned,1.0,1.0,3,EAC,1.427,-0.313,0.7805,False,False
rs113513894,MAP2K1,15,66689302,aligned,1.0,1.0,3,THCA,5.722,2.285,0.6007,True,False
rs113513894,MAP2K1,15,66689302,aligned,1.0,1.0,3,RCC,6.907,6.185,0.1045,True,True
rs113513894,MAP2K1,15,66689302,aligned,1.0,1.0,3,PC,3.162,1.148,0.6371,False,False
rs113513894,MAP2K1,15,66689302,aligned,1.0,1.0,3,GC,-0.287,1.734,-5.0327,False,False
rs113513894,MAP2K1,15,66689302,aligned,1.0,1.0,3,PRAD,5.554,6.034,-0.0865,True,True
rs77515996,MAP2K1,15,66708939,aligned,1.0,1.0,2,LUAD,3.674,1.016,0.7234,False,False
rs77515996,MAP2K1,15,66708939,aligned,1.0,1.0,2,LUSC,4.153,2.968,0.2853,False,False
rs77515996,MAP2K1,15,66708939,aligned,1.0,1.0,2,SCLC,1.498,2.08,-0.3881,False,False
rs77515996,MAP2K1,15,66708939,aligned,1.0,1.0,2,EC,4.809,0.659,0.8629,False,False
rs77515996,MAP2K1,15,66708939,aligned,1.0,1.0,2,EAC,1.432,-0.324,0.774,False,False
rs77515996,MAP2K1,15,66708939,aligned,1.0,1.0,2,THCA,5.112,1.799,0.6481,False,False
rs77515996,MAP2K1,15,66708939,aligned,1.0,1.0,2,RCC,6.866,6.294,0.0833,True,True
rs77515996,MAP2K1,15,66708939,aligned,1.0,1.0,2,PC,2.45,0.624,0.7455,False,False
rs77515996,MAP2K1,15,66708939,aligned,1.0,1.0,2,GC,-0.625,1.377,-1.2033,False,False
rs77515996,MAP2K1,15,66708939,aligned,1.0,1.0,2,PRAD,5.561,6.031,-0.0845,True,True
rs112747606,MAP2K1,15,66716106,aligned,1.0,1.0,2,LUAD,3.82,1.153,0.6981,False,False
rs112747606,MAP2K1,15,66716106,aligned,1.0,1.0,2,LUSC,4.429,3.506,0.2084,False,False
rs112747606,MAP2K1,15,66716106,aligned,1.0,1.0,2,SCLC,1.868,2.515,-0.3458,False,False
rs112747606,MAP2K1,15,66716106,aligned,1.0,1.0,2,EC,4.793,0.985,0.7945,False,False
rs112747606,MAP2K1,15,66716106,aligned,1.0,1.0,2,EAC,1.483,-0.448,0.6979,False,False
rs112747606,MAP2K1,15,66716106,aligned,1.0,1.0,2,THCA,5.098,1.636,0.679,False,False
rs112747606,MAP2K1,15,66716106,aligned,1.0,1.0,2,RCC,6.582,5.906,0.1028,True,True
rs112747606,MAP2K1,15,66716106,aligned,1.0,1.0,2,PC,2.249,0.117,0.9479,False,False
rs112747606,MAP2K1,15,66716106,aligned,1.0,1.0,2,GC,-2.214,0.654,0.7047,False,False
rs112747606,MAP2K1,15,66716106,aligned,1.0,1.0,2,PRAD,5.603,6.067,-0.0829,True,True
rs11636809,MAP2K1,15,66729927,aligned,1.0,1.0,2,LUAD,3.813,1.092,0.7137,False,False
rs11636809,MAP2K1,15,66729927,aligned,1.0,1.0,2,LUSC,4.284,3.012,0.2969,False,False
rs11636809,MAP2K1,15,66729927,aligned,1.0,1.0,2,SCLC,1.452,1.962,-0.3513,False,False
rs11636809,MAP2K1,15,66729927,aligned,1.0,1.0,2,EC,4.992,0.703,0.8591,False,False
rs11636809,MAP2K1,15,66729927,aligned,1.0,1.0,2,EAC,1.411,-0.334,0.7635,False,False
rs11636809,MAP2K1,15,66729927,aligned,1.0,1.0,2,THCA,5.198,1.793,0.655,False,False
rs11636809,MAP2K1,15,66729927,aligned,1.0,1.0,2,RCC,7.074,6.504,0.0805,True,True
rs11636809,MAP2K1,15,66729927,aligned,1.0,1.0,2,PC,2.447,0.643,0.737,False,False
rs11636809,MAP2K1,15,66729927,aligned,1.0,1.0,2,GC,-0.421,1.604,-2.8125,False,False
rs11636809,MAP2K1,15,66729927,aligned,1.0,1.0,2,PRAD,5.571,6.04,-0.0842,True,True
rs111572611,SNAPC5,15,66755923,aligned,1.0,1.0,2,LUAD,3.812,1.118,0.7068,False,False
rs111572611,SNAPC5,15,66755923,aligned,1.0,1.0,2,LUSC,4.261,3.01,0.2935,False,False
rs111572611,SNAPC5,15,66755923,aligned,1.0,1.0,2,SCLC,1.446,1.941,-0.3428,False,False
rs111572611,SNAPC5,15,66755923,aligned,1.0,1.0,2,EC,4.943,0.634,0.8717,False,False
rs111572611,SNAPC5,15,66755923,aligned,1.0,1.0,2,EAC,1.419,-0.317,0.7766,False,False
rs111572611,SNAPC5,15,66755923,aligned,1.0,1.0,2,THCA,5.165,1.786,0.6543,False,False
rs111572611,SNAPC5,15,66755923,aligned,1.0,1.0,2,RCC,7.037,6.471,0.0804,True,True
rs111572611,SNAPC5,15,66755923,aligned,1.0,1.0,2,PC,2.464,0.644,0.7385,False,False
rs111572611,SNAPC5,15,66755923,aligned,1.0,1.0,2,GC,-0.461,1.574,-2.4123,False,False
rs111572611,SNAPC5,15,66755923,aligned,1.0,1.0,2,PRAD,5.602,6.072,-0.0839,True,True
rs28684409,SNORD18B,15,66794706,aligned,1.0,1.0,2,LUAD,3.807,1.198,0.6853,False,False
rs28684409,SNORD18B,15,66794706,aligned,1.0,1.0,2,LUSC,4.447,3.45,0.2242,False,False
rs28684409,SNORD18B,15,66794706,aligned,1.0,1.0,2,SCLC,1.818,2.396,-0.3184,False,False
rs28684409,SNORD18B,15,66794706,aligned,1.0,1.0,2,EC,4.889,0.976,0.8004,False,False
rs28684409,SNORD18B,15,66794706,aligned,1.0,1.0,2,EAC,1.41,-0.437,0.6899,False,False
rs28684409,SNORD18B,15,66794706,aligned,1.0,1.0,2,THCA,5.094,1.934,0.6205,False,False
rs28684409,SNORD18B,15,66794706,aligned,1.0,1.0,2,RCC,6.62,5.871,0.1131,True,True
rs28684409,SNORD18B,15,66794706,aligned,1.0,1.0,2,PC,2.26,0.246,0.8911,False,False
rs28684409,SNORD18B,15,66794706,aligned,1.0,1.0,2,GC,-0.698,1.364,-0.9534,False,False
rs28684409,SNORD18B,15,66794706,aligned,1.0,1.0,2,PRAD,5.617,6.134,-0.0921,True,True
rs79350921,ZWILCH,15,66801937,aligned,1.0,1.0,2,LUAD,3.819,1.141,0.7012,False,False
rs79350921,ZWILCH,15,66801937,aligned,1.0,1.0,2,LUSC,4.259,2.966,0.3037,False,False
rs79350921,ZWILCH,15,66801937,aligned,1.0,1.0,2,SCLC,1.462,1.917,-0.311,False,False
rs79350921,ZWILCH,15,66801937,aligned,1.0,1.0,2,EC,5.015,0.716,0.8573,False,False
rs79350921,ZWILCH,15,66801937,aligned,1.0,1.0,2,EAC,1.451,-0.264,0.8183,False,False
rs79350921,ZWILCH,15,66801937,aligned,1.0,1.0,2,THCA,5.209,1.858,0.6434,False,False
rs79350921,ZWILCH,15,66801937,aligned,1.0,1.0,2,RCC,7.039,6.444,0.0845,True,True
rs79350921,ZWILCH,15,66801937,aligned,1.0,1.0,2,PC,2.408,0.532,0.7792,False,False
rs79350921,ZWILCH,15,66801937,aligned,1.0,1.0,2,GC,-0.396,1.64,-3.1424,False,False
rs79350921,ZWILCH,15,66801937,aligned,1.0,1.0,2,PRAD,5.581,6.042,-0.0827,True,True
rs2869030,IREB2,15,78711803,aligned,1.0,1.0,3,LUAD,6.726,5.944,0.1163,True,True
rs2869030,IREB2,15,78711803,aligned,1.0,1.0,3,LUSC,8.295,7.76,0.0645,True,True
rs2869030,IREB2,15,78711803,aligned,1.0,1.0,3,SCLC,5.89,4.809,0.1835,True,False
rs2869030,IREB2,15,78711803,aligned,1.0,1.0,3,EC,2.413,1.268,0.4745,False,False
rs2869030,IREB2,15,78711803,aligned,1.0,1.0,3,EAC,0.213,-0.278,-0.3044,False,False
rs2869030,IREB2,15,78711803,aligned,1.0,1.0,3,THCA,-0.328,-1.388,-3.2307,False,False
rs2869030,IREB2,15,78711803,aligned,1.0,1.0,3,RCC,1.818,1.182,0.3495,False,False
rs2869030,IREB2,15,78711803,aligned,1.0,1.0,3,PC,-1.148,-0.56,0.5124,False,False
rs2869030,IREB2,15,78711803,aligned,1.0,1.0,3,GC,1.15,0.712,0.3805,False,False
rs2869030,IREB2,15,78711803,aligned,1.0,1.0,3,PRAD,-1.195,-0.902,0.2452,False,False
rs2938670,IREB2,15,78740688,aligned,1.0,1.0,3,LUAD,12.24,12.153,0.0071,True,True
rs2938670,IREB2,15,78740688,aligned,1.0,1.0,3,LUSC,12.975,11.169,0.1392,True,True
rs2938670,IREB2,15,78740688,aligned,1.0,1.0,3,SCLC,10.946,7.813,0.2862,True,True
rs2938670,IREB2,15,78740688,aligned,1.0,1.0,3,EC,2.885,-0.9,0.688,False,False
rs2938670,IREB2,15,78740688,aligned,1.0,1.0,3,EAC,1.398,1.231,0.1197,False,False
rs2938670,IREB2,15,78740688,aligned,1.0,1.0,3,THCA,-0.194,-1.011,-4.2189,False,False
rs2938670,IREB2,15,78740688,aligned,1.0,1.0,3,RCC,3.065,1.883,0.3858,False,False
rs2938670,IREB2,15,78740688,aligned,1.0,1.0,3,PC,-0.703,-0.984,-0.3989,False,False
rs2938670,IREB2,15,78740688,aligned,1.0,1.0,3,GC,0.483,-0.043,0.9109,False,False
rs2938670,IREB2,15,78740688,aligned,1.0,1.0,3,PRAD,-1.431,-1.24,0.1332,False,False
rs2938674,IREB2,15,78757913,aligned,1.0,1.0,3,LUAD,-8.88,-7.83,0.1182,True,True
rs2938674,IREB2,15,78757913,aligned,1.0,1.0,3,LUSC,-10.842,-10.164,0.0626,True,True
rs2938674,IREB2,15,78757913,aligned,1.0,1.0,3,SCLC,-8.046,-6.118,0.2395,True,True
rs2938674,IREB2,15,78757913,aligned,1.0,1.0,3,EC,-3.262,-0.914,0.7198,False,False
rs2938674,IREB2,15,78757913,aligned,1.0,1.0,3,EAC,-1.122,-0.418,0.6273,False,False
rs2938674,IREB2,15,78757913,aligned,1.0,1.0,3,THCA,0.066,1.361,-19.7359,False,False
rs2938674,IREB2,15,78757913,aligned,1.0,1.0,3,RCC,-2.865,-1.985,0.3072,False,False
rs2938674,IREB2,15,78757913,aligned,1.0,1.0,3,PC,0.766,0.628,0.18,False,False
rs2938674,IREB2,15,78757913,aligned,1.0,1.0,3,GC,-0.494,-0.057,0.8839,False,False
rs2938674,IREB2,15,78757913,aligned,1.0,1.0,3,PRAD,0.895,0.62,0.3071,False,False
rs16969894,IREB2,15,78776456,aligned,1.0,1.0,3,LUAD,-9.017,-7.989,0.1141,True,True
rs16969894,IREB2,15,78776456,aligned,1.0,1.0,3,LUSC,-10.955,-10.211,0.0679,True,True
rs16969894,IREB2,15,78776456,aligned,1.0,1.0,3,SCLC,-8.236,-6.149,0.2534,True,True
rs16969894,IREB2,15,78776456,aligned,1.0,1.0,3,EC,-3.259,-0.797,0.7556,False,False
rs16969894,IREB2,15,78776456,aligned,1.0,1.0,3,EAC,-0.993,-0.336,0.6615,False,False
rs16969894,IREB2,15,78776456,aligned,1.0,1.0,3,THCA,-0.038,1.22,-31.4097,False,False
rs16969894,IREB2,15,78776456,aligned,1.0,1.0,3,RCC,-2.981,-2.082,0.3017,False,False
rs16969894,IREB2,15,78776456,aligned,1.0,1.0,3,PC,0.857,0.742,0.1337,False,False
rs16969894,IREB2,15,78776456,aligned,1.0,1.0,3,GC,-0.545,-0.022,0.9591,False,False
rs16969894,IREB2,15,78776456,aligned,1.0,1.0,3,PRAD,1.038,0.782,0.2461,False,False
rs12101809,IREB2,15,78779801,aligned,1.0,1.0,3,LUAD,-8.978,-7.948,0.1148,True,True
rs12101809,IREB2,15,78779801,aligned,1.0,1.0,3,LUSC,-10.92,-10.199,0.066,True,True
rs12101809,IREB2,15,78779801,aligned,1.0,1.0,3,SCLC,-8.197,-6.232,0.2397,True,True
rs12101809,IREB2,15,78779801,aligned,1.0,1.0,3,EC,-3.219,-0.777,0.7585,False,False
rs12101809,IREB2,15,78779801,aligned,1.0,1.0,3,EAC,-1.114,-0.437,0.6079,False,False
rs12101809,IREB2,15,78779801,aligned,1.0,1.0,3,THCA,0.053,1.348,-24.6092,False,False
rs12101809,IREB2,15,78779801,aligned,1.0,1.0,3,RCC,-2.928,-2.058,0.2972,False,False
rs12101809,IREB2,15,78779801,aligned,1.0,1.0,3,PC,0.853,0.744,0.1282,False,False
rs12101809,IREB2,15,78779801,aligned,1.0,1.0,3,GC,-0.462,-0.018,0.9604,False,False
rs12101809,IREB2,15,78779801,aligned,1.0,1.0,3,PRAD,0.927,0.653,0.296,False,False
rs28511883,IREB2,15,78783683,aligned,1.0,1.0,3,LUAD,-8.981,-7.938,0.1161,True,True
rs28511883,IREB2,15,78783683,aligned,1.0,1.0,3,LUSC,-10.932,-10.195,0.0674,True,True
rs28511883,IREB2,15,78783683,aligned,1.0,1.0,3,SCLC,-8.21,-6.237,0.2404,True,True
rs28511883,IREB2,15,78783683,aligned,1.0,1.0,3,EC,-3.28,-0.853,0.74,False,False
rs28511883,IREB2,15,78783683,aligned,1.0,1.0,3,EAC,-1.128,-0.437,0.6127,False,False
rs28511883,IREB2,15,78783683,aligned,1.0,1.0,3,THCA,-0.004,1.296,-314.9455,False,False
rs28511883,IREB2,15,78783683,aligned,1.0,1.0,3,RCC,-2.958,-2.067,0.301,False,False
rs28511883,IREB2,15,78783683,aligned,1.0,1.0,3,PC,0.829,0.74,0.1079,False,False
rs28511883,IREB2,15,78783683,aligned,1.0,1.0,3,GC,-0.462,-0.006,0.9864,False,False
rs28511883,IREB2,15,78783683,aligned,1.0,1.0,3,PRAD,0.92,0.652,0.291,False,False
rs12441426,HYKK,15,78812329,aligned,1.0,1.0,3,LUAD,-10.518,-9.597,0.0875,True,True
rs12441426,HYKK,15,78812329,aligned,1.0,1.0,3,LUSC,-11.848,-10.814,0.0873,True,True
rs12441426,HYKK,15,78812329,aligned,1.0,1.0,3,SCLC,-8.58,-7.116,0.1707,True,True
rs12441426,HYKK,15,78812329,aligned,1.0,1.0,3,EC,-3.284,-0.53,0.8386,False,False
rs12441426,HYKK,15,78812329,aligned,1.0,1.0,3,EAC,-1.643,-0.732,0.5541,False,False
rs12441426,HYKK,15,78812329,aligned,1.0,1.0,3,THCA,0.732,2.375,-2.245,False,False
rs12441426,HYKK,15,78812329,aligned,1.0,1.0,3,RCC,-2.976,-2.16,0.2741,False,False
rs12441426,HYKK,15,78812329,aligned,1.0,1.0,3,PC,0.226,-0.154,0.3155,False,False
rs12441426,HYKK,15,78812329,aligned,1.0,1.0,3,GC,0.184,0.073,0.6021,False,False
rs12441426,HYKK,15,78812329,aligned,1.0,1.0,3,PRAD,0.168,-0.19,-0.1284,False,False
rs7181245,HYKK,15,78814389,aligned,1.0,1.0,3,LUAD,-10.446,-9.513,0.0894,True,True
rs7181245,HYKK,15,78814389,aligned,1.0,1.0,3,LUSC,-11.812,-10.751,0.0898,True,True
rs7181245,HYKK,15,78814389,aligned,1.0,1.0,3,SCLC,-8.607,-7.153,0.1689,True,True
rs7181245,HYKK,15,78814389,aligned,1.0,1.0,3,EC,-3.232,-0.46,0.8578,False,False
rs7181245,HYKK,15,78814389,aligned,1.0,1.0,3,EAC,-1.613,-0.727,0.5492,False,False
rs7181245,HYKK,15,78814389,aligned,1.0,1.0,3,THCA,0.71,2.377,-2.3498,False,False
rs7181245,HYKK,15,78814389,aligned,1.0,1.0,3,RCC,-3.018,-2.234,0.2599,False,False
rs7181245,HYKK,15,78814389,aligned,1.0,1.0,3,PC,0.314,-0.094,0.7023,False,False
rs7181245,HYKK,15,78814389,aligned,1.0,1.0,3,GC,0.129,0.037,0.7173,False,False
rs7181245,HYKK,15,78814389,aligned,1.0,1.0,3,PRAD,0.261,-0.094,0.6383,False,False
rs12439240,HYKK,15,78829091,aligned,1.0,1.0,3,LUAD,-10.662,-9.686,0.0916,True,True
rs12439240,HYKK,15,78829091,aligned,1.0,1.0,3,LUSC,-12.034,-11.027,0.0837,True,True
rs12439240,HYKK,15,78829091,aligned,1.0,1.0,3,SCLC,-8.631,-7.154,0.171,True,True
rs12439240,HYKK,15,78829091,aligned,1.0,1.0,3,EC,-3.35,-0.468,0.8603,False,False
rs12439240,HYKK,15,78829091,aligned,1.0,1.0,3,EAC,-1.718,-0.773,0.5502,False,False
rs12439240,HYKK,15,78829091,aligned,1.0,1.0,3,THCA,0.746,2.464,-2.3029,False,False
rs12439240,HYKK,15,78829091,aligned,1.0,1.0,3,RCC,-3.081,-2.271,0.2629,False,False
rs12439240,HYKK,15,78829091,aligned,1.0,1.0,3,PC,0.181,-0.19,-0.0487,False,False
rs12439240,HYKK,15,78829091,aligned,1.0,1.0,3,GC,0.188,0.022,0.8853,False,False
rs12439240,HYKK,15,78829091,aligned,1.0,1.0,3,PRAD,0.044,-0.334,-6.6764,False,False
rs3813570,PSMA4,15,78832832,aligned,1.0,1.0,3,LUAD,-10.683,-9.706,0.0914,True,True
rs3813570,PSMA4,15,78832832,aligned,1.0,1.0,3,LUSC,-12.04,-11.008,0.0857,True,True
rs3813570,PSMA4,15,78832832,aligned,1.0,1.0,3,SCLC,-8.608,-7.15,0.1693,True,True
rs3813570,PSMA4,15,78832832,aligned,1.0,1.0,3,EC,-3.369,-0.486,0.8559,False,False
rs3813570,PSMA4,15,78832832,aligned,1.0,1.0,3,EAC,-1.705,-0.764,0.5522,False,False
rs3813570,PSMA4,15,78832832,aligned,1.0,1.0,3,THCA,0.76,2.494,-2.2799,False,False
rs3813570,PSMA4,15,78832832,aligned,1.0,1.0,3,RCC,-3.095,-2.289,0.2606,False,False
rs3813570,PSMA4,15,78832832,aligned,1.0,1.0,3,PC,0.201,-0.188,0.0645,False,False
rs3813570,PSMA4,15,78832832,aligned,1.0,1.0,3,GC,0.156,-0.022,0.8573,False,False
rs3813570,PSMA4,15,78832832,aligned,1.0,1.0,3,PRAD,0.041,-0.341,-7.3353,False,False
rs1052035,PSMA4,15,78841353,aligned,1.0,1.0,2,LUAD,5.648,5.205,0.0785,True,False
rs1052035,PSMA4,15,78841353,aligned,1.0,1.0,2,LUSC,6.235,5.057,0.1889,True,False
rs1052035,PSMA4,15,78841353,aligned,1.0,1.0,2,SCLC,3.897,1.92,0.5072,False,False
rs1052035,PSMA4,15,78841353,aligned,1.0,1.0,2,EC,3.122,1.732,0.4453,False,False
rs1052035,PSMA4,15,78841353,aligned,1.0,1.0,2,EAC,1.051,0.964,0.0826,False,False
rs1052035,PSMA4,15,78841353,aligned,1.0,1.0,2,THCA,-0.052,-0.494,-8.5086,False,False
rs1052035,PSMA4,15,78841353,aligned,1.0,1.0,2,RCC,2.03,1.24,0.389,False,False
rs1052035,PSMA4,15,78841353,aligned,1.0,1.0,2,PC,-0.705,-0.811,-0.15,False,False
rs1052035,PSMA4,15,78841353,aligned,1.0,1.0,2,GC,1.693,1.142,0.3253,False,False
rs1052035,PSMA4,15,78841353,aligned,1.0,1.0,2,PRAD,-1.071,-1.178,-0.1002,False,False
rs2036527,CHRNA5,15,78851615,aligned,1.0,1.0,3,LUAD,14.366,14.416,-0.0035,True,True
rs2036527,CHRNA5,15,78851615,aligned,1.0,1.0,3,LUSC,15.383,13.201,0.1418,True,True
rs2036527,CHRNA5,15,78851615,aligned,1.0,1.0,3,SCLC,12.798,9.346,0.2697,True,True
rs2036527,CHRNA5,15,78851615,aligned,1.0,1.0,3,EC,3.69,-0.366,0.9008,False,False
rs2036527,CHRNA5,15,78851615,aligned,1.0,1.0,3,EAC,2.551,2.317,0.0917,False,False
rs2036527,CHRNA5,15,78851615,aligned,1.0,1.0,3,THCA,-0.502,-1.413,-1.8131,False,False
rs2036527,CHRNA5,15,78851615,aligned,1.0,1.0,3,RCC,3.042,1.541,0.4933,False,False
rs2036527,CHRNA5,15,78851615,aligned,1.0,1.0,3,PC,-0.524,-1.019,-0.9446,False,False
rs2036527,CHRNA5,15,78851615,aligned,1.0,1.0,3,GC,1.211,0.856,0.293,False,False
rs2036527,CHRNA5,15,78851615,aligned,1.0,1.0,3,PRAD,-1.476,-1.219,0.1743,False,False
rs17486278,CHRNA5,15,78867482,aligned,1.0,1.0,3,LUAD,14.337,14.347,-0.0007,True,True
rs17486278,CHRNA5,15,78867482,aligned,1.0,1.0,3,LUSC,15.387,13.167,0.1443,True,True
rs17486278,CHRNA5,15,78867482,aligned,1.0,1.0,3,SCLC,12.487,8.988,0.2802,True,True
rs17486278,CHRNA5,15,78867482,aligned,1.0,1.0,3,EC,3.962,-0.153,0.9615,False,False
rs17486278,CHRNA5,15,78867482,aligned,1.0,1.0,3,EAC,2.501,2.377,0.0497,False,False
rs17486278,CHRNA5,15,78867482,aligned,1.0,1.0,3,THCA,-0.341,-1.317,-2.8675,False,False
rs17486278,CHRNA5,15,78867482,aligned,1.0,1.0,3,RCC,3.127,1.582,0.494,False,False
rs17486278,CHRNA5,15,78867482,aligned,1.0,1.0,3,PC,-0.581,-1.03,-0.7747,False,False
rs17486278,CHRNA5,15,78867482,aligned,1.0,1.0,3,GC,1.669,1.406,0.1576,False,False
rs17486278,CHRNA5,15,78867482,aligned,1.0,1.0,3,PRAD,-1.527,-1.223,0.1992,False,False
rs1700006,CHRNA3,15,78875623,aligned,1.0,1.0,3,LUAD,-10.135,-9.227,0.0896,True,True
rs1700006,CHRNA3,15,78875623,aligned,1.0,1.0,3,LUSC,-11.694,-10.703,0.0847,True,True
rs1700006,CHRNA3,15,78875623,aligned,1.0,1.0,3,SCLC,-8.617,-7.154,0.1698,True,True
rs1700006,CHRNA3,15,78875623,aligned,1.0,1.0,3,EC,-3.518,-0.766,0.7822,False,False
rs1700006,CHRNA3,15,78875623,aligned,1.0,1.0,3,EAC,-1.991,-0.976,0.5098,False,False
rs1700006,CHRNA3,15,78875623,aligned,1.0,1.0,3,THCA,0.058,1.682,-27.8644,False,False
rs1700006,CHRNA3,15,78875623,aligned,1.0,1.0,3,RCC,-2.949,-1.967,0.333,False,False
rs1700006,CHRNA3,15,78875623,aligned,1.0,1.0,3,PC,-0.307,-0.314,-0.0215,False,False
rs1700006,CHRNA3,15,78875623,aligned,1.0,1.0,3,GC,-0.182,-0.416,-1.2796,False,False
rs1700006,CHRNA3,15,78875623,aligned,1.0,1.0,3,PRAD,-0.231,-0.622,-1.6913,False,False
rs951266,CHRNA3,15,78878541,aligned,1.0,1.0,3,LUAD,14.371,14.394,-0.0016,True,True
rs951266,CHRNA3,15,78878541,aligned,1.0,1.0,3,LUSC,15.384,13.213,0.1412,True,True
rs951266,CHRNA3,15,78878541,aligned,1.0,1.0,3,SCLC,12.72,9.037,0.2896,True,True
rs951266,CHRNA3,15,78878541,aligned,1.0,1.0,3,EC,3.957,-0.138,0.965,False,False
rs951266,CHRNA3,15,78878541,aligned,1.0,1.0,3,EAC,2.623,2.392,0.0881,False,False
rs951266,CHRNA3,15,78878541,aligned,1.0,1.0,3,THCA,-0.366,-1.181,-2.2313,False,False
rs951266,CHRNA3,15,78878541,aligned,1.0,1.0,3,RCC,3.134,1.526,0.513,False,False
rs951266,CHRNA3,15,78878541,aligned,1.0,1.0,3,PC,-0.51,-1.207,-1.3679,False,False
rs951266,CHRNA3,15,78878541,aligned,1.0,1.0,3,GC,1.2,0.673,0.4393,False,False
rs951266,CHRNA3,15,78878541,aligned,1.0,1.0,3,PRAD,-1.426,-1.213,0.1492,False,False
rs8192482,CHRNA3,15,78886198,aligned,1.0,1.0,3,LUAD,14.437,14.486,-0.0034,True,True
rs8192482,CHRNA3,15,78886198,aligned,1.0,1.0,3,LUSC,15.385,13.175,0.1437,True,True
rs8192482,CHRNA3,15,78886198,aligned,1.0,1.0,3,SCLC,12.809,9.162,0.2847,True,True
rs8192482,CHRNA3,15,78886198,aligned,1.0,1.0,3,EC,3.917,-0.031,0.9922,False,False
rs8192482,CHRNA3,15,78886198,aligned,1.0,1.0,3,EAC,2.553,2.295,0.1012,False,False
rs8192482,CHRNA3,15,78886198,aligned,1.0,1.0,3,THCA,-0.455,-1.231,-1.7074,False,False
rs8192482,CHRNA3,15,78886198,aligned,1.0,1.0,3,RCC,3.053,1.433,0.5307,False,False
rs8192482,CHRNA3,15,78886198,aligned,1.0,1.0,3,PC,-0.538,-1.158,-1.1527,False,False
rs8192482,CHRNA3,15,78886198,aligned,1.0,1.0,3,GC,0.947,0.215,0.7727,False,False
rs8192482,CHRNA3,15,78886198,aligned,1.0,1.0,3,PRAD,-1.559,-1.374,0.119,False,False
rs578776,CHRNA5,15,78888400,aligned,1.0,1.0,3,LUAD,-10.719,-10.173,0.0509,True,True
rs578776,CHRNA5,15,78888400,aligned,1.0,1.0,3,LUSC,-11.39,-10.035,0.1189,True,True
rs578776,CHRNA5,15,78888400,aligned,1.0,1.0,3,SCLC,-8.52,-7.115,0.165,True,True
rs578776,CHRNA5,15,78888400,aligned,1.0,1.0,3,EC,-3.437,-0.559,0.8375,False,False
rs578776,CHRNA5,15,78888400,aligned,1.0,1.0,3,EAC,-2.807,-1.814,0.3536,False,False
rs578776,CHRNA5,15,78888400,aligned,1.0,1.0,3,THCA,0.63,2.085,-2.3083,False,False
rs578776,CHRNA5,15,78888400,aligned,1.0,1.0,3,RCC,-2.686,-1.673,0.3771,False,False
rs578776,CHRNA5,15,78888400,aligned,1.0,1.0,3,PC,-1.104,-0.969,0.1229,False,False
rs578776,CHRNA5,15,78888400,aligned,1.0,1.0,3,GC,1.3,0.74,0.431,False,False
rs578776,CHRNA5,15,78888400,aligned,1.0,1.0,3,PRAD,-0.761,-1.003,-0.3191,False,False
rs138544659,CHRNA3,15,78900701,aligned,1.0,1.0,3,LUAD,14.147,14.241,-0.0067,True,True
rs138544659,CHRNA3,15,78900701,aligned,1.0,1.0,3,LUSC,15.18,12.909,0.1496,True,True
rs138544659,CHRNA3,15,78900701,aligned,1.0,1.0,3,SCLC,12.202,8.75,0.2829,True,True
rs138544659,CHRNA3,15,78900701,aligned,1.0,1.0,3,EC,4.032,0.074,0.9817,False,False
rs138544659,CHRNA3,15,78900701,aligned,1.0,1.0,3,EAC,2.65,2.588,0.0235,False,False
rs138544659,CHRNA3,15,78900701,aligned,1.0,1.0,3,THCA,-0.37,-1.291,-2.4895,False,False
rs138544659,CHRNA3,15,78900701,aligned,1.0,1.0,3,RCC,3.033,1.502,0.5046,False,False
rs138544659,CHRNA3,15,78900701,aligned,1.0,1.0,3,PC,-0.591,-1.023,-0.7301,False,False
rs138544659,CHRNA3,15,78900701,aligned,1.0,1.0,3,GC,1.817,1.561,0.1409,False,False
rs138544659,CHRNA3,15,78900701,aligned,1.0,1.0,3,PRAD,-1.591,-1.322,0.1693,False,False
rs189218934,CHRNA3,15,78903987,aligned,1.0,1.0,3,LUAD,10.087,9.105,0.0974,True,True
rs189218934,CHRNA3,15,78903987,aligned,1.0,1.0,3,LUSC,11.521,11.014,0.044,True,True
rs189218934,CHRNA3,15,78903987,aligned,1.0,1.0,3,SCLC,7.973,7.059,0.1145,True,True
rs189218934,CHRNA3,15,78903987,aligned,1.0,1.0,3,EC,3.107,0.388,0.8751,False,False
rs189218934,CHRNA3,15,78903987,aligned,1.0,1.0,3,EAC,2.112,1.149,0.4558,False,False
rs189218934,CHRNA3,15,78903987,aligned,1.0,1.0,3,THCA,-0.732,-2.729,-2.7271,False,False
rs189218934,CHRNA3,15,78903987,aligned,1.0,1.0,3,RCC,2.809,2.164,0.2296,False,False
rs189218934,CHRNA3,15,78903987,aligned,1.0,1.0,3,PC,0.104,0.224,-1.1578,False,False
rs189218934,CHRNA3,15,78903987,aligned,1.0,1.0,3,GC,-0.372,0.133,0.644,False,False
rs189218934,CHRNA3,15,78903987,aligned,1.0,1.0,3,PRAD,0.703,1.14,-0.6216,False,False
rs8042374,CHRNA3,15,78908032,aligned,1.0,1.0,3,LUAD,-11.045,-10.15,0.081,True,True
rs8042374,CHRNA3,15,78908032,aligned,1.0,1.0,3,LUSC,-12.144,-11.223,0.0758,True,True
rs8042374,CHRNA3,15,78908032,aligned,1.0,1.0,3,SCLC,-8.994,-7.776,0.1354,True,True
rs8042374,CHRNA3,15,78908032,aligned,1.0,1.0,3,EC,-3.335,-0.391,0.8828,False,False
rs8042374,CHRNA3,15,78908032,aligned,1.0,1.0,3,EAC,-2.458,-1.232,0.4988,False,False
rs8042374,CHRNA3,15,78908032,aligned,1.0,1.0,3,THCA,0.983,2.634,-1.6791,False,False
rs8042374,CHRNA3,15,78908032,aligned,1.0,1.0,3,RCC,-2.938,-2.041,0.3053,False,False
rs8042374,CHRNA3,15,78908032,aligned,1.0,1.0,3,PC,-0.305,-0.273,0.1054,False,False
rs8042374,CHRNA3,15,78908032,aligned,1.0,1.0,3,GC,1.853,1.427,0.2298,False,False
rs8042374,CHRNA3,15,78908032,aligned,1.0,1.0,3,PRAD,-0.866,-1.221,-0.4111,False,False
rs13329271,CHRNA3,15,78914230,aligned,1.0,1.0,3,LUAD,-10.645,-9.704,0.0884,True,True
rs13329271,CHRNA3,15,78914230,aligned,1.0,1.0,3,LUSC,-11.91,-10.866,0.0877,True,True
rs13329271,CHRNA3,15,78914230,aligned,1.0,1.0,3,SCLC,-8.54,-7.344,0.14,True,True
rs13329271,CHRNA3,15,78914230,aligned,1.0,1.0,3,EC,-3.592,-0.769,0.786,False,False
rs13329271,CHRNA3,15,78914230,aligned,1.0,1.0,3,EAC,-2.509,-1.445,0.4241,False,False
rs13329271,CHRNA3,15,78914230,aligned,1.0,1.0,3,THCA,0.883,2.607,-1.9527,False,False
rs13329271,CHRNA3,15,78914230,aligned,1.0,1.0,3,RCC,-2.94,-2.061,0.299,False,False
rs13329271,CHRNA3,15,78914230,aligned,1.0,1.0,3,PC,0.07,0.049,0.3028,False,False
rs13329271,CHRNA3,15,78914230,aligned,1.0,1.0,3,GC,0.62,0.177,0.7146,False,False
rs13329271,CHRNA3,15,78914230,aligned,1.0,1.0,3,PRAD,-0.57,-0.968,-0.6996,False,False
rs55958997,CHRNB4,15,78915872,aligned,1.0,1.0,3,LUAD,13.917,13.809,0.0078,True,True
rs55958997,CHRNB4,15,78915872,aligned,1.0,1.0,3,LUSC,14.501,12.216,0.1576,True,True
rs55958997,CHRNB4,15,78915872,aligned,1.0,1.0,3,SCLC,12.035,8.855,0.2643,True,True
rs55958997,CHRNB4,15,78915872,aligned,1.0,1.0,3,EC,3.745,-0.281,0.9249,False,False
rs55958997,CHRNB4,15,78915872,aligned,1.0,1.0,3,EAC,2.135,1.856,0.1304,False,False
rs55958997,CHRNB4,15,78915872,aligned,1.0,1.0,3,THCA,-0.463,-1.426,-2.0827,False,False
rs55958997,CHRNB4,15,78915872,aligned,1.0,1.0,3,RCC,3.464,2.074,0.4011,False,False
rs55958997,CHRNB4,15,78915872,aligned,1.0,1.0,3,PC,-1.142,-1.75,-0.5318,False,False
rs55958997,CHRNB4,15,78915872,aligned,1.0,1.0,3,GC,0.117,-0.424,-2.6416,False,False
rs55958997,CHRNB4,15,78915872,aligned,1.0,1.0,3,PRAD,-1.188,-0.99,0.1662,False,False
rs17487223,CHRNB4,15,78923987,aligned,1.0,1.0,3,LUAD,13.912,14.057,-0.0104,True,True
rs17487223,CHRNB4,15,78923987,aligned,1.0,1.0,3,LUSC,14.511,12.265,0.1548,True,True
rs17487223,CHRNB4,15,78923987,aligned,1.0,1.0,3,SCLC,12.072,8.871,0.2652,True,True
rs17487223,CHRNB4,15,78923987,aligned,1.0,1.0,3,EC,3.558,-0.084,0.9764,False,False
rs17487223,CHRNB4,15,78923987,aligned,1.0,1.0,3,EAC,2.179,2.022,0.0719,False,False
rs17487223,CHRNB4,15,78923987,aligned,1.0,1.0,3,THCA,-0.847,-1.554,-0.834,False,False
rs17487223,CHRNB4,15,78923987,aligned,1.0,1.0,3,RCC,2.815,1.353,0.5194,False,False
rs17487223,CHRNB4,15,78923987,aligned,1.0,1.0,3,PC,-1.24,-1.765,-0.4241,False,False
rs17487223,CHRNB4,15,78923987,aligned,1.0,1.0,3,GC,0.704,0.069,0.9022,False,False
rs17487223,CHRNB4,15,78923987,aligned,1.0,1.0,3,PRAD,-1.532,-1.321,0.1377,False,False
rs1316971,CHRNB4,15,78930510,aligned,1.0,1.0,3,LUAD,8.425,7.743,0.0809,True,True
rs1316971,CHRNB4,15,78930510,aligned,1.0,1.0,3,LUSC,9.359,8.969,0.0417,True,True
rs1316971,CHRNB4,15,78930510,aligned,1.0,1.0,3,SCLC,6.609,5.324,0.1943,True,False
rs1316971,CHRNB4,15,78930510,aligned,1.0,1.0,3,EC,2.522,-0.161,0.9361,False,False
rs1316971,CHRNB4,15,78930510,aligned,1.0,1.0,3,EAC,2.045,1.238,0.3945,False,False
rs1316971,CHRNB4,15,78930510,aligned,1.0,1.0,3,THCA,-0.965,-2.187,-1.268,False,False
rs1316971,CHRNB4,15,78930510,aligned,1.0,1.0,3,RCC,2.243,1.558,0.3053,False,False
rs1316971,CHRNB4,15,78930510,aligned,1.0,1.0,3,PC,-0.102,-0.531,-4.1806,False,False
rs1316971,CHRNB4,15,78930510,aligned,1.0,1.0,3,GC,-1.127,-0.615,0.4542,False,False
rs1316971,CHRNB4,15,78930510,aligned,1.0,1.0,3,PRAD,1.056,1.412,-0.337,False,False
rs2170311,CHRNB4,15,78947611,aligned,1.0,1.0,3,LUAD,10.422,10.522,-0.0096,True,True
rs2170311,CHRNB4,15,78947611,aligned,1.0,1.0,3,LUSC,10.627,8.766,0.1751,True,True
rs2170311,CHRNB4,15,78947611,aligned,1.0,1.0,3,SCLC,8.512,6.178,0.2742,True,True
rs2170311,CHRNB4,15,78947611,aligned,1.0,1.0,3,EC,2.859,0.426,0.8511,False,False
rs2170311,CHRNB4,15,78947611,aligned,1.0,1.0,3,EAC,1.214,1.186,0.0231,False,False
rs2170311,CHRNB4,15,78947611,aligned,1.0,1.0,3,THCA,-0.939,-1.557,-0.6584,False,False
rs2170311,CHRNB4,15,78947611,aligned,1.0,1.0,3,RCC,2.109,1.063,0.496,False,False
rs2170311,CHRNB4,15,78947611,aligned,1.0,1.0,3,PC,-1.361,-1.434,-0.0538,False,False
rs2170311,CHRNB4,15,78947611,aligned,1.0,1.0,3,GC,1.064,0.653,0.386,False,False
rs2170311,CHRNB4,15,78947611,aligned,1.0,1.0,3,PRAD,-1.414,-1.269,0.1028,False,False
rs7164665,CHRNB4,15,78953919,aligned,1.0,1.0,2,LUAD,-6.394,-6.31,0.0132,True,True
rs7164665,CHRNB4,15,78953919,aligned,1.0,1.0,2,LUSC,-6.5,-5.854,0.0994,True,True
rs7164665,CHRNB4,15,78953919,aligned,1.0,1.0,2,SCLC,-5.157,-4.215,0.1826,False,False
rs7164665,CHRNB4,15,78953919,aligned,1.0,1.0,2,EC,-1.537,0.395,0.743,False,False
rs7164665,CHRNB4,15,78953919,aligned,1.0,1.0,2,EAC,-1.169,-0.687,0.4123,False,False
rs7164665,CHRNB4,15,78953919,aligned,1.0,1.0,2,THCA,0.155,0.776,-4.002,False,False
rs7164665,CHRNB4,15,78953919,aligned,1.0,1.0,2,RCC,-1.402,-0.745,0.4688,False,False
rs7164665,CHRNB4,15,78953919,aligned,1.0,1.0,2,PC,-0.714,-0.407,0.4306,False,False
rs7164665,CHRNB4,15,78953919,aligned,1.0,1.0,2,GC,0.602,0.316,0.4752,False,False
rs7164665,CHRNB4,15,78953919,aligned,1.0,1.0,2,PRAD,-0.705,-0.908,-0.2878,False,False
rs1996371,CHRNB4,15,78956806,aligned,1.0,1.0,3,LUAD,10.257,10.347,-0.0088,True,True
rs1996371,CHRNB4,15,78956806,aligned,1.0,1.0,3,LUSC,10.437,8.539,0.1818,True,True
rs1996371,CHRNB4,15,78956806,aligned,1.0,1.0,3,SCLC,8.304,5.933,0.2855,True,True
rs1996371,CHRNB4,15,78956806,aligned,1.0,1.0,3,EC,2.86,0.369,0.8709,False,False
rs1996371,CHRNB4,15,78956806,aligned,1.0,1.0,3,EAC,1.272,1.278,-0.005,False,False
rs1996371,CHRNB4,15,78956806,aligned,1.0,1.0,3,THCA,-0.852,-1.408,-0.6537,False,False
rs1996371,CHRNB4,15,78956806,aligned,1.0,1.0,3,RCC,2.17,1.145,0.4722,False,False
rs1996371,CHRNB4,15,78956806,aligned,1.0,1.0,3,PC,-1.21,-1.289,-0.065,False,False
rs1996371,CHRNB4,15,78956806,aligned,1.0,1.0,3,GC,1.029,0.553,0.4629,False,False
rs1996371,CHRNB4,15,78956806,aligned,1.0,1.0,3,PRAD,-1.486,-1.388,0.0658,False,False
rs11857532,CHRNB4,15,78968268,aligned,1.0,1.0,3,LUAD,8.601,8.974,-0.0434,True,True
rs11857532,CHRNB4,15,78968268,aligned,1.0,1.0,3,LUSC,8.364,6.296,0.2473,True,True
rs11857532,CHRNB4,15,78968268,aligned,1.0,1.0,3,SCLC,7.077,5.109,0.2782,True,False
rs11857532,CHRNB4,15,78968268,aligned,1.0,1.0,3,EC,2.342,0.295,0.874,False,False
rs11857532,CHRNB4,15,78968268,aligned,1.0,1.0,3,EAC,1.589,1.676,-0.055,False,False
rs11857532,CHRNB4,15,78968268,aligned,1.0,1.0,3,THCA,-0.565,-1.069,-0.8923,False,False
rs11857532,CHRNB4,15,78968268,aligned,1.0,1.0,3,RCC,1.677,0.817,0.5129,False,False
rs11857532,CHRNB4,15,78968268,aligned,1.0,1.0,3,PC,-0.071,-0.007,0.9082,False,False
rs11857532,CHRNB4,15,78968268,aligned,1.0,1.0,3,GC,0.748,0.566,0.2428,False,False
rs11857532,CHRNB4,15,78968268,aligned,1.0,1.0,3,PRAD,-1.382,-1.428,-0.0332,False,False
rs8038920,CHRNB4,15,78974545,aligned,1.0,1.0,2,LUAD,5.939,5.96,-0.0036,True,True
rs8038920,CHRNB4,15,78974545,aligned,1.0,1.0,2,LUSC,6.099,4.687,0.2316,True,False
rs8038920,CHRNB4,15,78974545,aligned,1.0,1.0,2,SCLC,5.01,3.383,0.3246,False,False
rs8038920,CHRNB4,15,78974545,aligned,1.0,1.0,2,EC,2.053,1.036,0.4951,False,False
rs8038920,CHRNB4,15,78974545,aligned,1.0,1.0,2,EAC,0.742,0.942,-0.2704,False,False
rs8038920,CHRNB4,15,78974545,aligned,1.0,1.0,2,THCA,-0.878,-1.086,-0.2378,False,False
rs8038920,CHRNB4,15,78974545,aligned,1.0,1.0,2,RCC,1.376,0.809,0.4121,False,False
rs8038920,CHRNB4,15,78974545,aligned,1.0,1.0,2,PC,-1.879,-1.775,0.0558,False,False
rs8038920,CHRNB4,15,78974545,aligned,1.0,1.0,2,GC,0.35,-0.294,0.1615,False,False
rs8038920,CHRNB4,15,78974545,aligned,1.0,1.0,2,PRAD,-1.917,-2.032,-0.0603,False,False
rs11638372,CHRNB4,15,78983559,aligned,1.0,1.0,3,LUAD,10.347,10.476,-0.0124,True,True
rs11638372,CHRNB4,15,78983559,aligned,1.0,1.0,3,LUSC,10.475,8.474,0.191,True,True
rs11638372,CHRNB4,15,78983559,aligned,1.0,1.0,3,SCLC,8.316,5.827,0.2993,True,True
rs11638372,CHRNB4,15,78983559,aligned,1.0,1.0,3,EC,3.078,0.626,0.7967,False,False
rs11638372,CHRNB4,15,78983559,aligned,1.0,1.0,3,EAC,1.335,1.355,-0.0149,False,False
rs11638372,CHRNB4,15,78983559,aligned,1.0,1.0,3,THCA,-0.681,-1.191,-0.7492,False,False
rs11638372,CHRNB4,15,78983559,aligned,1.0,1.0,3,RCC,2.195,1.074,0.5105,False,False
rs11638372,CHRNB4,15,78983559,aligned,1.0,1.0,3,PC,-1.045,-1.193,-0.1415,False,False
rs11638372,CHRNB4,15,78983559,aligned,1.0,1.0,3,GC,1.263,0.759,0.3988,False,False
rs11638372,CHRNB4,15,78983559,aligned,1.0,1.0,3,PRAD,-1.526,-1.462,0.0419,False,False
rs8027972,LOC646938,15,79022615,aligned,1.0,1.0,3,LUAD,9.652,9.709,-0.0059,True,True
rs8027972,LOC646938,15,79022615,aligned,1.0,1.0,3,LUSC,10.32,8.449,0.1813,True,True
rs8027972,LOC646938,15,79022615,aligned,1.0,1.0,3,SCLC,8.754,5.953,0.32,True,True
rs8027972,LOC646938,15,79022615,aligned,1.0,1.0,3,EC,3.334,0.924,0.7228,False,False
rs8027972,LOC646938,15,79022615,aligned,1.0,1.0,3,EAC,1.465,1.43,0.0237,False,False
rs8027972,LOC646938,15,79022615,aligned,1.0,1.0,3,THCA,0.457,-0.223,0.5106,False,False
rs8027972,LOC646938,15,79022615,aligned,1.0,1.0,3,RCC,2.461,1.261,0.4876,False,False
rs8027972,LOC646938,15,79022615,aligned,1.0,1.0,3,PC,-0.574,-0.963,-0.6781,False,False
rs8027972,LOC646938,15,79022615,aligned,1.0,1.0,3,GC,1.215,0.646,0.4684,False,False
rs8027972,LOC646938,15,79022615,aligned,1.0,1.0,3,PRAD,-1.491,-1.471,0.0134,False,False
rs11639375,LOC646938,15,79024214,aligned,1.0,1.0,3,LUAD,10.009,10.086,-0.0077,True,True
rs11639375,LOC646938,15,79024214,aligned,1.0,1.0,3,LUSC,10.445,8.528,0.1835,True,True
rs11639375,LOC646938,15,79024214,aligned,1.0,1.0,3,SCLC,8.231,5.787,0.2969,True,True
rs11639375,LOC646938,15,79024214,aligned,1.0,1.0,3,EC,3.318,0.934,0.7186,False,False
rs11639375,LOC646938,15,79024214,aligned,1.0,1.0,3,EAC,1.349,1.365,-0.0114,False,False
rs11639375,LOC646938,15,79024214,aligned,1.0,1.0,3,THCA,-0.113,-0.667,-4.8807,False,False
rs11639375,LOC646938,15,79024214,aligned,1.0,1.0,3,RCC,2.397,1.269,0.4705,False,False
rs11639375,LOC646938,15,79024214,aligned,1.0,1.0,3,PC,-0.893,-1.152,-0.2897,False,False
rs11639375,LOC646938,15,79024214,aligned,1.0,1.0,3,GC,1.148,0.653,0.4315,False,False
rs11639375,LOC646938,15,79024214,aligned,1.0,1.0,3,PRAD,-1.508,-1.469,0.0259,False,False
rs4887083,LOC646938,15,79025577,aligned,1.0,1.0,3,LUAD,9.503,9.602,-0.0104,True,True
rs4887083,LOC646938,15,79025577,aligned,1.0,1.0,3,LUSC,9.889,7.938,0.1973,True,True
rs4887083,LOC646938,15,79025577,aligned,1.0,1.0,3,SCLC,7.88,5.154,0.346,True,False
rs4887083,LOC646938,15,79025577,aligned,1.0,1.0,3,EC,3.362,0.889,0.7356,False,False
rs4887083,LOC646938,15,79025577,aligned,1.0,1.0,3,EAC,1.211,1.384,-0.1427,False,False
rs4887083,LOC646938,15,79025577,aligned,1.0,1.0,3,THCA,0.017,-0.524,-29.8676,False,False
rs4887083,LOC646938,15,79025577,aligned,1.0,1.0,3,RCC,2.555,1.483,0.4195,False,False
rs4887083,LOC646938,15,79025577,aligned,1.0,1.0,3,PC,-1.301,-1.697,-0.304,False,False
rs4887083,LOC646938,15,79025577,aligned,1.0,1.0,3,GC,1.294,0.745,0.4241,False,False
rs4887083,LOC646938,15,79025577,aligned,1.0,1.0,3,PRAD,-1.514,-1.512,0.0014,False,False
rs3894347,LOC646938,15,79026001,aligned,1.0,1.0,3,LUAD,9.525,9.609,-0.0089,True,True
rs3894347,LOC646938,15,79026001,aligned,1.0,1.0,3,LUSC,9.937,7.96,0.199,True,True
rs3894347,LOC646938,15,79026001,aligned,1.0,1.0,3,SCLC,8.025,5.246,0.3463,True,False
rs3894347,LOC646938,15,79026001,aligned,1.0,1.0,3,EC,3.404,0.922,0.729,False,False
rs3894347,LOC646938,15,79026001,aligned,1.0,1.0,3,EAC,1.145,1.31,-0.1442,False,False
rs3894347,LOC646938,15,79026001,aligned,1.0,1.0,3,THCA,0.161,-0.413,-1.5738,False,False
rs3894347,LOC646938,15,79026001,aligned,1.0,1.0,3,RCC,2.623,1.523,0.4192,False,False
rs3894347,LOC646938,15,79026001,aligned,1.0,1.0,3,PC,-1.348,-1.765,-0.309,False,False
rs3894347,LOC646938,15,79026001,aligned,1.0,1.0,3,GC,1.357,0.776,0.4283,False,False
rs3894347,LOC646938,15,79026001,aligned,1.0,1.0,3,PRAD,-1.521,-1.512,0.0056,False,False
rs11072805,ADAMTS7,15,79078518,aligned,1.0,1.0,3,LUAD,7.603,7.266,0.0442,True,True
rs11072805,ADAMTS7,15,79078518,aligned,1.0,1.0,3,LUSC,8.036,6.545,0.1855,True,True
rs11072805,ADAMTS7,15,79078518,aligned,1.0,1.0,3,SCLC,6.34,4.086,0.3556,True,False
rs11072805,ADAMTS7,15,79078518,aligned,1.0,1.0,3,EC,2.722,-0.067,0.9752,False,False
rs11072805,ADAMTS7,15,79078518,aligned,1.0,1.0,3,EAC,0.866,0.814,0.0603,False,False
rs11072805,ADAMTS7,15,79078518,aligned,1.0,1.0,3,THCA,0.718,-0.356,0.504,False,False
rs11072805,ADAMTS7,15,79078518,aligned,1.0,1.0,3,RCC,2.848,2.069,0.2735,False,False
rs11072805,ADAMTS7,15,79078518,aligned,1.0,1.0,3,PC,-0.471,-0.906,-0.9229,False,False
rs11072805,ADAMTS7,15,79078518,aligned,1.0,1.0,3,GC,1.421,1.31,0.0783,False,False
rs11072805,ADAMTS7,15,79078518,aligned,1.0,1.0,3,PRAD,-0.521,-0.407,0.2177,False,False
rs1994016,ADAMTS7,15,79080234,aligned,1.0,1.0,2,LUAD,7.142,6.717,0.0595,True,True
rs1994016,ADAMTS7,15,79080234,aligned,1.0,1.0,2,LUSC,7.424,5.957,0.1977,True,True
rs1994016,ADAMTS7,15,79080234,aligned,1.0,1.0,2,SCLC,5.347,3.857,0.2785,False,False
rs1994016,ADAMTS7,15,79080234,aligned,1.0,1.0,2,EC,2.337,-0.211,0.9097,False,False
rs1994016,ADAMTS7,15,79080234,aligned,1.0,1.0,2,EAC,0.724,0.717,0.0093,False,False
rs1994016,ADAMTS7,15,79080234,aligned,1.0,1.0,2,THCA,-0.152,-1.278,-7.4227,False,False
rs1994016,ADAMTS7,15,79080234,aligned,1.0,1.0,2,RCC,2.687,2.264,0.1575,False,False
rs1994016,ADAMTS7,15,79080234,aligned,1.0,1.0,2,PC,-1.081,-0.993,0.0812,False,False
rs1994016,ADAMTS7,15,79080234,aligned,1.0,1.0,2,GC,1.165,1.342,-0.1521,False,False
rs1994016,ADAMTS7,15,79080234,aligned,1.0,1.0,2,PRAD,-0.561,-0.385,0.3141,False,False
rs3890715,ADAMTS7,15,79107862,aligned,1.0,1.0,2,LUAD,-6.555,-6.079,0.0726,True,True
rs3890715,ADAMTS7,15,79107862,aligned,1.0,1.0,2,LUSC,-6.185,-4.983,0.1943,True,False
rs3890715,ADAMTS7,15,79107862,aligned,1.0,1.0,2,SCLC,-3.695,-1.733,0.5308,False,False
rs3890715,ADAMTS7,15,79107862,aligned,1.0,1.0,2,EC,-2.919,-0.965,0.6696,False,False
rs3890715,ADAMTS7,15,79107862,aligned,1.0,1.0,2,EAC,-0.162,0.093,0.423,False,False
rs3890715,ADAMTS7,15,79107862,aligned,1.0,1.0,2,THCA,0.184,0.666,-2.6094,False,False
rs3890715,ADAMTS7,15,79107862,aligned,1.0,1.0,2,RCC,-2.705,-1.252,0.537,False,False
rs3890715,ADAMTS7,15,79107862,aligned,1.0,1.0,2,PC,-0.242,-0.18,0.2592,False,False
rs3890715,ADAMTS7,15,79107862,aligned,1.0,1.0,2,GC,0.025,0.33,-12.3328,False,False
rs3890715,ADAMTS7,15,79107862,aligned,1.0,1.0,2,PRAD,0.048,0.112,-1.326,False,False
rs9920493,ADAMTS7,15,79113846,aligned,1.0,1.0,2,LUAD,-6.532,-5.892,0.098,True,True
rs9920493,ADAMTS7,15,79113846,aligned,1.0,1.0,2,LUSC,-6.097,-4.741,0.2224,True,False
rs9920493,ADAMTS7,15,79113846,aligned,1.0,1.0,2,SCLC,-3.413,-1.557,0.5439,False,False
rs9920493,ADAMTS7,15,79113846,aligned,1.0,1.0,2,EC,-3.227,-1.063,0.6704,False,False
rs9920493,ADAMTS7,15,79113846,aligned,1.0,1.0,2,EAC,-0.043,0.267,-5.1541,False,False
rs9920493,ADAMTS7,15,79113846,aligned,1.0,1.0,2,THCA,-0.36,0.473,-0.3147,False,False
rs9920493,ADAMTS7,15,79113846,aligned,1.0,1.0,2,RCC,-3.008,-2.264,0.2473,False,False
rs9920493,ADAMTS7,15,79113846,aligned,1.0,1.0,2,PC,-0.147,-0.16,-0.0896,False,False
rs9920493,ADAMTS7,15,79113846,aligned,1.0,1.0,2,GC,-0.075,0.191,-1.5513,False,False
rs9920493,ADAMTS7,15,79113846,aligned,1.0,1.0,2,PRAD,-0.069,0.039,0.4288,False,False
rs8041064,ADAMTS7,15,79115388,aligned,1.0,1.0,2,LUAD,-6.54,-5.9,0.0979,True,True
rs8041064,ADAMTS7,15,79115388,aligned,1.0,1.0,2,LUSC,-6.118,-4.77,0.2202,True,False
rs8041064,ADAMTS7,15,79115388,aligned,1.0,1.0,2,SCLC,-3.426,-1.57,0.5416,False,False
rs8041064,ADAMTS7,15,79115388,aligned,1.0,1.0,2,EC,-3.224,-1.066,0.6695,False,False
rs8041064,ADAMTS7,15,79115388,aligned,1.0,1.0,2,EAC,-0.039,0.271,-5.9682,False,False
rs8041064,ADAMTS7,15,79115388,aligned,1.0,1.0,2,THCA,-0.355,0.476,-0.3405,False,False
rs8041064,ADAMTS7,15,79115388,aligned,1.0,1.0,2,RCC,-3.0,-2.255,0.2484,False,False
rs8041064,ADAMTS7,15,79115388,aligned,1.0,1.0,2,PC,-0.127,-0.136,-0.0762,False,False
rs8041064,ADAMTS7,15,79115388,aligned,1.0,1.0,2,GC,-0.085,0.183,-1.1504,False,False
rs8041064,ADAMTS7,15,79115388,aligned,1.0,1.0,2,PRAD,-0.068,0.036,0.472,False,False
rs12442476,ADAMTS7,15,79117856,aligned,1.0,1.0,2,LUAD,-6.542,-5.911,0.0965,True,True
rs12442476,ADAMTS7,15,79117856,aligned,1.0,1.0,2,LUSC,-6.119,-4.775,0.2196,True,False
rs12442476,ADAMTS7,15,79117856,aligned,1.0,1.0,2,SCLC,-3.432,-1.575,0.5412,False,False
rs12442476,ADAMTS7,15,79117856,aligned,1.0,1.0,2,EC,-3.225,-1.079,0.6654,False,False
rs12442476,ADAMTS7,15,79117856,aligned,1.0,1.0,2,EAC,-0.052,0.262,-4.0098,False,False
rs12442476,ADAMTS7,15,79117856,aligned,1.0,1.0,2,THCA,-0.351,0.469,-0.3338,False,False
rs12442476,ADAMTS7,15,79117856,aligned,1.0,1.0,2,RCC,-2.977,-2.224,0.253,False,False
rs12442476,ADAMTS7,15,79117856,aligned,1.0,1.0,2,PC,-0.146,-0.15,-0.0238,False,False
rs12442476,ADAMTS7,15,79117856,aligned,1.0,1.0,2,GC,-0.08,0.188,-1.37,False,False
rs12442476,ADAMTS7,15,79117856,aligned,1.0,1.0,2,PRAD,-0.073,0.032,0.5529,False,False
rs58021857,ADAMTS7,15,79119229,aligned,1.0,1.0,2,LUAD,6.551,5.916,0.097,True,True
rs58021857,ADAMTS7,15,79119229,aligned,1.0,1.0,2,LUSC,6.159,4.856,0.2115,True,False
rs58021857,ADAMTS7,15,79119229,aligned,1.0,1.0,2,SCLC,3.455,1.55,0.5512,False,False
rs58021857,ADAMTS7,15,79119229,aligned,1.0,1.0,2,EC,3.226,1.032,0.6802,False,False
rs58021857,ADAMTS7,15,79119229,aligned,1.0,1.0,2,EAC,0.078,-0.24,-2.0815,False,False
rs58021857,ADAMTS7,15,79119229,aligned,1.0,1.0,2,THCA,0.372,-0.439,-0.1778,False,False
rs58021857,ADAMTS7,15,79119229,aligned,1.0,1.0,2,RCC,2.979,2.218,0.2555,False,False
rs58021857,ADAMTS7,15,79119229,aligned,1.0,1.0,2,PC,0.196,0.167,0.1454,False,False
rs58021857,ADAMTS7,15,79119229,aligned,1.0,1.0,2,GC,0.087,-0.177,-1.0463,False,False
rs58021857,ADAMTS7,15,79119229,aligned,1.0,1.0,2,PRAD,0.114,0.014,0.8804,False,False
rs8035093,ADAMTS7,15,79120670,aligned,1.0,1.0,2,LUAD,-6.462,-5.814,0.1003,True,True
rs8035093,ADAMTS7,15,79120670,aligned,1.0,1.0,2,LUSC,-6.114,-4.795,0.2157,True,False
rs8035093,ADAMTS7,15,79120670,aligned,1.0,1.0,2,SCLC,-3.479,-1.588,0.5436,False,False
rs8035093,ADAMTS7,15,79120670,aligned,1.0,1.0,2,EC,-3.226,-1.118,0.6534,False,False
rs8035093,ADAMTS7,15,79120670,aligned,1.0,1.0,2,EAC,-0.008,0.315,-37.7671,False,False
rs8035093,ADAMTS7,15,79120670,aligned,1.0,1.0,2,THCA,-0.454,0.356,0.216,False,False
rs8035093,ADAMTS7,15,79120670,aligned,1.0,1.0,2,RCC,-2.98,-2.212,0.2579,False,False
rs8035093,ADAMTS7,15,79120670,aligned,1.0,1.0,2,PC,-0.19,-0.196,-0.0291,False,False
rs8035093,ADAMTS7,15,79120670,aligned,1.0,1.0,2,GC,-0.126,0.198,-0.5759,False,False
rs8035093,ADAMTS7,15,79120670,aligned,1.0,1.0,2,PRAD,-0.002,0.111,-47.3829,False,False
rs4389112,ADAMTS7,15,79122099,aligned,1.0,1.0,2,LUAD,6.486,5.946,0.0832,True,True
rs4389112,ADAMTS7,15,79122099,aligned,1.0,1.0,2,LUSC,6.115,4.919,0.1955,True,False
rs4389112,ADAMTS7,15,79122099,aligned,1.0,1.0,2,SCLC,3.494,1.671,0.5217,False,False
rs4389112,ADAMTS7,15,79122099,aligned,1.0,1.0,2,EC,2.992,0.814,0.7278,False,False
rs4389112,ADAMTS7,15,79122099,aligned,1.0,1.0,2,EAC,-0.051,-0.289,-4.6095,False,False
rs4389112,ADAMTS7,15,79122099,aligned,1.0,1.0,2,THCA,0.252,-0.443,-0.7605,False,False
rs4389112,ADAMTS7,15,79122099,aligned,1.0,1.0,2,RCC,2.742,1.977,0.2791,False,False
rs4389112,ADAMTS7,15,79122099,aligned,1.0,1.0,2,PC,-0.29,-0.492,-0.6978,False,False
rs4389112,ADAMTS7,15,79122099,aligned,1.0,1.0,2,GC,0.451,0.142,0.6838,False,False
rs4389112,ADAMTS7,15,79122099,aligned,1.0,1.0,2,PRAD,0.214,0.214,-0.001,False,False
rs7182716,ADAMTS7,15,79123753,aligned,1.0,1.0,2,LUAD,-6.991,-6.38,0.0875,True,True
rs7182716,ADAMTS7,15,79123753,aligned,1.0,1.0,2,LUSC,-6.227,-4.62,0.2581,True,False
rs7182716,ADAMTS7,15,79123753,aligned,1.0,1.0,2,SCLC,-3.577,-2.249,0.3714,False,False
rs7182716,ADAMTS7,15,79123753,aligned,1.0,1.0,2,EC,-3.351,-1.364,0.5929,False,False
rs7182716,ADAMTS7,15,79123753,aligned,1.0,1.0,2,EAC,-0.075,0.284,-2.7671,False,False
rs7182716,ADAMTS7,15,79123753,aligned,1.0,1.0,2,THCA,-0.072,0.832,-10.5864,False,False
rs7182716,ADAMTS7,15,79123753,aligned,1.0,1.0,2,RCC,-3.032,-2.272,0.2504,False,False
rs7182716,ADAMTS7,15,79123753,aligned,1.0,1.0,2,PC,0.766,0.917,-0.1973,False,False
rs7182716,ADAMTS7,15,79123753,aligned,1.0,1.0,2,GC,0.219,0.298,-0.3589,False,False
rs7182716,ADAMTS7,15,79123753,aligned,1.0,1.0,2,PRAD,-0.398,-0.392,0.0149,False,False
rs10083697,ADAMTS7,15,79124039,aligned,1.0,1.0,2,LUAD,6.493,5.863,0.0969,True,True
rs10083697,ADAMTS7,15,79124039,aligned,1.0,1.0,2,LUSC,6.112,4.848,0.2069,True,False
rs10083697,ADAMTS7,15,79124039,aligned,1.0,1.0,2,SCLC,3.42,1.546,0.5478,False,False
rs10083697,ADAMTS7,15,79124039,aligned,1.0,1.0,2,EC,3.178,1.021,0.6788,False,False
rs10083697,ADAMTS7,15,79124039,aligned,1.0,1.0,2,EAC,0.062,-0.259,-3.195,False,False
rs10083697,ADAMTS7,15,79124039,aligned,1.0,1.0,2,THCA,0.355,-0.444,-0.2532,False,False
rs10083697,ADAMTS7,15,79124039,aligned,1.0,1.0,2,RCC,2.923,2.167,0.2587,False,False
rs10083697,ADAMTS7,15,79124039,aligned,1.0,1.0,2,PC,0.197,0.175,0.1112,False,False
rs10083697,ADAMTS7,15,79124039,aligned,1.0,1.0,2,GC,0.091,-0.167,-0.84,False,False
rs10083697,ADAMTS7,15,79124039,aligned,1.0,1.0,2,PRAD,0.124,0.032,0.7422,False,False
rs8024048,ADAMTS7,15,79127907,aligned,1.0,1.0,2,LUAD,-6.407,-5.962,0.0693,True,True
rs8024048,ADAMTS7,15,79127907,aligned,1.0,1.0,2,LUSC,-5.999,-4.26,0.2898,True,False
rs8024048,ADAMTS7,15,79127907,aligned,1.0,1.0,2,SCLC,-4.219,-2.452,0.4188,False,False
rs8024048,ADAMTS7,15,79127907,aligned,1.0,1.0,2,EC,-2.908,-0.535,0.8159,False,False
rs8024048,ADAMTS7,15,79127907,aligned,1.0,1.0,2,EAC,-0.536,-0.636,-0.1871,False,False
rs8024048,ADAMTS7,15,79127907,aligned,1.0,1.0,2,THCA,-0.066,0.594,-7.9801,False,False
rs8024048,ADAMTS7,15,79127907,aligned,1.0,1.0,2,RCC,-3.094,-2.488,0.196,False,False
rs8024048,ADAMTS7,15,79127907,aligned,1.0,1.0,2,PC,1.837,2.333,-0.2699,False,False
rs8024048,ADAMTS7,15,79127907,aligned,1.0,1.0,2,GC,-0.089,0.195,-1.189,False,False
rs8024048,ADAMTS7,15,79127907,aligned,1.0,1.0,2,PRAD,0.453,0.522,-0.1523,False,False
rs12903668,ADAMTS7,15,79129320,aligned,1.0,1.0,2,LUAD,-6.501,-6.129,0.0573,True,True
rs12903668,ADAMTS7,15,79129320,aligned,1.0,1.0,2,LUSC,-6.013,-4.324,0.281,True,False
rs12903668,ADAMTS7,15,79129320,aligned,1.0,1.0,2,SCLC,-4.325,-2.622,0.3938,False,False
rs12903668,ADAMTS7,15,79129320,aligned,1.0,1.0,2,EC,-2.806,-0.406,0.8554,False,False
rs12903668,ADAMTS7,15,79129320,aligned,1.0,1.0,2,EAC,-0.465,-0.598,-0.2843,False,False
rs12903668,ADAMTS7,15,79129320,aligned,1.0,1.0,2,THCA,0.021,0.568,-25.5909,False,False
rs12903668,ADAMTS7,15,79129320,aligned,1.0,1.0,2,RCC,-2.986,-2.332,0.2191,False,False
rs12903668,ADAMTS7,15,79129320,aligned,1.0,1.0,2,PC,2.351,3.137,-0.3346,False,False
rs12903668,ADAMTS7,15,79129320,aligned,1.0,1.0,2,GC,-0.05,0.231,-3.6538,False,False
rs12903668,ADAMTS7,15,79129320,aligned,1.0,1.0,2,PRAD,0.245,0.241,0.0134,False,False
rs6495341,ADAMTS7,15,79133026,aligned,1.0,1.0,2,LUAD,-5.748,-5.844,-0.0167,True,True
rs6495341,ADAMTS7,15,79133026,aligned,1.0,1.0,2,LUSC,-5.47,-3.791,0.3069,True,False
rs6495341,ADAMTS7,15,79133026,aligned,1.0,1.0,2,SCLC,-4.781,-2.604,0.4554,False,False
rs6495341,ADAMTS7,15,79133026,aligned,1.0,1.0,2,EC,-2.186,0.142,0.935,False,False
rs6495341,ADAMTS7,15,79133026,aligned,1.0,1.0,2,EAC,-0.648,-1.164,-0.7969,False,False
rs6495341,ADAMTS7,15,79133026,aligned,1.0,1.0,2,THCA,-0.367,-0.331,0.0982,False,False
rs6495341,ADAMTS7,15,79133026,aligned,1.0,1.0,2,RCC,-2.34,-1.619,0.308,False,False
rs6495341,ADAMTS7,15,79133026,aligned,1.0,1.0,2,PC,2.154,3.163,-0.4683,False,False
rs6495341,ADAMTS7,15,79133026,aligned,1.0,1.0,2,GC,-0.761,-0.24,0.6847,False,False
rs6495341,ADAMTS7,15,79133026,aligned,1.0,1.0,2,PRAD,1.045,1.125,-0.0762,False,False
rs8028410,ADAMTS7,15,79134267,aligned,1.0,1.0,2,LUAD,-5.73,-5.803,-0.0128,True,True
rs8028410,ADAMTS7,15,79134267,aligned,1.0,1.0,2,LUSC,-5.488,-3.809,0.306,True,False
rs8028410,ADAMTS7,15,79134267,aligned,1.0,1.0,2,SCLC,-4.796,-2.641,0.4493,False,False
rs8028410,ADAMTS7,15,79134267,aligned,1.0,1.0,2,EC,-2.21,0.088,0.9603,False,False
rs8028410,ADAMTS7,15,79134267,aligned,1.0,1.0,2,EAC,-0.682,-1.176,-0.7238,False,False
rs8028410,ADAMTS7,15,79134267,aligned,1.0,1.0,2,THCA,-0.375,-0.314,0.1614,False,False
rs8028410,ADAMTS7,15,79134267,aligned,1.0,1.0,2,RCC,-2.349,-1.633,0.3049,False,False
rs8028410,ADAMTS7,15,79134267,aligned,1.0,1.0,2,PC,2.118,3.107,-0.4674,False,False
rs8028410,ADAMTS7,15,79134267,aligned,1.0,1.0,2,GC,-0.735,-0.207,0.718,False,False
rs8028410,ADAMTS7,15,79134267,aligned,1.0,1.0,2,PRAD,1.061,1.147,-0.0805,False,False
rs11637783,MORF4L1,15,79139000,aligned,1.0,1.0,2,LUAD,6.509,6.093,0.0639,True,True
rs11637783,MORF4L1,15,79139000,aligned,1.0,1.0,2,LUSC,6.161,4.423,0.282,True,False
rs11637783,MORF4L1,15,79139000,aligned,1.0,1.0,2,SCLC,4.476,3.309,0.2608,False,False
rs11637783,MORF4L1,15,79139000,aligned,1.0,1.0,2,EC,2.515,0.474,0.8115,False,False
rs11637783,MORF4L1,15,79139000,aligned,1.0,1.0,2,EAC,0.236,0.326,-0.3798,False,False
rs11637783,MORF4L1,15,79139000,aligned,1.0,1.0,2,THCA,-0.354,-1.142,-2.2234,False,False
rs11637783,MORF4L1,15,79139000,aligned,1.0,1.0,2,RCC,2.762,2.309,0.1641,False,False
rs11637783,MORF4L1,15,79139000,aligned,1.0,1.0,2,PC,-2.784,-3.119,-0.1203,False,False
rs11637783,MORF4L1,15,79139000,aligned,1.0,1.0,2,GC,0.325,0.145,0.5529,False,False
rs11637783,MORF4L1,15,79139000,aligned,1.0,1.0,2,PRAD,-0.566,-0.462,0.1847,False,False
rs8041818,MORF4L1,15,79139831,aligned,1.0,1.0,2,LUAD,-5.673,-5.747,-0.0131,True,True
rs8041818,MORF4L1,15,79139831,aligned,1.0,1.0,2,LUSC,-5.453,-3.782,0.3065,True,False
rs8041818,MORF4L1,15,79139831,aligned,1.0,1.0,2,SCLC,-4.758,-2.595,0.4546,False,False
rs8041818,MORF4L1,15,79139831,aligned,1.0,1.0,2,EC,-2.191,0.123,0.9441,False,False
rs8041818,MORF4L1,15,79139831,aligned,1.0,1.0,2,EAC,-0.713,-1.231,-0.7269,False,False
rs8041818,MORF4L1,15,79139831,aligned,1.0,1.0,2,THCA,-0.342,-0.284,0.1709,False,False
rs8041818,MORF4L1,15,79139831,aligned,1.0,1.0,2,RCC,-2.34,-1.642,0.2982,False,False
rs8041818,MORF4L1,15,79139831,aligned,1.0,1.0,2,PC,2.169,3.159,-0.4563,False,False
rs8041818,MORF4L1,15,79139831,aligned,1.0,1.0,2,GC,-0.782,-0.266,0.6593,False,False
rs8041818,MORF4L1,15,79139831,aligned,1.0,1.0,2,PRAD,1.086,1.169,-0.0761,False,False
rs16950982,MAFTRR,16,79702371,aligned,1.0,1.0,2,LUAD,3.218,2.333,0.275,False,False
rs16950982,MAFTRR,16,79702371,aligned,1.0,1.0,2,LUSC,3.138,0.729,0.7678,False,False
rs16950982,MAFTRR,16,79702371,aligned,1.0,1.0,2,SCLC,3.465,0.026,0.9924,False,False
rs16950982,MAFTRR,16,79702371,aligned,1.0,1.0,2,EC,4.6,1.338,0.7091,False,False
rs16950982,MAFTRR,16,79702371,aligned,1.0,1.0,2,EAC,0.967,0.844,0.1266,False,False
rs16950982,MAFTRR,16,79702371,aligned,1.0,1.0,2,THCA,5.646,5.032,0.1087,True,False
rs16950982,MAFTRR,16,79702371,aligned,1.0,1.0,2,RCC,5.575,4.309,0.227,True,False
rs16950982,MAFTRR,16,79702371,aligned,1.0,1.0,2,PC,2.193,0.059,0.9729,False,False
rs16950982,MAFTRR,16,79702371,aligned,1.0,1.0,2,GC,0.053,-1.164,-20.8705,False,False
rs16950982,MAFTRR,16,79702371,aligned,1.0,1.0,2,PRAD,-0.048,-0.876,-17.1329,False,False
rs11150188,MAFTRR,16,79707298,aligned,1.0,1.0,2,LUAD,3.282,2.449,0.2538,False,False
rs11150188,MAFTRR,16,79707298,aligned,1.0,1.0,2,LUSC,3.03,0.662,0.7816,False,False
rs11150188,MAFTRR,16,79707298,aligned,1.0,1.0,2,SCLC,3.632,0.044,0.9878,False,False
rs11150188,MAFTRR,16,79707298,aligned,1.0,1.0,2,EC,4.489,1.199,0.7328,False,False
rs11150188,MAFTRR,16,79707298,aligned,1.0,1.0,2,EAC,1.052,0.841,0.2012,False,False
rs11150188,MAFTRR,16,79707298,aligned,1.0,1.0,2,THCA,5.608,5.119,0.0871,True,False
rs11150188,MAFTRR,16,79707298,aligned,1.0,1.0,2,RCC,5.587,4.306,0.2293,True,False
rs11150188,MAFTRR,16,79707298,aligned,1.0,1.0,2,PC,2.543,0.378,0.8514,False,False
rs11150188,MAFTRR,16,79707298,aligned,1.0,1.0,2,GC,-0.828,-2.161,-1.6079,False,False
rs11150188,MAFTRR,16,79707298,aligned,1.0,1.0,2,PRAD,-0.0,-0.951,-2006.7095,False,False
rs7202240,MAFTRR,16,79745896,aligned,1.0,1.0,2,LUAD,2.545,1.582,0.3783,False,False
rs7202240,MAFTRR,16,79745896,aligned,1.0,1.0,2,LUSC,2.496,0.525,0.7897,False,False
rs7202240,MAFTRR,16,79745896,aligned,1.0,1.0,2,SCLC,3.011,-0.777,0.742,False,False
rs7202240,MAFTRR,16,79745896,aligned,1.0,1.0,2,EC,4.346,0.926,0.7869,False,False
rs7202240,MAFTRR,16,79745896,aligned,1.0,1.0,2,EAC,1.215,1.0,0.1766,False,False
rs7202240,MAFTRR,16,79745896,aligned,1.0,1.0,2,THCA,5.458,5.043,0.0759,True,False
rs7202240,MAFTRR,16,79745896,aligned,1.0,1.0,2,RCC,5.564,4.409,0.2076,True,False
rs7202240,MAFTRR,16,79745896,aligned,1.0,1.0,2,PC,2.636,0.366,0.8612,False,False
rs7202240,MAFTRR,16,79745896,aligned,1.0,1.0,2,GC,-1.24,-2.641,-1.129,False,False
rs7202240,MAFTRR,16,79745896,aligned,1.0,1.0,2,PRAD,0.184,-0.823,-3.4644,False,False
rs3813582,MAFTRR,16,79749353,aligned,1.0,1.0,2,LUAD,2.622,1.627,0.3796,False,False
rs3813582,MAFTRR,16,79749353,aligned,1.0,1.0,2,LUSC,2.589,0.602,0.7675,False,False
rs3813582,MAFTRR,16,79749353,aligned,1.0,1.0,2,SCLC,3.098,-0.8,0.7417,False,False
rs3813582,MAFTRR,16,79749353,aligned,1.0,1.0,2,EC,4.454,0.874,0.8038,False,False
rs3813582,MAFTRR,16,79749353,aligned,1.0,1.0,2,EAC,1.248,1.018,0.1842,False,False
rs3813582,MAFTRR,16,79749353,aligned,1.0,1.0,2,THCA,5.658,5.222,0.077,True,False
rs3813582,MAFTRR,16,79749353,aligned,1.0,1.0,2,RCC,5.723,4.529,0.2087,True,False
rs3813582,MAFTRR,16,79749353,aligned,1.0,1.0,2,PC,2.76,0.385,0.8607,False,False
rs3813582,MAFTRR,16,79749353,aligned,1.0,1.0,2,GC,-1.226,-2.632,-1.1465,False,False
rs3813582,MAFTRR,16,79749353,aligned,1.0,1.0,2,PRAD,0.29,-0.724,-1.4932,False,False
rs7223387,HNF1B,17,36082473,reversed (MTAG-inferred),-1.0,-1.0,2,LUAD,-2.291,-1.277,0.4425,False,False
rs7223387,HNF1B,17,36082473,reversed (MTAG-inferred),-1.0,-1.0,2,LUSC,1.272,1.035,0.1865,False,False
rs7223387,HNF1B,17,36082473,reversed (MTAG-inferred),-1.0,-1.0,2,SCLC,3.131,-0.792,0.747,False,False
rs7223387,HNF1B,17,36082473,reversed (MTAG-inferred),-1.0,-1.0,2,EC,-2.131,-0.489,0.7703,False,False
rs7223387,HNF1B,17,36082473,reversed (MTAG-inferred),-1.0,-1.0,2,EAC,-1.257,1.469,-0.1685,False,False
rs7223387,HNF1B,17,36082473,reversed (MTAG-inferred),-1.0,-1.0,2,THCA,-2.009,-0.227,0.8869,False,False
rs7223387,HNF1B,17,36082473,reversed (MTAG-inferred),-1.0,-1.0,2,RCC,-2.226,-1.422,0.3612,False,False
rs7223387,HNF1B,17,36082473,reversed (MTAG-inferred),-1.0,-1.0,2,PC,-4.329,-1.71,0.6049,False,False
rs7223387,HNF1B,17,36082473,reversed (MTAG-inferred),-1.0,-1.0,2,GC,5.832,2.445,0.5808,True,False
rs7223387,HNF1B,17,36082473,reversed (MTAG-inferred),-1.0,-1.0,2,PRAD,-10.899,-11.678,-0.0715,True,True
rs77050488,HNF1B,17,36107869,reversed (MTAG-inferred),-1.0,-1.0,2,LUAD,-1.997,-0.969,0.5148,False,False
rs77050488,HNF1B,17,36107869,reversed (MTAG-inferred),-1.0,-1.0,2,LUSC,0.139,0.229,-0.6437,False,False
rs77050488,HNF1B,17,36107869,reversed (MTAG-inferred),-1.0,-1.0,2,SCLC,2.743,0.218,0.9204,False,False
rs77050488,HNF1B,17,36107869,reversed (MTAG-inferred),-1.0,-1.0,2,EC,-3.259,-2.515,0.2284,False,False
rs77050488,HNF1B,17,36107869,reversed (MTAG-inferred),-1.0,-1.0,2,EAC,-1.496,0.781,0.4781,False,False
rs77050488,HNF1B,17,36107869,reversed (MTAG-inferred),-1.0,-1.0,2,THCA,-1.518,-0.173,0.8862,False,False
rs77050488,HNF1B,17,36107869,reversed (MTAG-inferred),-1.0,-1.0,2,RCC,-1.944,-0.988,0.4918,False,False
rs77050488,HNF1B,17,36107869,reversed (MTAG-inferred),-1.0,-1.0,2,PC,-2.891,-0.591,0.7957,False,False
rs77050488,HNF1B,17,36107869,reversed (MTAG-inferred),-1.0,-1.0,2,GC,5.602,2.176,0.6115,True,False
rs77050488,HNF1B,17,36107869,reversed (MTAG-inferred),-1.0,-1.0,2,PRAD,-7.72,-8.208,-0.0632,True,True
rs9911515,CASC17,17,69115358,mixed,-0.3333,-0.3333,3,LUAD,-2.424,-1.023,0.5778,False,False
rs9911515,CASC17,17,69115358,mixed,-0.3333,-0.3333,3,LUSC,1.576,0.402,0.7451,False,False
rs9911515,CASC17,17,69115358,mixed,-0.3333,-0.3333,3,SCLC,6.607,0.04,0.994,True,False
rs9911515,CASC17,17,69115358,mixed,-0.3333,-0.3333,3,EC,-3.613,-0.449,0.8759,False,False
rs9911515,CASC17,17,69115358,mixed,-0.3333,-0.3333,3,EAC,-4.378,-0.816,0.8136,False,False
rs9911515,CASC17,17,69115358,mixed,-0.3333,-0.3333,3,THCA,-2.246,0.888,0.6047,False,False
rs9911515,CASC17,17,69115358,mixed,-0.3333,-0.3333,3,RCC,-2.041,-0.884,0.5668,False,False
rs9911515,CASC17,17,69115358,mixed,-0.3333,-0.3333,3,PC,-6.212,-1.396,0.7752,True,False
rs9911515,CASC17,17,69115358,mixed,-0.3333,-0.3333,3,GC,4.458,-3.278,0.2647,False,False
rs9911515,CASC17,17,69115358,mixed,-0.3333,-0.3333,3,PRAD,-18.415,-20.446,-0.1103,True,True
rs8079315,CASC17,17,69120855,reversed (MTAG-inferred),-1.0,1.0,2,LUAD,-2.138,-0.996,0.5339,False,False
rs8079315,CASC17,17,69120855,reversed (MTAG-inferred),-1.0,1.0,2,LUSC,1.157,-0.139,0.8799,False,False
rs8079315,CASC17,17,69120855,reversed (MTAG-inferred),-1.0,1.0,2,SCLC,5.488,-0.092,0.9833,True,False
rs8079315,CASC17,17,69120855,reversed (MTAG-inferred),-1.0,1.0,2,EC,-2.687,-0.381,0.8582,False,False
rs8079315,CASC17,17,69120855,reversed (MTAG-inferred),-1.0,1.0,2,EAC,-2.76,0.334,0.8791,False,False
rs8079315,CASC17,17,69120855,reversed (MTAG-inferred),-1.0,1.0,2,THCA,-1.92,0.692,0.6395,False,False
rs8079315,CASC17,17,69120855,reversed (MTAG-inferred),-1.0,1.0,2,RCC,-1.337,-0.274,0.7954,False,False
rs8079315,CASC17,17,69120855,reversed (MTAG-inferred),-1.0,1.0,2,PC,-5.307,-1.586,0.7011,False,False
rs8079315,CASC17,17,69120855,reversed (MTAG-inferred),-1.0,1.0,2,GC,3.358,-2.495,0.2569,False,False
rs8079315,CASC17,17,69120855,reversed (MTAG-inferred),-1.0,1.0,2,PRAD,-15.136,-16.896,-0.1163,True,True
rs12962403,TYMS,18,672035,aligned,1.0,1.0,2,LUAD,-3.938,-3.401,0.1364,False,False
rs12962403,TYMS,18,672035,aligned,1.0,1.0,2,LUSC,-2.615,0.286,0.8908,False,False
rs12962403,TYMS,18,672035,aligned,1.0,1.0,2,SCLC,-3.484,-1.41,0.5953,False,False
rs12962403,TYMS,18,672035,aligned,1.0,1.0,2,EC,-3.629,0.912,0.7488,False,False
rs12962403,TYMS,18,672035,aligned,1.0,1.0,2,EAC,-1.21,-1.054,0.129,False,False
rs12962403,TYMS,18,672035,aligned,1.0,1.0,2,THCA,-6.112,-4.858,0.2052,True,False
rs12962403,TYMS,18,672035,aligned,1.0,1.0,2,RCC,-5.993,-4.97,0.1707,True,False
rs12962403,TYMS,18,672035,aligned,1.0,1.0,2,PC,-2.743,-0.06,0.9781,False,False
rs12962403,TYMS,18,672035,aligned,1.0,1.0,2,GC,0.202,-0.138,0.3159,False,False
rs12962403,TYMS,18,672035,aligned,1.0,1.0,2,PRAD,-2.334,-1.964,0.1586,False,False
rs1059393,TYMS,18,672836,aligned,1.0,1.0,2,LUAD,-3.987,-3.438,0.1378,False,False
rs1059393,TYMS,18,672836,aligned,1.0,1.0,2,LUSC,-2.693,0.206,0.9234,False,False
rs1059393,TYMS,18,672836,aligned,1.0,1.0,2,SCLC,-3.524,-1.455,0.5871,False,False
rs1059393,TYMS,18,672836,aligned,1.0,1.0,2,EC,-3.577,0.956,0.7327,False,False
rs1059393,TYMS,18,672836,aligned,1.0,1.0,2,EAC,-1.033,-0.884,0.1446,False,False
rs1059393,TYMS,18,672836,aligned,1.0,1.0,2,THCA,-6.157,-4.88,0.2073,True,False
rs1059393,TYMS,18,672836,aligned,1.0,1.0,2,RCC,-5.992,-4.969,0.1707,True,False
rs1059393,TYMS,18,672836,aligned,1.0,1.0,2,PC,-2.736,-0.133,0.9515,False,False
rs1059393,TYMS,18,672836,aligned,1.0,1.0,2,GC,-0.08,-0.502,-5.295,False,False
rs1059393,TYMS,18,672836,aligned,1.0,1.0,2,PRAD,-2.279,-1.938,0.1499,False,False
rs12967001,YES1,18,737535,aligned,1.0,1.0,2,LUAD,-3.778,-2.933,0.2236,False,False
rs12967001,YES1,18,737535,aligned,1.0,1.0,2,LUSC,-3.05,-0.958,0.6859,False,False
rs12967001,YES1,18,737535,aligned,1.0,1.0,2,SCLC,-2.762,-0.966,0.6503,False,False
rs12967001,YES1,18,737535,aligned,1.0,1.0,2,EC,-4.253,0.062,0.9854,False,False
rs12967001,YES1,18,737535,aligned,1.0,1.0,2,EAC,-2.698,-1.996,0.2601,False,False
rs12967001,YES1,18,737535,aligned,1.0,1.0,2,THCA,-5.488,-4.002,0.2708,True,False
rs12967001,YES1,18,737535,aligned,1.0,1.0,2,RCC,-5.481,-4.347,0.2069,True,False
rs12967001,YES1,18,737535,aligned,1.0,1.0,2,PC,-4.357,-1.499,0.656,False,False
rs12967001,YES1,18,737535,aligned,1.0,1.0,2,GC,0.975,-0.328,0.6636,False,False
rs12967001,YES1,18,737535,aligned,1.0,1.0,2,PRAD,-3.52,-3.223,0.0842,False,False
rs62113214,KLK3,19,51362537,mixed,-0.3333,-0.3333,3,LUAD,-2.562,-1.181,0.5389,False,False
rs62113214,KLK3,19,51362537,mixed,-0.3333,-0.3333,3,LUSC,1.078,0.063,0.9415,False,False
rs62113214,KLK3,19,51362537,mixed,-0.3333,-0.3333,3,SCLC,4.33,-1.413,0.6738,False,False
rs62113214,KLK3,19,51362537,mixed,-0.3333,-0.3333,3,EC,-4.058,-1.757,0.567,False,False
rs62113214,KLK3,19,51362537,mixed,-0.3333,-0.3333,3,EAC,-4.617,-0.429,0.9071,False,False
rs62113214,KLK3,19,51362537,mixed,-0.3333,-0.3333,3,THCA,-3.467,-1.031,0.7027,False,False
rs62113214,KLK3,19,51362537,mixed,-0.3333,-0.3333,3,RCC,-2.224,-0.564,0.7463,False,False
rs62113214,KLK3,19,51362537,mixed,-0.3333,-0.3333,3,PC,-7.485,-1.784,0.7617,True,False
rs62113214,KLK3,19,51362537,mixed,-0.3333,-0.3333,3,GC,11.412,1.589,0.8607,True,False
rs62113214,KLK3,19,51362537,mixed,-0.3333,-0.3333,3,PRAD,-17.563,-19.041,-0.0841,True,True
rs143190905,RTEL1-TNFRSF6B,20,62291767,aligned,1.0,1.0,3,LUAD,-4.798,-3.563,0.2575,False,False
rs143190905,RTEL1-TNFRSF6B,20,62291767,aligned,1.0,1.0,3,LUSC,-1.847,0.974,0.4727,False,False
rs143190905,RTEL1-TNFRSF6B,20,62291767,aligned,1.0,1.0,3,SCLC,0.154,-0.127,0.1762,False,False
rs143190905,RTEL1-TNFRSF6B,20,62291767,aligned,1.0,1.0,3,EC,-5.772,-2.843,0.5074,True,False
rs143190905,RTEL1-TNFRSF6B,20,62291767,aligned,1.0,1.0,3,EAC,-0.058,1.428,-23.5376,False,False
rs143190905,RTEL1-TNFRSF6B,20,62291767,aligned,1.0,1.0,3,THCA,-5.111,-3.074,0.3986,False,False
rs143190905,RTEL1-TNFRSF6B,20,62291767,aligned,1.0,1.0,3,RCC,-6.247,-4.805,0.2309,True,False
rs143190905,RTEL1-TNFRSF6B,20,62291767,aligned,1.0,1.0,3,PC,-2.434,-0.175,0.9279,False,False
rs143190905,RTEL1-TNFRSF6B,20,62291767,aligned,1.0,1.0,3,GC,1.688,0.242,0.8567,False,False
rs143190905,RTEL1-TNFRSF6B,20,62291767,aligned,1.0,1.0,3,PRAD,-5.51,-5.441,0.0125,True,False
rs16983884,RTEL1,20,62320674,aligned,1.0,1.0,2,LUAD,-5.117,-4.223,0.1749,False,False
rs16983884,RTEL1,20,62320674,aligned,1.0,1.0,2,LUSC,-1.732,1.332,0.231,False,False
rs16983884,RTEL1,20,62320674,aligned,1.0,1.0,2,SCLC,-0.238,-0.159,0.3301,False,False
rs16983884,RTEL1,20,62320674,aligned,1.0,1.0,2,EC,-5.561,-2.57,0.5378,True,False
rs16983884,RTEL1,20,62320674,aligned,1.0,1.0,2,EAC,0.061,1.382,-21.6211,False,False
rs16983884,RTEL1,20,62320674,aligned,1.0,1.0,2,THCA,-5.312,-3.683,0.3066,False,False
rs16983884,RTEL1,20,62320674,aligned,1.0,1.0,2,RCC,-5.97,-4.328,0.275,True,False
rs16983884,RTEL1,20,62320674,aligned,1.0,1.0,2,PC,-2.777,-0.326,0.8827,False,False
rs16983884,RTEL1,20,62320674,aligned,1.0,1.0,2,GC,1.686,0.566,0.6646,False,False
rs16983884,RTEL1,20,62320674,aligned,1.0,1.0,2,PRAD,-5.345,-5.178,0.0311,False,False
rs41309931,RTEL1,20,62326579,aligned,1.0,1.0,4,LUAD,7.179,6.067,0.155,True,True
rs41309931,RTEL1,20,62326579,aligned,1.0,1.0,4,LUSC,3.187,-0.112,0.9649,False,False
rs41309931,RTEL1,20,62326579,aligned,1.0,1.0,4,SCLC,0.219,1.004,-3.5936,False,False
rs41309931,RTEL1,20,62326579,aligned,1.0,1.0,4,EC,5.708,2.446,0.5715,True,False
rs41309931,RTEL1,20,62326579,aligned,1.0,1.0,4,EAC,0.252,-1.14,-3.525,False,False
rs41309931,RTEL1,20,62326579,aligned,1.0,1.0,4,THCA,3.413,1.267,0.6286,False,False
rs41309931,RTEL1,20,62326579,aligned,1.0,1.0,4,RCC,6.002,4.643,0.2264,True,False
rs41309931,RTEL1,20,62326579,aligned,1.0,1.0,4,PC,1.32,-0.782,0.4078,False,False
rs41309931,RTEL1,20,62326579,aligned,1.0,1.0,4,GC,-1.895,-0.37,0.8049,False,False
rs41309931,RTEL1,20,62326579,aligned,1.0,1.0,4,PRAD,6.207,6.366,-0.0255,True,True
rs2872881,ARFRP1,20,62342801,aligned,1.0,1.0,2,LUAD,-4.303,-2.055,0.5224,False,False
rs2872881,ARFRP1,20,62342801,aligned,1.0,1.0,2,LUSC,-1.519,0.049,0.9675,False,False
rs2872881,ARFRP1,20,62342801,aligned,1.0,1.0,2,SCLC,2.423,0.584,0.7591,False,False
rs2872881,ARFRP1,20,62342801,aligned,1.0,1.0,2,EC,-5.395,-2.248,0.5833,False,False
rs2872881,ARFRP1,20,62342801,aligned,1.0,1.0,2,EAC,-1.378,0.491,0.6434,False,False
rs2872881,ARFRP1,20,62342801,aligned,1.0,1.0,2,THCA,-2.42,0.376,0.8446,False,False
rs2872881,ARFRP1,20,62342801,aligned,1.0,1.0,2,RCC,-6.038,-5.419,0.1025,True,False
rs2872881,ARFRP1,20,62342801,aligned,1.0,1.0,2,PC,-1.519,0.671,0.5585,False,False
rs2872881,ARFRP1,20,62342801,aligned,1.0,1.0,2,GC,3.872,1.49,0.6152,False,False
rs2872881,ARFRP1,20,62342801,aligned,1.0,1.0,2,PRAD,-8.129,-8.44,-0.0382,True,True
rs2750483,ARFRP1,20,62345470,aligned,1.0,1.0,2,LUAD,-4.241,-2.013,0.5252,False,False
rs2750483,ARFRP1,20,62345470,aligned,1.0,1.0,2,LUSC,-1.419,0.2,0.8593,False,False
rs2750483,ARFRP1,20,62345470,aligned,1.0,1.0,2,SCLC,2.396,0.457,0.8091,False,False
rs2750483,ARFRP1,20,62345470,aligned,1.0,1.0,2,EC,-5.33,-2.127,0.6009,False,False
rs2750483,ARFRP1,20,62345470,aligned,1.0,1.0,2,EAC,-1.468,0.399,0.7281,False,False
rs2750483,ARFRP1,20,62345470,aligned,1.0,1.0,2,THCA,-2.432,0.405,0.8336,False,False
rs2750483,ARFRP1,20,62345470,aligned,1.0,1.0,2,RCC,-6.084,-5.506,0.095,True,True
rs2750483,ARFRP1,20,62345470,aligned,1.0,1.0,2,PC,-1.45,0.785,0.4589,False,False
rs2750483,ARFRP1,20,62345470,aligned,1.0,1.0,2,GC,3.925,1.475,0.6242,False,False
rs2750483,ARFRP1,20,62345470,aligned,1.0,1.0,2,PRAD,-8.209,-8.536,-0.0397,True,True
rs1758205,LIME1,20,62355756,aligned,1.0,1.0,2,LUAD,-4.222,-1.972,0.5329,False,False
rs1758205,LIME1,20,62355756,aligned,1.0,1.0,2,LUSC,-1.454,0.112,0.9226,False,False
rs1758205,LIME1,20,62355756,aligned,1.0,1.0,2,SCLC,2.444,0.566,0.7683,False,False
rs1758205,LIME1,20,62355756,aligned,1.0,1.0,2,EC,-5.375,-2.242,0.5828,False,False
rs1758205,LIME1,20,62355756,aligned,1.0,1.0,2,EAC,-1.429,0.442,0.6908,False,False
rs1758205,LIME1,20,62355756,aligned,1.0,1.0,2,THCA,-2.441,0.36,0.8524,False,False
rs1758205,LIME1,20,62355756,aligned,1.0,1.0,2,RCC,-6.022,-5.41,0.1015,True,False
rs1758205,LIME1,20,62355756,aligned,1.0,1.0,2,PC,-1.545,0.663,0.5708,False,False
rs1758205,LIME1,20,62355756,aligned,1.0,1.0,2,GC,3.888,1.487,0.6176,False,False
rs1758205,LIME1,20,62355756,aligned,1.0,1.0,2,PRAD,-8.154,-8.467,-0.0383,True,True
rs6122154,LIME1,20,62359345,aligned,1.0,1.0,2,LUAD,-4.281,-2.024,0.5271,False,False
rs6122154,LIME1,20,62359345,aligned,1.0,1.0,2,LUSC,-1.515,0.044,0.971,False,False
rs6122154,LIME1,20,62359345,aligned,1.0,1.0,2,SCLC,2.419,0.552,0.7717,False,False
rs6122154,LIME1,20,62359345,aligned,1.0,1.0,2,EC,-5.404,-2.262,0.5814,False,False
rs6122154,LIME1,20,62359345,aligned,1.0,1.0,2,EAC,-1.43,0.448,0.6867,False,False
rs6122154,LIME1,20,62359345,aligned,1.0,1.0,2,THCA,-2.441,0.361,0.8522,False,False
rs6122154,LIME1,20,62359345,aligned,1.0,1.0,2,RCC,-6.032,-5.406,0.1038,True,False
rs6122154,LIME1,20,62359345,aligned,1.0,1.0,2,PC,-1.549,0.667,0.5692,False,False
rs6122154,LIME1,20,62359345,aligned,1.0,1.0,2,GC,3.879,1.477,0.6192,False,False
rs6122154,LIME1,20,62359345,aligned,1.0,1.0,2,PRAD,-8.172,-8.49,-0.0388,True,True
rs1151624,LIME1,20,62369895,aligned,1.0,1.0,2,LUAD,4.23,2.039,0.5179,False,False
rs1151624,LIME1,20,62369895,aligned,1.0,1.0,2,LUSC,1.4,-0.064,0.9543,False,False
rs1151624,LIME1,20,62369895,aligned,1.0,1.0,2,SCLC,-2.581,-0.524,0.797,False,False
rs1151624,LIME1,20,62369895,aligned,1.0,1.0,2,EC,5.202,2.279,0.5619,False,False
rs1151624,LIME1,20,62369895,aligned,1.0,1.0,2,EAC,1.337,-0.541,0.5954,False,False
rs1151624,LIME1,20,62369895,aligned,1.0,1.0,2,THCA,2.132,-0.757,0.6447,False,False
rs1151624,LIME1,20,62369895,aligned,1.0,1.0,2,RCC,5.773,5.186,0.1018,True,False
rs1151624,LIME1,20,62369895,aligned,1.0,1.0,2,PC,1.469,-0.562,0.6174,False,False
rs1151624,LIME1,20,62369895,aligned,1.0,1.0,2,GC,-3.984,-1.572,0.6055,False,False
rs1151624,LIME1,20,62369895,aligned,1.0,1.0,2,PRAD,8.066,8.399,-0.0413,True,True
rs1741708,SLC2A4RG,20,62372041,aligned,1.0,1.0,2,LUAD,-4.201,-2.004,0.5229,False,False
rs1741708,SLC2A4RG,20,62372041,aligned,1.0,1.0,2,LUSC,-1.382,0.12,0.9128,False,False
rs1741708,SLC2A4RG,20,62372041,aligned,1.0,1.0,2,SCLC,2.504,0.564,0.7749,False,False
rs1741708,SLC2A4RG,20,62372041,aligned,1.0,1.0,2,EC,-5.229,-2.205,0.5784,False,False
rs1741708,SLC2A4RG,20,62372041,aligned,1.0,1.0,2,EAC,-1.362,0.496,0.6361,False,False
rs1741708,SLC2A4RG,20,62372041,aligned,1.0,1.0,2,THCA,-2.271,0.473,0.7918,False,False
rs1741708,SLC2A4RG,20,62372041,aligned,1.0,1.0,2,RCC,-5.834,-5.235,0.1027,True,False
rs1741708,SLC2A4RG,20,62372041,aligned,1.0,1.0,2,PC,-1.527,0.608,0.6017,False,False
rs1741708,SLC2A4RG,20,62372041,aligned,1.0,1.0,2,GC,3.915,1.52,0.6118,False,False
rs1741708,SLC2A4RG,20,62372041,aligned,1.0,1.0,2,PRAD,-8.114,-8.438,-0.04,True,True
rs12169371,BIK,22,43498412,reversed (MTAG-inferred),-1.0,-1.0,2,LUAD,-1.648,-0.616,0.626,False,False
rs12169371,BIK,22,43498412,reversed (MTAG-inferred),-1.0,-1.0,2,LUSC,0.343,-0.949,-1.763,False,False
rs12169371,BIK,22,43498412,reversed (MTAG-inferred),-1.0,-1.0,2,SCLC,2.006,-1.712,0.1462,False,False
rs12169371,BIK,22,43498412,reversed (MTAG-inferred),-1.0,-1.0,2,EC,-1.448,0.947,0.3461,False,False
rs12169371,BIK,22,43498412,reversed (MTAG-inferred),-1.0,-1.0,2,EAC,-1.302,1.305,-0.0021,False,False
rs12169371,BIK,22,43498412,reversed (MTAG-inferred),-1.0,-1.0,2,THCA,-2.982,-1.245,0.5827,False,False
rs12169371,BIK,22,43498412,reversed (MTAG-inferred),-1.0,-1.0,2,RCC,-1.924,-1.01,0.4751,False,False
rs12169371,BIK,22,43498412,reversed (MTAG-inferred),-1.0,-1.0,2,PC,-3.953,0.013,0.9968,False,False
rs12169371,BIK,22,43498412,reversed (MTAG-inferred),-1.0,-1.0,2,GC,6.964,0.517,0.9258,True,False
rs12169371,BIK,22,43498412,reversed (MTAG-inferred),-1.0,-1.0,2,PRAD,-11.662,-12.95,-0.1104,True,True
