tissue,region,gene_id,gwas,nsnp,H0,H1,H2,H3,H4,eqtl_top_p,gwas_max_absz,gwas_top_p,max_log_post,gene,gene_type
Lung,5p15.33 TERT/CLPTM1L,ENSG00000028310,LUAD,2067,1.0276286160648687e-28,1.732659964238137e-29,0.8385080484661837,0.1413586978294821,0.0201332537043341,0.000454261,12.369718897856943,5.9471990201220945e-34,64.26899767137571,BRD9,protein_coding
Lung,5p15.33 TERT/CLPTM1L,ENSG00000028310,LUSC,2135,1.8956578804824576e-15,3.286013851646283e-16,0.8319509613055897,0.1441900527587735,0.0238589859356345,0.000454261,9.378100582096597,7.983018482717922e-20,33.71522866950665,BRD9,protein_coding
Lung,5p15.33 TERT/CLPTM1L,ENSG00000028310,SCLC,1829,0.7227601368147436,0.1107429465265576,0.1377133514464278,0.0210930613755296,0.0076905038367412,0.000454261,3.369387996219282,0.0034259114203628,0.0,BRD9,protein_coding
Lung,5p15.33 TERT/CLPTM1L,ENSG00000028310,PRAD,2250,7.975639826874224e-46,1.4459518032798075e-46,0.8278033730999856,0.1500553203237528,0.0221413065762615,0.000454261,15.219047619047618,5.063887795333787e-51,103.65354277829891,BRD9,protein_coding
Lung,5p15.33 TERT/CLPTM1L,ENSG00000049656,LUAD,2067,1.0689045392532046e-28,1.337990702300904e-29,0.8721877195654818,0.1091565808706683,0.0186556995638498,0.00138154,12.369718897856943,5.9471990201220945e-34,64.26899767137571,CLPTM1L,protein_coding
Lung,5p15.33 TERT/CLPTM1L,ENSG00000049656,LUSC,2135,1.9084674845475174e-15,2.5245042026897713e-16,0.837572736482215,0.110741708119267,0.0516855553985158,0.000529446,9.378100582096597,7.983018482717922e-20,33.71522866950665,CLPTM1L,protein_coding
Lung,5p15.33 TERT/CLPTM1L,ENSG00000049656,SCLC,1829,0.7420693812318734,0.0874351931007404,0.1413924984097622,0.0166472809148545,0.0124556463427692,0.000529446,3.369387996219282,0.0034259114203628,0.0,CLPTM1L,protein_coding
Lung,5p15.33 TERT/CLPTM1L,ENSG00000049656,PRAD,2250,6.591988731958882e-46,9.71095255554485e-47,0.6841921935047174,0.1005761713869681,0.2152316351083143,0.000529446,15.219047619047618,5.063887795333787e-51,103.65354277829891,CLPTM1L,protein_coding
Lung,5p15.33 TERT/CLPTM1L,ENSG00000063438,LUAD,937,1.1344600861577843e-28,6.060103645349023e-30,0.9256786917332628,0.0494233716203182,0.024897936646419,0.0116575,12.369718897856943,5.9471990201220945e-34,64.26899767137535,AHRR,protein_coding
Lung,5p15.33 TERT/CLPTM1L,ENSG00000063438,LUSC,997,0.0002196019590231,1.2501853574504268e-05,0.8944366964225868,0.050865465308405,0.0544657344564107,0.0116575,6.304073456943312,2.345725560906974e-09,8.312132779170076,AHRR,protein_coding
Lung,5p15.33 TERT/CLPTM1L,ENSG00000063438,SCLC,759,0.9017762465897936,0.0368278797351935,0.0563242993771973,0.0022974689221788,0.0027741053756367,0.0116575,3.369387996219282,0.0034259114203628,0.0,AHRR,protein_coding
Lung,5p15.33 TERT/CLPTM1L,ENSG00000063438,PRAD,1035,8.837327391701516e-46,5.198731355938888e-47,0.917239191191824,0.0539295651446238,0.028831243663552,0.0116575,15.219047619047618,5.063887795333787e-51,103.65354277829891,AHRR,protein_coding
Lung,5p15.33 TERT/CLPTM1L,ENSG00000066230,LUAD,1604,5.582869644937448e-29,5.564125969957789e-29,0.4555421148881369,0.4539221625960015,0.0905357225158615,2.01787e-06,12.369718897856943,5.9471990201220945e-34,64.26899767137571,SLC9A3,protein_coding
Lung,5p15.33 TERT/CLPTM1L,ENSG00000066230,LUSC,1675,9.987145552203766e-16,1.0953282176725918e-15,0.4383077467934307,0.4806277031131526,0.0810645500934146,2.01787e-06,9.378100582096597,7.983018482717922e-20,33.807400352007704,SLC9A3,protein_coding
Lung,5p15.33 TERT/CLPTM1L,ENSG00000066230,SCLC,1441,0.4009325546894823,0.4327505729641715,0.0682251762100874,0.0736150513760145,0.0244766447602442,2.01787e-06,3.369387996219282,0.0034259114203628,0.0763682976965043,SLC9A3,protein_coding
Lung,5p15.33 TERT/CLPTM1L,ENSG00000066230,PRAD,1741,4.545575143707535e-46,4.8893899352974055e-46,0.4717919211900101,0.5074562115736572,0.0207518672363328,2.01787e-06,15.219047619047618,5.063887795333787e-51,103.7264151594304,SLC9A3,protein_coding
Lung,5p15.33 TERT/CLPTM1L,ENSG00000071539,LUAD,2067,1.0263401865770959e-28,1.1105571668615388e-29,0.8374567362717884,0.0905454790096831,0.0719977847185283,0.00212407,12.369718897856943,5.9471990201220945e-34,64.26899767137571,TRIP13,protein_coding
Lung,5p15.33 TERT/CLPTM1L,ENSG00000071539,LUSC,2135,2.0223210610550355e-15,2.2142697278746164e-16,0.8875398710578917,0.0971627772186889,0.0152973517234171,0.00383912,9.378100582096597,7.983018482717922e-20,33.71522866950665,TRIP13,protein_coding
Lung,5p15.33 TERT/CLPTM1L,ENSG00000071539,SCLC,1829,0.7650809287769751,0.0702554366397168,0.1457770752188414,0.0133808324843367,0.0055057268801298,0.00212407,3.369387996219282,0.0034259114203628,0.0,TRIP13,protein_coding
Lung,5p15.33 TERT/CLPTM1L,ENSG00000071539,PRAD,2250,8.437921201712737e-46,9.778475269044924e-47,0.8757842360425638,0.1014694849048953,0.0227462790525408,0.00293398,15.219047619047618,5.063887795333787e-51,103.65354277829891,TRIP13,protein_coding
Lung,5p15.33 TERT/CLPTM1L,ENSG00000073578,LUAD,712,0.300623624956758,0.0084658026315443,0.649020615390143,0.0182533049372093,0.0236366520843452,0.0205696,4.510849259951143,3.8153978383859815e-05,0.7696054141522879,SDHA,protein_coding
Lung,5p15.33 TERT/CLPTM1L,ENSG00000073578,LUSC,759,0.8683733561952941,0.0266248083828994,0.0982506156870041,0.0030086757868374,0.0037425439479647,0.0104861,3.581502425759402,0.0016391461501801,0.0,SDHA,protein_coding
Lung,5p15.33 TERT/CLPTM1L,ENSG00000073578,SCLC,550,0.9455325425373948,0.0191670058516464,0.0332091686661996,0.0006717676056935,0.0014195153390656,0.0284633,2.811364668483197,0.019218428364947,0.0,SDHA,protein_coding
Lung,5p15.33 TERT/CLPTM1L,ENSG00000073578,PRAD,767,0.7127861892038233,0.0219305155510468,0.2397168050892855,0.007357232637238,0.0182092575186062,0.00835076,4.611111111111112,2.4151288155736075e-05,0.0,SDHA,protein_coding
Lung,5p15.33 TERT/CLPTM1L,ENSG00000112877,LUAD,1910,7.931863597962375e-29,2.2826923178231965e-29,0.6472115861950225,0.1860928003507843,0.1666956134541931,5.35567e-05,12.369718897856943,5.9471990201220945e-34,64.26899767137571,CEP72,protein_coding
Lung,5p15.33 TERT/CLPTM1L,ENSG00000112877,LUSC,1983,1.6992864023512965e-15,5.015768507074625e-16,0.7457690390894088,0.2200938445257957,0.0341371163847933,5.35567e-05,9.378100582096597,7.983018482717922e-20,33.715228669506644,CEP72,protein_coding
Lung,5p15.33 TERT/CLPTM1L,ENSG00000112877,SCLC,1698,0.6713928980092488,0.161882730366821,0.1249496227275156,0.0301155377631125,0.0116592111333019,5.35567e-05,3.369387996219282,0.0034259114203628,0.0,CEP72,protein_coding
Lung,5p15.33 TERT/CLPTM1L,ENSG00000112877,PRAD,2080,7.032858252247374e-46,2.1292548404842152e-46,0.7299506886115378,0.2209493876462646,0.0490999237421975,5.35567e-05,15.219047619047618,5.063887795333787e-51,103.65354277829891,CEP72,protein_coding
Lung,5p15.33 TERT/CLPTM1L,ENSG00000113504,LUAD,2067,7.941010832361469e-72,1.2255441291763726e-28,6.479579676741817e-44,1.0,4.3279052808316536e-30,7.9159e-42,12.369718897856943,5.9471990201220945e-34,163.71408611955368,SLC12A7,protein_coding
Lung,5p15.33 TERT/CLPTM1L,ENSG00000113504,LUSC,2135,1.4764171024159326e-58,2.278569253057372e-15,6.479579676741709e-44,0.9999999999999978,8.71042002689026e-17,7.9159e-42,9.378100582096597,7.983018482717922e-20,133.16031711768463,SLC12A7,protein_coding
Lung,5p15.33 TERT/CLPTM1L,ENSG00000113504,SCLC,1829,5.340763449173848e-44,0.8242453547325452,1.0176189809107194e-44,0.1570314299857716,0.0187232152816829,7.9159e-42,3.369387996219282,0.0034259114203628,99.44508844817796,SLC12A7,protein_coding
Lung,5p15.33 TERT/CLPTM1L,ENSG00000113504,PRAD,2250,6.242882719563991e-89,9.634703223069486e-46,6.479579676741817e-44,1.0,1.8471145883574014e-45,7.9159e-42,15.219047619047618,5.063887795333787e-51,203.0986312264769,SLC12A7,protein_coding
Lung,5p15.33 TERT/CLPTM1L,ENSG00000142319,LUAD,2067,1.390936440223318e-62,1.2255441291763726e-28,1.1349541865604606e-34,1.0,1.2059612838471123e-27,2.75672e-37,12.369718897856943,5.9471990201220945e-34,142.43029854731847,SLC6A3,protein_coding
Lung,5p15.33 TERT/CLPTM1L,ENSG00000142319,LUSC,2135,2.5860717131253697e-49,2.27856925305734e-15,1.134954186560442e-34,0.9999999999999978,2.285856921909389e-17,2.75672e-37,9.378100582096597,7.983018482717922e-20,111.87652954544944,SLC6A3,protein_coding
Lung,5p15.33 TERT/CLPTM1L,ENSG00000142319,SCLC,1829,9.134807458725271e-35,0.8048613386244949,1.7405289609674795e-35,0.1533149356552272,0.0418237257202778,2.75672e-37,3.369387996219282,0.0034259114203628,78.16130087594276,SLC6A3,protein_coding
Lung,5p15.33 TERT/CLPTM1L,ENSG00000142319,PRAD,2250,1.0934946759290279e-79,9.634703223069486e-46,1.1349541865604606e-34,1.0,7.644005145168176e-36,2.75672e-37,15.219047619047618,5.063887795333787e-51,181.81484365424168,SLC6A3,protein_coding
Lung,5p15.33 TERT/CLPTM1L,ENSG00000145494,LUAD,2067,1.0272950438514395e-28,1.8466110731896705e-29,0.8382358655186357,0.1506657339735923,0.0110984005077717,0.000273916,12.369718897856943,5.9471990201220945e-34,64.26899767137571,NDUFS6,protein_coding
Lung,5p15.33 TERT/CLPTM1L,ENSG00000145494,LUSC,2135,1.900950386313564e-15,3.543168773705193e-16,0.8342736933551004,0.1554894816475025,0.0102368249973947,0.000273916,9.378100582096597,7.983018482717922e-20,33.71522866950665,NDUFS6,protein_coding
Lung,5p15.33 TERT/CLPTM1L,ENSG00000145494,SCLC,1829,0.721636731910066,0.1134948472752438,0.1374992999975801,0.0216193440739716,0.0057497767431381,0.000432283,3.369387996219282,0.0034259114203628,0.0,NDUFS6,protein_coding
Lung,5p15.33 TERT/CLPTM1L,ENSG00000145494,PRAD,2250,7.757030288175418e-46,1.5662518818610856e-46,0.8051135679614772,0.1625312282920937,0.0323552037464291,0.000273916,15.219047619047618,5.063887795333787e-51,103.65354277829891,NDUFS6,protein_coding
Lung,5p15.33 TERT/CLPTM1L,ENSG00000145506,LUAD,2067,1.0428366539380967e-28,1.3883600185596138e-29,0.8509172612486304,0.1132493585200136,0.0358333802313557,0.00123626,12.369718897856943,5.9471990201220945e-34,64.26899767137571,NKD2,protein_coding
Lung,5p15.33 TERT/CLPTM1L,ENSG00000145506,LUSC,2135,1.9529378520134863e-15,2.654625510131277e-16,0.857089530806679,0.116477619268276,0.0264328499250427,0.00123626,9.378100582096597,7.983018482717922e-20,33.71522866950665,NKD2,protein_coding
Lung,5p15.33 TERT/CLPTM1L,ENSG00000145506,SCLC,1829,0.7487950749646568,0.0850840627830311,0.1426739993912991,0.0162045142822837,0.0072423485787292,0.00123626,3.369387996219282,0.0034259114203628,0.0,NKD2,protein_coding
Lung,5p15.33 TERT/CLPTM1L,ENSG00000145506,PRAD,2250,7.439792284394386e-46,1.0606681392406451e-46,0.7721869695560968,0.1099704616252311,0.117842568818672,0.00123626,15.219047619047618,5.063887795333787e-51,103.65354277829891,NKD2,protein_coding
Lung,5p15.33 TERT/CLPTM1L,ENSG00000153395,LUAD,2067,1.0305474608851095e-28,1.5846192634831964e-29,0.8408897210235012,0.1292694006388292,0.0298408783376692,0.000514349,12.369718897856943,5.9471990201220945e-34,64.26899767137571,LPCAT1,protein_coding
Lung,5p15.33 TERT/CLPTM1L,ENSG00000153395,LUSC,2135,1.9366545265346445e-15,3.123490726722492e-16,0.8499432369395986,0.1370682400827088,0.0129885229776902,0.000514349,9.378100582096597,7.983018482717922e-20,33.71522866950665,LPCAT1,protein_coding
Lung,5p15.33 TERT/CLPTM1L,ENSG00000153395,SCLC,1829,0.7329133545085812,0.1020053300532656,0.1396479263701994,0.0194298994489999,0.0060034896189536,0.000514349,3.369387996219282,0.0034259114203628,0.0,LPCAT1,protein_coding
Lung,5p15.33 TERT/CLPTM1L,ENSG00000153395,PRAD,2250,7.792739607948565e-46,1.3126081154583443e-46,0.808819890714382,0.1361825268194712,0.0549975824661467,0.000514349,15.219047619047618,5.063887795333787e-51,103.65354277829891,LPCAT1,protein_coding
Lung,5p15.33 TERT/CLPTM1L,ENSG00000153404,LUAD,260,0.3260821698649344,0.0069810090767706,0.6186884799540587,0.01321030406812,0.035038037036116,0.00452972,4.510849259951143,3.8153978383859815e-05,0.640452478196254,PLEKHG4B,protein_coding
Lung,5p15.33 TERT/CLPTM1L,ENSG00000153404,LUSC,291,0.9008357611405085,0.0230592395699183,0.0690274898574954,0.0017616226542931,0.0053158867777844,0.00452972,3.581502425759402,0.0016391461501801,0.0,PLEKHG4B,protein_coding
Lung,5p15.33 TERT/CLPTM1L,ENSG00000153404,SCLC,192,0.9741861495213404,0.0175155825186201,0.0074717711760464,0.0001336474147153,0.0006928493692774,0.010121,2.183852235819035,0.0921253348313841,0.0,PLEKHG4B,protein_coding
Lung,5p15.33 TERT/CLPTM1L,ENSG00000153404,PRAD,277,0.9651720565884172,0.0219237279457586,0.0113871891730437,0.0002573985418391,0.0012596277509413,0.00452972,3.436170212765957,0.0027295108393912,0.0,PLEKHG4B,protein_coding
Lung,5p15.33 TERT/CLPTM1L,ENSG00000164366,LUAD,712,0.2718670881289242,0.0236547595509485,0.5869377194395183,0.0510020581231751,0.0665383747574337,0.000221997,4.510849259951143,3.8153978383859815e-05,0.7696054141522879,CCDC127,protein_coding
Lung,5p15.33 TERT/CLPTM1L,ENSG00000164366,LUSC,759,0.7808423054047852,0.0688657469177833,0.088347064903758,0.0077374895608055,0.0542073932128678,0.000221997,3.581502425759402,0.0016391461501801,0.0,CCDC127,protein_coding
Lung,5p15.33 TERT/CLPTM1L,ENSG00000164366,SCLC,550,0.8939821745441134,0.0685874489754631,0.0313986071165152,0.00240531460114,0.003626454762768,0.000221997,2.811364668483197,0.019218428364947,0.0,CCDC127,protein_coding
Lung,5p15.33 TERT/CLPTM1L,ENSG00000164366,PRAD,767,0.6802172305382589,0.0621743168591994,0.2287635531398968,0.0209018737213313,0.0079430257413134,0.000221997,4.611111111111112,2.4151288155736075e-05,0.0,CCDC127,protein_coding
Lung,5p15.33 TERT/CLPTM1L,ENSG00000171368,LUAD,2067,1.0528859544650894e-28,1.4684351630795802e-29,0.8591171296073051,0.1197979512232873,0.0210849191694074,0.00181325,12.369718897856943,5.9471990201220945e-34,64.26899767137571,TPPP,protein_coding
Lung,5p15.33 TERT/CLPTM1L,ENSG00000171368,LUSC,2135,1.930539361113461e-15,2.869211691042808e-16,0.8472594627190092,0.125894790701067,0.0268457465799215,0.000918917,9.378100582096597,7.983018482717922e-20,33.71522866950665,TPPP,protein_coding
Lung,5p15.33 TERT/CLPTM1L,ENSG00000171368,SCLC,1829,0.7392361866298913,0.093384146939529,0.1408526668611403,0.0177844964872199,0.0087425030822191,0.000918917,3.369387996219282,0.0034259114203628,0.0,TPPP,protein_coding
Lung,5p15.33 TERT/CLPTM1L,ENSG00000171368,PRAD,2250,8.087433141612875e-46,1.2664613871528843e-46,0.8394065654506302,0.1314187129643004,0.0291747215850693,0.000918917,15.219047619047618,5.063887795333787e-51,103.65354277829891,TPPP,protein_coding
Lung,5p15.33 TERT/CLPTM1L,ENSG00000171421,LUAD,2067,5.546305097716946e-29,6.58502045712965e-29,0.4525585791385858,0.5373038848938175,0.0101375359675965,2.95911e-06,12.369718897856943,5.9471990201220945e-34,64.44064428806311,MRPL36,protein_coding
Lung,5p15.33 TERT/CLPTM1L,ENSG00000171421,LUSC,2135,1.0147863410251862e-15,1.2125084939135817e-15,0.4453612018434558,0.5321133718199861,0.0225254263365558,2.95911e-06,9.378100582096597,7.983018482717922e-20,33.89319959860916,MRPL36,protein_coding
Lung,5p15.33 TERT/CLPTM1L,ENSG00000171421,SCLC,1829,0.5996283963905354,0.2190783490085944,0.1142520621755785,0.0417174511221323,0.0253237413031592,4.84359e-05,3.369387996219282,0.0034259114203628,0.0,MRPL36,protein_coding
Lung,5p15.33 TERT/CLPTM1L,ENSG00000171421,PRAD,2250,6.811593291868713e-46,2.6971967926989313e-46,0.7069852733563112,0.2799329352525751,0.0130817913911135,4.84359e-05,15.219047619047618,5.063887795333787e-51,103.65354277829891,MRPL36,protein_coding
Lung,5p15.33 TERT/CLPTM1L,ENSG00000180104,LUAD,1330,1.0868056037696546e-28,1.1224628676741294e-29,0.8867943453819512,0.0915673008734785,0.0216383537445701,0.000414241,12.369718897856943,5.9471990201220945e-34,64.26899767137571,EXOC3,protein_coding
Lung,5p15.33 TERT/CLPTM1L,ENSG00000180104,LUSC,1408,1.990764894642244e-15,2.323275075503171e-16,0.8736907565881585,0.1019376412875768,0.0243716021242623,0.000414241,9.378100582096597,7.983018482717922e-20,33.715228669506644,EXOC3,protein_coding
Lung,5p15.33 TERT/CLPTM1L,ENSG00000180104,SCLC,1168,0.7829832913524633,0.0743954921834762,0.1247334721975533,0.0118455620069717,0.0060421822595355,0.00275062,3.369387996219282,0.0034259114203628,0.0,EXOC3,protein_coding
Lung,5p15.33 TERT/CLPTM1L,ENSG00000180104,PRAD,1464,8.386514119041894e-46,1.0002759780943432e-46,0.870448619419962,0.1037943560537124,0.0257570245263255,0.000414241,15.219047619047618,5.063887795333787e-51,103.65354277829891,EXOC3,protein_coding
Lung,5p15.33 TERT/CLPTM1L,ENSG00000185986,LUAD,2067,4.881446994471209e-29,7.173872226861635e-29,0.398308545425597,0.5853458666796342,0.0163455878947688,5.37156e-05,12.369718897856943,5.9471990201220945e-34,64.65397362429215,SDHAP3,transcribed_unprocessed_pseudogene
Lung,5p15.33 TERT/CLPTM1L,ENSG00000185986,LUSC,2135,8.541954485505356e-16,1.24971267607764e-15,0.3748823729646894,0.5483870364864303,0.0767305905488781,5.37156e-05,9.378100582096597,7.983018482717922e-20,34.095597673452474,SDHAP3,transcribed_unprocessed_pseudogene
Lung,5p15.33 TERT/CLPTM1L,ENSG00000185986,SCLC,1829,0.360735659236623,0.458994370012338,0.0687338912168661,0.0874318161308927,0.0241042634032802,5.37156e-05,3.369387996219282,0.0034259114203628,0.2408924999890036,SDHAP3,transcribed_unprocessed_pseudogene
Lung,5p15.33 TERT/CLPTM1L,ENSG00000185986,PRAD,2250,3.696282353629975e-46,5.667570775678198e-46,0.3836425749762107,0.5882173558697027,0.0281400691540865,5.37156e-05,15.219047619047618,5.063887795333787e-51,104.0809279859355,SDHAP3,transcribed_unprocessed_pseudogene
Lung,5p15.33 TERT/CLPTM1L,ENSG00000188002,LUAD,2067,2.6750721710529403e-155,1.2255441291763204e-28,2.1827628294794127e-127,1.0,1.472197281551225e-28,1.46814e-87,12.369718897856943,5.9471990201220945e-34,355.9167130542602,RP11-43F13.1,transcribed_unprocessed_pseudogene
Lung,5p15.33 TERT/CLPTM1L,ENSG00000188002,LUSC,2135,4.973576269968373e-142,2.2785692530572746e-15,2.182762829479408e-127,0.9999999999999978,5.277439525754364e-17,1.46814e-87,9.378100582096597,7.983018482717922e-20,325.3629440523912,RP11-43F13.1,transcribed_unprocessed_pseudogene
Lung,5p15.33 TERT/CLPTM1L,ENSG00000188002,SCLC,1829,1.8095606318090927e-127,0.8290230195282225,3.44790265204992e-128,0.1579474508984345,0.0130295295733428,1.46814e-87,3.369387996219282,0.0034259114203628,291.6477153828844,RP11-43F13.1,transcribed_unprocessed_pseudogene
Lung,5p15.33 TERT/CLPTM1L,ENSG00000188002,PRAD,2250,2.1030272068381876e-172,9.634703223069077e-46,2.1827628294794127e-127,1.0,1.7918988507905387e-47,1.46814e-87,15.219047619047618,5.063887795333787e-51,395.3012581611834,RP11-43F13.1,transcribed_unprocessed_pseudogene
Lung,5p15.33 TERT/CLPTM1L,ENSG00000188242,LUAD,1414,1.0951576919825195e-28,9.393163651691962e-30,0.8936093494393553,0.0766150667198363,0.0297755838408082,0.00185158,12.369718897856943,5.9471990201220945e-34,64.26899767137571,PP7080,antisense
Lung,5p15.33 TERT/CLPTM1L,ENSG00000188242,LUSC,1491,2.033138644428175e-15,1.8307584090193336e-16,0.8922874043437945,0.0803194475969736,0.0273931480592297,0.00194876,9.378100582096597,7.983018482717922e-20,33.715228669506644,PP7080,antisense
Lung,5p15.33 TERT/CLPTM1L,ENSG00000188242,SCLC,1249,0.7986559057627404,0.0567590476109895,0.1295203123393147,0.0091989112550722,0.0058658230318829,0.00185158,3.369387996219282,0.0034259114203628,0.0,PP7080,antisense
Lung,5p15.33 TERT/CLPTM1L,ENSG00000188242,PRAD,1551,8.53522830906804e-46,8.183168871054923e-47,0.8858838836500075,0.0849051007280037,0.0292110156219889,0.00185158,15.219047619047618,5.063887795333787e-51,103.65354277829891,PP7080,antisense
Lung,5p15.33 TERT/CLPTM1L,ENSG00000188818,LUAD,2067,4.1489752480524825e-29,7.941732005646099e-29,0.3385414812309372,0.6480033576633712,0.0134551611056915,8.64618e-07,12.369718897856943,5.9471990201220945e-34,64.91824692019262,ZDHHC11,protein_coding
Lung,5p15.33 TERT/CLPTM1L,ENSG00000188818,LUSC,2135,7.636055718467123e-16,1.4866600851514094e-15,0.3351250223455369,0.6524408908040232,0.0124340868504374,8.64618e-07,9.378100582096597,7.983018482717922e-20,34.381445552559654,ZDHHC11,protein_coding
Lung,5p15.33 TERT/CLPTM1L,ENSG00000188818,SCLC,1829,0.4439996903012902,0.3749950448325638,0.0845988624414674,0.0714258670823542,0.0249805353423243,7.70775e-06,3.369387996219282,0.0034259114203628,0.0,ZDHHC11,protein_coding
Lung,5p15.33 TERT/CLPTM1L,ENSG00000188818,PRAD,2250,3.1505286869185087e-46,6.1408861236425376e-46,0.3269980002471516,0.6373359250853663,0.0356660746674819,8.64618e-07,15.219047619047618,5.063887795333787e-51,104.320885594364,ZDHHC11,protein_coding
Lung,5p15.33 TERT/CLPTM1L,ENSG00000206077,LUAD,2067,8.482553605930997e-29,1.987165221325273e-29,0.6921459133121302,0.1619996917357101,0.1458543949521596,0.000122455,12.369718897856943,5.9471990201220945e-34,64.26899767137571,ZDHHC11B,protein_coding
Lung,5p15.33 TERT/CLPTM1L,ENSG00000206077,LUSC,2135,1.771773511495364e-15,4.460509823327197e-16,0.7775815938523664,0.1957325528594272,0.0266858532882041,0.000122455,9.378100582096597,7.983018482717922e-20,33.71522866950665,ZDHHC11B,protein_coding
Lung,5p15.33 TERT/CLPTM1L,ENSG00000206077,SCLC,1829,0.6929772131518519,0.1376272235297716,0.1320385694204494,0.0262120863377035,0.0111449075602234,0.000450593,3.369387996219282,0.0034259114203628,0.0,ZDHHC11B,protein_coding
Lung,5p15.33 TERT/CLPTM1L,ENSG00000206077,PRAD,2250,7.410335817955057e-46,1.9194517995729107e-46,0.7691296396355657,0.199191042454876,0.0316793179095583,0.000122455,15.219047619047618,5.063887795333787e-51,103.65354277829891,ZDHHC11B,protein_coding
Lung,5p15.33 TERT/CLPTM1L,ENSG00000215246,LUAD,2067,6.291411209749388e-29,5.441491892789224e-29,0.5133565621971958,0.4439635180819994,0.0426799197208046,9.56684e-06,12.369718897856943,5.9471990201220945e-34,64.26899767137571,RP11-43F13.3,antisense
Lung,5p15.33 TERT/CLPTM1L,ENSG00000215246,LUSC,2135,9.983895450298301e-16,1.2553881621830929e-15,0.4381651089560639,0.5509436872003927,0.010891203843541,9.56684e-06,9.378100582096597,7.983018482717922e-20,33.94426547191709,RP11-43F13.3,antisense
Lung,5p15.33 TERT/CLPTM1L,ENSG00000215246,SCLC,1829,0.3883779340422758,0.4261046841406895,0.0740007980524673,0.0811588240048076,0.0303577597597597,9.56684e-06,3.369387996219282,0.0034259114203628,0.0927061311525747,RP11-43F13.3,antisense
Lung,5p15.33 TERT/CLPTM1L,ENSG00000215246,PRAD,2250,3.64785398525527e-46,4.706423459805378e-46,0.3786161234858579,0.4883535738863018,0.1330303026278402,9.56684e-06,15.219047619047618,5.063887795333787e-51,103.90805963346008,RP11-43F13.3,antisense
Lung,5p15.33 TERT/CLPTM1L,ENSG00000221990,LUAD,1330,1.0728515728097722e-28,1.3033806130613578e-29,0.8754083572092851,0.1063329188495085,0.0182587239412062,0.000285385,12.369718897856943,5.9471990201220945e-34,64.26899767137571,EXOC3-AS1,antisense
Lung,5p15.33 TERT/CLPTM1L,ENSG00000221990,LUSC,1408,1.920140897837229e-15,2.951719734738868e-16,0.8426958694631566,0.1295148933377637,0.0277892371990773,0.000285385,9.378100582096597,7.983018482717922e-20,33.715228669506644,EXOC3-AS1,antisense
Lung,5p15.33 TERT/CLPTM1L,ENSG00000221990,SCLC,1168,0.7601148938108355,0.0944607713253584,0.1210904128111466,0.015038816551542,0.0092951055011174,0.000285385,3.369387996219282,0.0034259114203628,0.0,EXOC3-AS1,antisense
Lung,5p15.33 TERT/CLPTM1L,ENSG00000221990,PRAD,1464,8.091690738269047e-46,1.2742604513043328e-46,0.8398484676615855,0.1322294419198448,0.0279220904185697,0.000285385,15.219047619047618,5.063887795333787e-51,103.65354277829891,EXOC3-AS1,antisense
Lung,5p15.33 TERT/CLPTM1L,ENSG00000225138,LUAD,1414,6.604733630704957e-29,5.080288135323642e-29,0.5389225466033338,0.4144866777030144,0.0465907756936517,3.48305e-06,12.369718897856943,5.9471990201220945e-34,64.26899767137571,CTD-2228K2.7,processed_transcript
Lung,5p15.33 TERT/CLPTM1L,ENSG00000225138,LUSC,1491,1.1957666536419978e-15,9.435113888938513e-16,0.5247883741244664,0.4140194365331909,0.0611921893423405,3.48305e-06,9.378100582096597,7.983018482717922e-20,33.715228669506644,CTD-2228K2.7,processed_transcript
Lung,5p15.33 TERT/CLPTM1L,ENSG00000225138,SCLC,1249,0.4775035258943081,0.3652450506281814,0.0774381124220069,0.0592122333587701,0.0206010776967333,3.48305e-06,3.369387996219282,0.0034259114203628,0.0,CTD-2228K2.7,processed_transcript
Lung,5p15.33 TERT/CLPTM1L,ENSG00000225138,PRAD,1551,5.18082779073928e-46,4.0765187828198746e-46,0.5377257265521396,0.4230686668870133,0.0392056065608471,3.48305e-06,15.219047619047618,5.063887795333787e-51,103.65354277829891,CTD-2228K2.7,processed_transcript
Lung,5p15.33 TERT/CLPTM1L,ENSG00000232615,LUAD,2067,1.7200021243235258e-122,1.2255441291763899e-28,1.4034599680057458e-94,1.0,8.544982625240998e-26,7.30874e-76,12.369718897856943,5.9471990201220945e-34,280.3730558193772,CTD-2012J19.1,processed_pseudogene
Lung,5p15.33 TERT/CLPTM1L,ENSG00000232615,LUSC,2135,3.197880730994912e-109,2.278569253057469e-15,1.4034599680057823e-94,0.9999999999999978,4.968827284343948e-17,7.30874e-76,9.378100582096597,7.983018482717922e-20,249.81928681750807,CTD-2012J19.1,processed_pseudogene
Lung,5p15.33 TERT/CLPTM1L,ENSG00000232615,SCLC,1829,1.964461057482701e-36,0.8290227793732972,3.743046997641456e-37,0.1579474048535696,0.0130298157731331,5.6493699999999996e-39,3.369387996219282,0.0034259114203628,82.03033776499466,CTD-2012J19.1,processed_pseudogene
Lung,5p15.33 TERT/CLPTM1L,ENSG00000232615,PRAD,2250,1.352192027719338e-139,9.634703223069077e-46,1.403459968005666e-94,1.0,1.370912466522169e-47,7.30874e-76,15.219047619047618,5.063887795333787e-51,319.7576009263004,CTD-2012J19.1,processed_pseudogene
Lung,5p15.33 TERT/CLPTM1L,ENSG00000248925,LUAD,872,0.0657736370349486,0.0046525308010279,0.7871133881444825,0.0555899850005296,0.0868704590190111,0.00514208,5.364613772270514,5.632510109314822e-07,2.4821532093777385,CTD-2083E4.6,antisense
Lung,5p15.33 TERT/CLPTM1L,ENSG00000248925,LUSC,918,0.8229134140839441,0.0631764013467187,0.0979708898244808,0.0075129582343517,0.0084263365105045,0.00268571,3.581502425759402,0.0016391461501801,0.0,CTD-2083E4.6,antisense
Lung,5p15.33 TERT/CLPTM1L,ENSG00000248925,SCLC,686,0.9069458449929834,0.0502981490818296,0.0377717371909836,0.0020918837019859,0.0028923850322173,0.00268571,2.811364668483197,0.019218428364947,0.0,CTD-2083E4.6,antisense
Lung,5p15.33 TERT/CLPTM1L,ENSG00000248925,PRAD,944,6.14309059975566e-16,4.717869508356061e-17,0.8909865523287138,0.0683867914214542,0.0406266562498313,0.00268571,9.711711711711713,3.305589313781247e-21,34.910607572967194,CTD-2083E4.6,antisense
Lung,5p15.33 TERT/CLPTM1L,ENSG00000248994,LUAD,2067,8.302508960030294e-29,3.5482178790966577e-29,0.6774549167486933,0.2894887809473473,0.0330563023039592,0.000153765,12.369718897856943,5.9471990201220945e-34,64.26899767137571,RP11-259O2.1,lincRNA
Lung,5p15.33 TERT/CLPTM1L,ENSG00000248994,LUSC,2135,1.3580359586921834e-15,5.84526641982142e-16,0.59600381110645,0.2563847020242615,0.1476114868692866,0.000153765,9.378100582096597,7.983018482717922e-20,33.71522866950665,RP11-259O2.1,lincRNA
Lung,5p15.33 TERT/CLPTM1L,ENSG00000248994,SCLC,1829,0.5851406285626356,0.237977486217622,0.1114915902555987,0.0453237141931056,0.0200665807710379,0.000153765,3.369387996219282,0.0034259114203628,0.0,RP11-259O2.1,lincRNA
Lung,5p15.33 TERT/CLPTM1L,ENSG00000248994,PRAD,2250,6.4584441627707215e-46,2.8969666339315083e-46,0.6703314065042004,0.300651405120329,0.0290171883754706,0.000153765,15.219047619047618,5.063887795333787e-51,103.65354277829891,RP11-259O2.1,lincRNA
Lung,5p15.33 TERT/CLPTM1L,ENSG00000249201,LUAD,2067,2.7453107006537173e-96,1.2255441291763899e-28,2.2400749473613353e-68,1.0,1.1197720047510983e-30,3.08424e-59,12.369718897856943,5.9471990201220945e-34,220.03827467102016,CTD-3080P12.3,antisense
Lung,5p15.33 TERT/CLPTM1L,ENSG00000249201,LUSC,2135,5.104165899601578e-83,2.2785692530574044e-15,2.240074947361267e-68,0.9999999999999978,2.2041537150489965e-17,3.08424e-59,9.378100582096597,7.983018482717922e-20,189.4845056691511,CTD-3080P12.3,antisense
Lung,5p15.33 TERT/CLPTM1L,ENSG00000249201,SCLC,1829,1.8562295004079795e-68,0.8286461587343547,3.5368246328786145e-69,0.1578751954382574,0.0134786458273878,3.08424e-59,3.369387996219282,0.0034259114203628,155.76927699964446,CTD-3080P12.3,antisense
Lung,5p15.33 TERT/CLPTM1L,ENSG00000249201,PRAD,2250,1.7777995033479112e-113,9.634703223069349e-46,1.8452042187361772e-68,1.0,4.768402931388287e-47,3.08424e-59,15.219047619047618,5.063887795333787e-51,259.6167391428651,CTD-3080P12.3,antisense
Lung,5p15.33 TERT/CLPTM1L,ENSG00000249908,LUAD,2067,9.8059399466241e-29,1.8212923112622917e-29,0.8001294864195697,0.1485596014085715,0.0513109121718587,0.00186681,12.369718897856943,5.9471990201220945e-34,64.26899767137571,BRD9P2,unprocessed_pseudogene
Lung,5p15.33 TERT/CLPTM1L,ENSG00000249908,LUSC,2135,1.7866139230794496e-15,3.417888987487236e-16,0.784094633367919,0.1499355709914594,0.0659697956406196,0.00186681,9.378100582096597,7.983018482717922e-20,33.71522866950665,BRD9P2,unprocessed_pseudogene
Lung,5p15.33 TERT/CLPTM1L,ENSG00000249908,SCLC,1829,0.7128954874212855,0.1183925439871032,0.1358337597816134,0.0225479614849591,0.0103302473250386,0.00712277,3.369387996219282,0.0034259114203628,0.0,BRD9P2,unprocessed_pseudogene
Lung,5p15.33 TERT/CLPTM1L,ENSG00000249908,PRAD,2250,7.441101018247608e-46,1.5113106335757788e-46,0.7723228049651302,0.1567902637014232,0.0708869313334465,0.00542629,15.219047619047618,5.063887795333787e-51,103.65354277829891,BRD9P2,unprocessed_pseudogene
Lung,5p15.33 TERT/CLPTM1L,ENSG00000249915,LUAD,873,0.0607879825033209,0.0035056018793851,0.8278594839034304,0.0476819320913631,0.0601649996225003,0.000411275,5.364613772270514,5.632510109314822e-07,2.611451321312842,PDCD6,protein_coding
Lung,5p15.33 TERT/CLPTM1L,ENSG00000249915,LUSC,919,0.8388800761743076,0.0502039546544828,0.100130271464339,0.0059876384652518,0.0047980592416186,0.000411275,3.581502425759402,0.0016391461501801,0.0,PDCD6,protein_coding
Lung,5p15.33 TERT/CLPTM1L,ENSG00000249915,SCLC,687,0.921904695930206,0.0361762700543347,0.0384162802363222,0.0015054879812643,0.0019972657978726,0.00213014,2.811364668483197,0.019218428364947,0.0,PDCD6,protein_coding
Lung,5p15.33 TERT/CLPTM1L,ENSG00000249915,PRAD,945,6.401848697551582e-16,3.888715554889217e-17,0.9285165189958984,0.056386370668368,0.0150971103357329,0.000411275,9.711711711711713,3.305589313781247e-21,34.910607572967194,PDCD6,protein_coding
Lung,5p15.33 TERT/CLPTM1L,ENSG00000250848,LUAD,902,1.0997750144571588e-28,8.958843787810633e-30,0.8973769187698338,0.0730713964943248,0.0295516847358413,0.00271347,12.369718897856943,5.9471990201220945e-34,64.26899767137535,CTD-2083E4.5,processed_pseudogene
Lung,5p15.33 TERT/CLPTM1L,ENSG00000250848,LUSC,952,0.8027497411321022,0.0693908828286999,0.1050349133312679,0.0090656154464179,0.013758847261512,0.00271347,3.61724965867897,0.0014412455894566,0.0,CTD-2083E4.5,processed_pseudogene
Lung,5p15.33 TERT/CLPTM1L,ENSG00000250848,SCLC,711,0.8953242054929074,0.0577350632694389,0.040984599043228,0.0026395790642519,0.0033165531301735,0.00271347,3.046074423323685,0.0096646082865365,0.0,CTD-2083E4.5,processed_pseudogene
Lung,5p15.33 TERT/CLPTM1L,ENSG00000250848,PRAD,983,8.277231792571587e-46,7.441382749440159e-47,0.8591058599061617,0.0771714652001885,0.0637226748936496,0.00271347,15.219047619047618,5.063887795333787e-51,103.65354256141772,CTD-2083E4.5,processed_pseudogene
Lung,5p15.33 TERT/CLPTM1L,ENSG00000251532,LUAD,2067,5.406304094193318e-29,6.717569454014559e-29,0.4411349999960121,0.5481187983892525,0.0107462016147354,1.5727e-05,12.369718897856943,5.9471990201220945e-34,64.48613876917015,CTD-2245E15.3,lincRNA
Lung,5p15.33 TERT/CLPTM1L,ENSG00000251532,LUSC,2135,8.817998302513771e-16,1.3289347080918889e-15,0.3869971601996185,0.5832022896348161,0.0298005501655631,1.5727e-05,9.378100582096597,7.983018482717922e-20,34.12534542116164,CTD-2245E15.3,lincRNA
Lung,5p15.33 TERT/CLPTM1L,ENSG00000251532,SCLC,1829,0.3433015373971811,0.4801795945064536,0.0654120265680825,0.0914728790960463,0.0196339624322362,1.5727e-05,3.369387996219282,0.0034259114203628,0.3355510104008328,CTD-2245E15.3,lincRNA
Lung,5p15.33 TERT/CLPTM1L,ENSG00000251532,PRAD,2250,3.698503248201152e-46,5.5992093998402315e-46,0.3838730848860396,0.5811151565656267,0.0350117585483335,1.5727e-05,15.219047619047618,5.063887795333787e-51,104.06817972973404,CTD-2245E15.3,lincRNA
Lung,5p15.33 TERT/CLPTM1L,ENSG00000271119,LUAD,2067,2.994569743726709e-41,1.2255441291760399e-28,2.44346137559258e-13,0.9999999999997428,1.2780084004955156e-14,8.3752e-19,12.369718897856943,5.9471990201220945e-34,93.3091882496961,CTD-2012J19.3,lincRNA
Lung,5p15.33 TERT/CLPTM1L,ENSG00000271119,LUSC,2135,5.567595961458567e-28,2.2785692530567887e-15,2.443461375592576e-13,0.9999999999997344,1.8823914725741788e-14,8.3752e-19,9.378100582096597,7.983018482717922e-20,62.75541924782704,CTD-2012J19.3,lincRNA
Lung,5p15.33 TERT/CLPTM1L,ENSG00000271119,SCLC,1829,9.68735690688292e-06,0.823944243970203,1.845810689261209e-06,0.1569737096118293,0.0190705132503713,1.30126e-11,3.369387996219282,0.0034259114203628,11.351036517849552,CTD-2012J19.3,lincRNA
Lung,5p15.33 TERT/CLPTM1L,ENSG00000271119,PRAD,2250,2.349231998396789e-58,9.634703223066865e-46,2.438302399156158e-13,0.9999999999997422,1.3879197459489892e-14,8.3752e-19,15.219047619047618,5.063887795333787e-51,132.69584692810494,CTD-2012J19.3,lincRNA
Lung,5p15.33 TERT/CLPTM1L,ENSG00000271781,LUAD,2067,8.907830068059408e-29,1.8949174263318106e-29,0.7268469454499299,0.1544998040714391,0.1186532504786308,0.000278232,12.369718897856943,5.9471990201220945e-34,64.26899767137571,CTD-2589H19.6,antisense
Lung,5p15.33 TERT/CLPTM1L,ENSG00000271781,LUSC,2135,1.7783256164596343e-15,4.1890189019490733e-16,0.7804571285570846,0.18380853092938,0.0357343405135329,0.000278232,9.378100582096597,7.983018482717922e-20,33.71522866950665,CTD-2589H19.6,antisense
Lung,5p15.33 TERT/CLPTM1L,ENSG00000271781,SCLC,1829,0.6915870537089881,0.1396759980000506,0.1317736910656949,0.0266032408470876,0.0103600163781787,0.000278232,3.369387996219282,0.0034259114203628,0.0,CTD-2589H19.6,antisense
Lung,5p15.33 TERT/CLPTM1L,ENSG00000271781,PRAD,2250,7.493601512186848e-46,1.83301679974687e-46,0.7777719083493977,0.1902194975818428,0.0320085940687593,0.000223432,15.219047619047618,5.063887795333787e-51,103.65354277829891,CTD-2589H19.6,antisense
Lung,5p15.33 TERT/CLPTM1L,ENSG00000272347,LUAD,2067,9.55457501443829e-29,2.3914812080796127e-29,0.7796190106071044,0.1951110087665798,0.0252699806263156,0.000338554,12.369718897856943,5.9471990201220945e-34,64.26899767137571,RP11-43F13.4,lincRNA
Lung,5p15.33 TERT/CLPTM1L,ENSG00000272347,LUSC,2135,1.6625835061281088e-15,5.534149829378101e-16,0.7296611695682489,0.2428507927937363,0.0274880376380125,0.000338554,9.378100582096597,7.983018482717922e-20,33.71522866950665,RP11-43F13.4,lincRNA
Lung,5p15.33 TERT/CLPTM1L,ENSG00000272347,SCLC,1829,0.6401027937106554,0.1913398266380813,0.1219639774000297,0.0364473831795297,0.0101460190717038,0.000338554,3.369387996219282,0.0034259114203628,0.0,RP11-43F13.4,lincRNA
Lung,5p15.33 TERT/CLPTM1L,ENSG00000272347,PRAD,2250,6.9937518447953134e-46,2.3912640400816545e-46,0.7258917771384346,0.2481668659062677,0.0259413569552976,0.000338554,15.219047619047618,5.063887795333787e-51,103.65354277829891,RP11-43F13.4,lincRNA
Lung,5p15.33 TERT/CLPTM1L,ENSG00000279908,LUAD,2067,1.0366124406634878e-28,1.2146730602325328e-29,0.8458385267286487,0.0990578561952217,0.0551036170761295,0.0015405,12.369718897856943,5.9471990201220945e-34,64.26899767137571,RP11-325I22.3,TEC
Lung,5p15.33 TERT/CLPTM1L,ENSG00000279908,LUSC,2135,1.985159614078572e-15,2.408996302467709e-16,0.8712307564998855,0.1057010083640412,0.0230682351360709,0.0015405,9.378100582096597,7.983018482717922e-20,33.71522866950665,RP11-325I22.3,TEC
Lung,5p15.33 TERT/CLPTM1L,ENSG00000279908,SCLC,1829,0.7583987717874796,0.0759008055026079,0.144503869646146,0.0144552548341425,0.0067412982296238,0.0015405,3.369387996219282,0.0034259114203628,0.0,RP11-325I22.3,TEC
Lung,5p15.33 TERT/CLPTM1L,ENSG00000279908,PRAD,2250,8.303224845192143e-46,1.0710024216964344e-46,0.8618039033429457,0.1111338523058764,0.0270622443511777,0.0015405,15.219047619047618,5.063887795333787e-51,103.65354277829891,RP11-325I22.3,TEC
Lung,8p21.2 NKX3-1,ENSG00000008853,LUAD,3358,0.7062914025962154,0.1742508646328767,0.0912911621928504,0.0225170144419965,0.0056495561360607,0.000594223,3.738842027679961,0.0009215349502839,0.0,RHOBTB2,protein_coding
Lung,8p21.2 NKX3-1,ENSG00000008853,LUSC,3366,0.6683419781734826,0.1574156895685322,0.135910424468971,0.0320048796385383,0.0063270281504757,0.000594223,3.850693725408988,0.0006028024158824,0.0,RHOBTB2,protein_coding
Lung,8p21.2 NKX3-1,ENSG00000008853,SCLC,3302,0.6550926372267613,0.162432011599858,0.1401042067592406,0.0347315817997963,0.0076395626143436,0.000594223,3.3382811484994157,0.003802636970865,0.0,RHOBTB2,protein_coding
Lung,8p21.2 NKX3-1,ENSG00000008853,PRAD,3516,1.7700552676826254e-52,4.585686252274352e-53,0.7827997604467702,0.2027856994056772,0.0144145401475523,0.000594223,16.1375,2.8232739187853697e-57,118.91853571543142,RHOBTB2,protein_coding
Lung,8p21.2 NKX3-1,ENSG00000042980,LUAD,2537,0.6987510898514578,0.1925858962897101,0.0675244115726952,0.0185881530086982,0.0225504492774384,8.93313e-05,3.738842027679961,0.0009215349502839,0.0,ADAM28,protein_coding
Lung,8p21.2 NKX3-1,ENSG00000042980,LUSC,2585,0.7074354910722683,0.1982276649672847,0.0689471415267663,0.0193133259485299,0.0060763764851507,8.93313e-05,2.909190033687568,0.0145277694580092,0.0,ADAM28,protein_coding
Lung,8p21.2 NKX3-1,ENSG00000042980,SCLC,2488,0.703461088413925,0.1708299593962597,0.0944855411386663,0.0229367794453887,0.0082866316057604,8.93313e-05,3.118778109813155,0.0077242662144953,0.0,ADAM28,protein_coding
Lung,8p21.2 NKX3-1,ENSG00000042980,PRAD,2642,1.72849613631206e-52,4.85733950420667e-53,0.7644204032169556,0.2147930822795297,0.0207865145035147,8.93313e-05,16.1375,2.8232739187853697e-57,118.91853571543142,ADAM28,protein_coding
Lung,8p21.2 NKX3-1,ENSG00000104635,LUAD,1223,0.9000327790836573,0.050329783759775,0.0448109881594187,0.0025035050620421,0.0023229439351068,0.00316532,3.152765870585834,0.0069433819022027,0.0,SLC39A14,protein_coding
Lung,8p21.2 NKX3-1,ENSG00000104635,LUSC,1170,0.8418279640797381,0.0455266235416125,0.0986530698048443,0.0053265587060187,0.0086657838677861,0.00316532,3.850693725408988,0.0006028024158824,0.0,SLC39A14,protein_coding
Lung,8p21.2 NKX3-1,ENSG00000104635,SCLC,1179,0.8546586830311516,0.0472357669692626,0.0895886723391721,0.004947869189864,0.0035690084705496,0.00316532,3.3382811484994157,0.003802636970865,0.0,SLC39A14,protein_coding
Lung,8p21.2 NKX3-1,ENSG00000104635,PRAD,1305,0.1217675405890851,0.0073592232790946,0.8022487305506103,0.0484650732078711,0.0201594323733385,0.00316532,5.164705882352941,1.613518393760982e-06,1.885304875494933,SLC39A14,protein_coding
Lung,8p21.2 NKX3-1,ENSG00000104679,LUAD,3375,0.43417423319784,0.4418880190085694,0.0563907152199335,0.0573824200544256,0.0101646125192312,1.74221e-05,3.738842027679961,0.0009215349502839,0.0176105868011458,R3HCC1,protein_coding
Lung,8p21.2 NKX3-1,ENSG00000104679,LUSC,3383,0.4025204744911103,0.409990957362172,0.0821448095284596,0.0836476604568931,0.0216960981613647,1.74221e-05,3.850693725408988,0.0006028024158824,0.0183891403751541,R3HCC1,protein_coding
Lung,8p21.2 NKX3-1,ENSG00000104679,SCLC,3319,0.3867133991648198,0.3810721621988793,0.0831465009812387,0.081866387968083,0.0672015496869789,1.74221e-05,3.3382811484994157,0.003802636970865,0.0,R3HCC1,protein_coding
Lung,8p21.2 NKX3-1,ENSG00000104679,PRAD,3533,1.0924311935529137e-52,1.1285037734467252e-52,0.4831232630026167,0.4990583967623099,0.0178183402350734,1.74221e-05,16.1375,2.8232739187853697e-57,118.9509870079177,R3HCC1,protein_coding
Lung,8p21.2 NKX3-1,ENSG00000104689,LUAD,3375,8.836179916249199e-19,0.8716185387985925,1.1476464220810932e-19,0.1131909581893944,0.0151905030120131,1.28452e-22,3.738842027679961,0.0009215349502839,41.43285871351503,TNFRSF10A,protein_coding
Lung,8p21.2 NKX3-1,ENSG00000104689,LUSC,3383,8.095039441331331e-19,0.7985109534036339,1.6520040971188302e-19,0.1629184323970328,0.0385706141993333,1.28452e-22,3.850693725408988,0.0006028024158824,41.43285871351503,TNFRSF10A,protein_coding
Lung,8p21.2 NKX3-1,ENSG00000104689,SCLC,3319,8.129046400379776e-19,0.8018654681640545,1.7478105645303474e-19,0.1723817926924749,0.0257527391434705,1.28452e-22,3.3382811484994157,0.003802636970865,41.43285871351503,TNFRSF10A,protein_coding
Lung,8p21.2 NKX3-1,ENSG00000104689,PRAD,3533,1.108305423604571e-78,2.2611852444518122e-52,4.901435768360842e-27,1.0,1.595301044192231e-28,1.55284e-29,16.1375,2.8232739187853697e-57,179.49880505012308,TNFRSF10A,protein_coding
Lung,8p21.2 NKX3-1,ENSG00000104722,LUAD,174,0.9786899847908004,0.0136746751073975,0.0069800799086409,9.697037242949108e-05,0.0005582898207318,0.0120267,2.059160501198884,0.1200231083868567,0.0,NEFM,protein_coding
Lung,8p21.2 NKX3-1,ENSG00000104722,LUSC,173,0.976773451668265,0.0135546558656842,0.0088155328505646,0.0001215981232293,0.0007347614922568,0.0120267,2.909190033687568,0.0145277694580092,0.0,NEFM,protein_coding
Lung,8p21.2 NKX3-1,ENSG00000104722,SCLC,172,0.9764115731986902,0.0134426944313631,0.0092902392325509,0.000127174556216,0.0007283185811794,0.0120267,1.735337145897061,0.2218624896617831,0.0,NEFM,protein_coding
Lung,8p21.2 NKX3-1,ENSG00000104722,PRAD,162,0.978904561837746,0.0128321807583098,0.0075852274879786,9.885340764054285e-05,0.0005791765083249,0.0120267,3.4466666666666668,0.0026326731146813,0.0,NEFM,protein_coding
Lung,8p21.2 NKX3-1,ENSG00000120889,LUAD,3375,0.6880606874272162,0.1913532812619374,0.0893655848551007,0.0248466634655948,0.0063737829901507,0.000150099,3.738842027679961,0.0009215349502839,0.0,TNFRSF10B,protein_coding
Lung,8p21.2 NKX3-1,ENSG00000120889,LUSC,3383,0.6514683870795952,0.1702450993265055,0.132949129204229,0.0347323512724218,0.0106050331172485,0.000150099,3.850693725408988,0.0006028024158824,0.0,TNFRSF10B,protein_coding
Lung,8p21.2 NKX3-1,ENSG00000120889,SCLC,3319,0.6393312162529595,0.1751680882766309,0.1374613698783601,0.0376521651463262,0.0103871604457232,0.000150099,3.3382811484994157,0.003802636970865,0.0,TNFRSF10B,protein_coding
Lung,8p21.2 NKX3-1,ENSG00000120889,PRAD,3533,1.7369031412087794e-52,4.9496183410070195e-53,0.7681383670225956,0.218881883161208,0.0129797498161962,0.000150099,16.1375,2.8232739187853697e-57,118.91853571543142,TNFRSF10B,protein_coding
Lung,8p21.2 NKX3-1,ENSG00000120896,LUAD,1828,0.8434160519729408,0.0723401860319872,0.0739468719176839,0.0063384991168085,0.0039583909605793,0.00266848,3.738842027679961,0.0009215349502839,0.0,SORBS3,protein_coding
Lung,8p21.2 NKX3-1,ENSG00000120896,LUSC,1786,0.8019311657627288,0.0678602236890764,0.1147205737204776,0.0097019845479642,0.0057860522797529,0.00266848,3.850693725408988,0.0006028024158824,0.0,SORBS3,protein_coding
Lung,8p21.2 NKX3-1,ENSG00000120896,SCLC,1776,0.8158644771964046,0.068334094301262,0.102576802233488,0.0085868539188094,0.0046377723500358,0.00266848,3.3382811484994157,0.003802636970865,0.0,SORBS3,protein_coding
Lung,8p21.2 NKX3-1,ENSG00000120896,PRAD,1939,0.018458661987157,0.001683100647726,0.8692684399657852,0.0792304135101674,0.0313593838891643,0.00266848,5.626373626373626,1.33650174090616e-07,3.8521182396015927,SORBS3,protein_coding
Lung,8p21.2 NKX3-1,ENSG00000120910,LUAD,1506,0.8376098669876015,0.0987935459916483,0.0530067114382215,0.0062476387757515,0.0043422368067769,0.0010819,3.152765870585834,0.0069433819022027,0.0,PPP3CC,protein_coding
Lung,8p21.2 NKX3-1,ENSG00000120910,LUSC,1450,0.8182162328240673,0.0618682847290013,0.1070747747635987,0.008091561323433,0.0047491463598997,0.00342764,3.850693725408988,0.0006028024158824,0.0,PPP3CC,protein_coding
Lung,8p21.2 NKX3-1,ENSG00000120910,SCLC,1455,0.7956471515715805,0.0943354599382659,0.0903710378487609,0.0107058511059169,0.0089404995354755,0.0010819,3.3382811484994157,0.003802636970865,0.0,PPP3CC,protein_coding
Lung,8p21.2 NKX3-1,ENSG00000120910,PRAD,1610,0.1109300392990007,0.0138101821562825,0.738590458333092,0.0919057020350351,0.0447636181765895,0.0010819,5.164705882352941,1.613518393760982e-06,1.8958438577310108,PPP3CC,protein_coding
Lung,8p21.2 NKX3-1,ENSG00000120913,LUAD,1956,0.8305986449109534,0.0830060004331752,0.074965844853944,0.0074877812456449,0.0039417285562822,0.00284762,3.738842027679961,0.0009215349502839,0.0,PDLIM2,protein_coding
Lung,8p21.2 NKX3-1,ENSG00000120913,LUSC,1941,0.7847142485871372,0.0827085230044488,0.115234886003983,0.0121405024557687,0.0052018399486619,0.00284762,3.850693725408988,0.0006028024158824,0.0,PDLIM2,protein_coding
Lung,8p21.2 NKX3-1,ENSG00000120913,SCLC,1919,0.7969797333561188,0.0830075802848142,0.1042507278843336,0.0108530845007991,0.0049088739739339,0.00445485,3.3382811484994157,0.003802636970865,0.0,PDLIM2,protein_coding
Lung,8p21.2 NKX3-1,ENSG00000120913,PRAD,2095,8.283706632635175e-07,9.350852090890873e-08,0.8806094930326315,0.099385364467128,0.0200042206210561,0.00284762,7.034090909090908,1.802579265021732e-11,13.876664116253506,PDLIM2,protein_coding
Lung,8p21.2 NKX3-1,ENSG00000134013,LUAD,3375,0.77009780819461,0.1108009992983511,0.1000205974305463,0.0143861816906557,0.0046944133858368,0.0016312,3.738842027679961,0.0009215349502839,0.0,LOXL2,protein_coding
Lung,8p21.2 NKX3-1,ENSG00000134013,LUSC,3383,0.7198832530819417,0.1047236873295591,0.1469109683970872,0.0213644843214055,0.0071176068700064,0.0016312,3.850693725408988,0.0006028024158824,0.0,LOXL2,protein_coding
Lung,8p21.2 NKX3-1,ENSG00000134013,SCLC,3319,0.7152010032369253,0.102115861845459,0.1537739862281754,0.0219487738341752,0.0069603748552649,0.0016312,3.3382811484994157,0.003802636970865,0.0,LOXL2,protein_coding
Lung,8p21.2 NKX3-1,ENSG00000134013,PRAD,3533,1.9254226017573143e-52,2.924461955935347e-53,0.8515103335658504,0.129313967753897,0.0191756986802526,0.0016312,16.1375,2.8232739187853697e-57,118.91853571543142,LOXL2,protein_coding
Lung,8p21.2 NKX3-1,ENSG00000134020,LUAD,3271,0.5649032986045892,0.2985508625851813,0.0705754582269597,0.037270363349985,0.0287000172332845,5.97397e-06,3.738842027679961,0.0009215349502839,0.0,PEBP4,protein_coding
Lung,8p21.2 NKX3-1,ENSG00000134020,LUSC,3279,0.5110202992196207,0.2701837644442639,0.1014606377769993,0.0535799396163215,0.0637553589427945,5.97397e-06,3.850693725408988,0.0006028024158824,0.0,PEBP4,protein_coding
Lung,8p21.2 NKX3-1,ENSG00000134020,SCLC,3215,0.5317165207740951,0.2807412864557102,0.1105855972314771,0.0583695608171449,0.0185870347215725,5.97397e-06,3.3382811484994157,0.003802636970865,0.0,PEBP4,protein_coding
Lung,8p21.2 NKX3-1,ENSG00000134020,PRAD,3441,1.4504753210556457e-52,7.855575711148967e-53,0.6414668256900422,0.3473985139043939,0.0111346604055639,5.97397e-06,16.1375,2.8232739187853697e-57,118.91853571543142,PEBP4,protein_coding
Lung,8p21.2 NKX3-1,ENSG00000134028,LUAD,2053,0.8174310869963551,0.1085820571131124,0.0608664682500248,0.0080800526311541,0.0050403350093533,0.0038406,3.738842027679961,0.0009215349502839,0.0,ADAMDEC1,protein_coding
Lung,8p21.2 NKX3-1,ENSG00000134028,LUSC,2119,0.8117616604233227,0.1111680696947474,0.0638847890784588,0.0087443690759879,0.0044411117274832,0.0038406,2.909190033687568,0.0145277694580092,0.0,ADAMDEC1,protein_coding
Lung,8p21.2 NKX3-1,ENSG00000134028,SCLC,2051,0.7945001939715712,0.1030796780265267,0.0854278857365378,0.0110776307709051,0.0059146114944589,0.0038406,2.738497574033796,0.023525167310776,0.0,ADAMDEC1,protein_coding
Lung,8p21.2 NKX3-1,ENSG00000134028,PRAD,2109,1.9476063697458376e-52,2.654363884258669e-53,0.8613210149520636,0.1173668536888317,0.0213121313591045,0.0038406,16.1375,2.8232739187853697e-57,118.91853571543142,ADAMDEC1,protein_coding
Lung,8p21.2 NKX3-1,ENSG00000147439,LUAD,2366,0.5436108756525734,0.3591393839284209,0.0534602456097105,0.0353103132356777,0.0084791815736175,2.58019e-06,3.738842027679961,0.0009215349502839,0.0,BIN3,protein_coding
Lung,8p21.2 NKX3-1,ENSG00000147439,LUSC,2371,0.5427931186976006,0.3053829995075192,0.0849086685400593,0.0477516407906598,0.0191635724641609,2.58019e-06,3.850693725408988,0.0006028024158824,0.0,BIN3,protein_coding
Lung,8p21.2 NKX3-1,ENSG00000147439,SCLC,2314,0.52069710838757,0.3255816336440717,0.0856023624827421,0.0535108611337587,0.0146080343518572,2.58019e-06,3.3382811484994157,0.003802636970865,0.0,BIN3,protein_coding
Lung,8p21.2 NKX3-1,ENSG00000147439,PRAD,2541,2.6593684963329933e-52,1.9078982650557565e-52,0.5716611657360432,0.4101059555560697,0.018232878707887,2.58019e-06,16.087500000000002,6.31875487728017e-57,118.1971273177603,BIN3,protein_coding
Lung,8p21.2 NKX3-1,ENSG00000147454,LUAD,3375,0.0005750798953463,0.8674101285508623,7.469159643199356e-05,0.1126402589211926,0.0192998410361667,4.12694e-09,3.738842027679961,0.0009215349502839,7.318758207650935,SLC25A37,protein_coding
Lung,8p21.2 NKX3-1,ENSG00000147454,LUSC,3383,0.0005420767957771,0.8176484904260145,0.0001106249196272,0.1668476658322771,0.0148511420263036,4.12694e-09,3.850693725408988,0.0006028024158824,7.318780123895488,SLC25A37,protein_coding
Lung,8p21.2 NKX3-1,ENSG00000147454,SCLC,3319,0.0005355585117998,0.8076027328373296,0.0001151494011405,0.1736229800477517,0.0181235792019783,4.12694e-09,3.3382811484994157,0.003802636970865,7.318515399663385,SLC25A37,protein_coding
Lung,8p21.2 NKX3-1,ENSG00000147454,PRAD,3533,1.4979832108445548e-55,2.259612100904286e-52,0.0006624769971943,0.999304250376246,3.3272626559692865e-05,4.12694e-09,16.1375,2.8232739187853697e-57,126.23736444558436,SLC25A37,protein_coding
Lung,8p21.2 NKX3-1,ENSG00000147457,LUAD,3375,0.3095418672955782,0.565635299560374,0.0402034159391434,0.0734537630702666,0.0111656541346377,1.27082e-05,3.738842027679961,0.0009215349502839,0.6028561665039458,CHMP7,protein_coding
Lung,8p21.2 NKX3-1,ENSG00000147457,LUSC,3383,0.2868548971301917,0.5243549545935516,0.0585402293308334,0.1069850504845577,0.0232648684608653,1.27082e-05,3.850693725408988,0.0006028024158824,0.6031923462593589,CHMP7,protein_coding
Lung,8p21.2 NKX3-1,ENSG00000147457,SCLC,3319,0.2870660088628818,0.5195770620993345,0.0617215080706964,0.1116933184076065,0.0199421025594807,1.27082e-05,3.3382811484994157,0.003802636970865,0.593302953164148,CHMP7,protein_coding
Lung,8p21.2 NKX3-1,ENSG00000147457,PRAD,3533,7.798104721351492e-53,1.440693867181698e-52,0.3448680173588399,0.6371230084265854,0.0180089742145746,1.27082e-05,16.1375,2.8232739187853697e-57,119.5323366727542,CHMP7,protein_coding
Lung,8p21.2 NKX3-1,ENSG00000158815,LUAD,100,0.9874933635754964,0.0062182486688774,0.0053269385122991,3.261491344109695e-05,0.0009288343298859,0.0286754,3.152765870585834,0.0069433819022027,0.0,FGF17,protein_coding
Lung,8p21.2 NKX3-1,ENSG00000158815,LUSC,100,0.989541872533736,0.0063752060466478,0.003588993504053,2.265111318788628e-05,0.0004712768023754,0.0286754,2.7652662592754256,0.0218544931517832,0.0,FGF17,protein_coding
Lung,8p21.2 NKX3-1,ENSG00000158815,SCLC,90,0.9867538269598723,0.005481180925536,0.0072231300143961,3.962051383233512e-05,0.0005022415863629,0.0286754,2.5171642503511955,0.0420852510249608,0.0,FGF17,protein_coding
Lung,8p21.2 NKX3-1,ENSG00000158815,PRAD,108,0.2113202818745811,0.0014503030626115,0.7643926802493372,0.0052284619830356,0.0176082728304345,0.0286754,5.164705882352941,1.613518393760982e-06,1.2857067303375338,FGF17,protein_coding
Lung,8p21.2 NKX3-1,ENSG00000158856,LUAD,124,0.985989208333618,0.0077147874853427,0.0058589131064642,4.545091991539612e-05,0.0003916401546599,0.0207171,3.152765870585834,0.0069433819022027,0.0,DMTN,protein_coding
Lung,8p21.2 NKX3-1,ENSG00000158856,LUSC,124,0.9859462830340416,0.0076908361343443,0.0058985139893186,4.5592357468922965e-05,0.0004187744848263,0.0207171,2.7652662592754256,0.0218544931517832,0.0,DMTN,protein_coding
Lung,8p21.2 NKX3-1,ENSG00000158856,SCLC,112,0.9848956506949592,0.0065728551371862,0.0078629284356848,5.18577745170655e-05,0.0006167079576527,0.0393744,2.5171642503511955,0.0420852510249608,0.0,DMTN,protein_coding
Lung,8p21.2 NKX3-1,ENSG00000158856,PRAD,133,0.2087816567976786,0.001746759347135,0.7553297650186331,0.0062915714271401,0.0278502474094129,0.0207171,5.164705882352941,1.613518393760982e-06,1.285865427186204,DMTN,protein_coding
Lung,8p21.2 NKX3-1,ENSG00000158863,LUAD,249,0.9639842910205996,0.0257005340999243,0.0091038466983905,0.0002417457031256,0.0009695824779597,0.000775867,3.152765870585834,0.0069433819022027,0.0,FAM160B2,protein_coding
Lung,8p21.2 NKX3-1,ENSG00000158863,LUSC,217,0.9660291949726936,0.0224809368886923,0.0093704494945994,0.0002161610460514,0.001903257597963,0.000775867,2.7652662592754256,0.0218544931517832,0.0,FAM160B2,protein_coding
Lung,8p21.2 NKX3-1,ENSG00000158863,SCLC,238,0.9590681417422664,0.0272688620964185,0.0117729597128301,0.0003331797494952,0.0015568566989894,0.000775867,2.5171642503511955,0.0420852510249608,0.0,FAM160B2,protein_coding
Lung,8p21.2 NKX3-1,ENSG00000158863,PRAD,262,0.2062006999761163,0.0060293904050624,0.7514205930229649,0.0219574448594861,0.0143918717363702,0.000775867,5.164705882352941,1.613518393760982e-06,1.293115572746391,FAM160B2,protein_coding
Lung,8p21.2 NKX3-1,ENSG00000158941,LUAD,2151,0.8260445085688461,0.0840812308758938,0.0781306680800067,0.0079489520617036,0.0037946404135496,0.00203227,3.738842027679961,0.0009215349502839,0.0,CCAR2,protein_coding
Lung,8p21.2 NKX3-1,ENSG00000158941,LUSC,2160,0.7826525202137135,0.0797961632375319,0.1192256181652418,0.012149597557977,0.0061761008255355,0.00203227,3.850693725408988,0.0006028024158824,0.0,CCAR2,protein_coding
Lung,8p21.2 NKX3-1,ENSG00000158941,SCLC,2116,0.7910005158292873,0.0794217184553944,0.1131564474749987,0.0113565960263253,0.005064722213994,0.00203227,3.3382811484994157,0.003802636970865,0.0,CCAR2,protein_coding
Lung,8p21.2 NKX3-1,ENSG00000158941,PRAD,2312,4.607590189213382e-09,5.034661064934486e-10,0.8852182424510473,0.0967087111608333,0.018073041277063,0.00203227,7.714285714285714,1.1954278659334717e-13,19.07363978940446,CCAR2,protein_coding
Lung,8p21.2 NKX3-1,ENSG00000159167,LUAD,3375,0.6739452212438042,0.2039679658294504,0.0875322627164682,0.0264833661136958,0.0080711840965812,0.000290747,3.738842027679961,0.0009215349502839,0.0,STC1,protein_coding
Lung,8p21.2 NKX3-1,ENSG00000159167,LUSC,3383,0.6326043229186138,0.1907191319192769,0.1290994245167953,0.0389125525072138,0.0086645681381,0.000290747,3.850693725408988,0.0006028024158824,0.0,STC1,protein_coding
Lung,8p21.2 NKX3-1,ENSG00000159167,SCLC,3319,0.626176064314828,0.1879142825522828,0.1346329060705519,0.0403922023728209,0.0108845446895163,0.000290747,3.3382811484994157,0.003802636970865,0.0,STC1,protein_coding
Lung,8p21.2 NKX3-1,ENSG00000159167,PRAD,3533,1.6623455969898768e-52,5.319633878690746e-53,0.7351655955958217,0.2352290445780039,0.0296053598261743,0.000290747,16.1375,2.8232739187853697e-57,118.91853571543142,STC1,protein_coding
Lung,8p21.2 NKX3-1,ENSG00000167034,LUAD,3375,0.458423022194434,0.4164811891699382,0.0595401571954828,0.0540812615346675,0.0114743699054773,5.42545e-05,3.738842027679961,0.0009215349502839,0.0,NKX3-1,protein_coding
Lung,8p21.2 NKX3-1,ENSG00000167034,LUSC,3383,0.4285610215249109,0.3890913559303088,0.0874590628687719,0.0793887475431684,0.0154998121328399,5.42545e-05,3.850693725408988,0.0006028024158824,0.0,NKX3-1,protein_coding
Lung,8p21.2 NKX3-1,ENSG00000167034,SCLC,3319,0.4198260889395561,0.380296142922952,0.0902659964494397,0.0817388662067256,0.0278729054813264,5.42545e-05,3.3382811484994157,0.003802636970865,0.0,NKX3-1,protein_coding
Lung,8p21.2 NKX3-1,ENSG00000167034,PRAD,3533,1.1329698422675509e-52,1.0364287637678144e-52,0.501051315918275,0.4583157827487623,0.0406329013329626,5.42545e-05,16.1375,2.8232739187853697e-57,118.91853571543142,NKX3-1,protein_coding
Lung,8p21.2 NKX3-1,ENSG00000168453,LUAD,352,0.9438086941209206,0.0417420572112521,0.0124712077165159,0.0005501392423944,0.0014279017089168,0.001758,3.152765870585834,0.0069433819022027,0.0,HR,protein_coding
Lung,8p21.2 NKX3-1,ENSG00000168453,LUSC,309,0.9422834090970688,0.0394905787601886,0.015575535580768,0.0006507624045918,0.0019997141573829,0.00118477,2.7652662592754256,0.0218544931517832,0.0,HR,protein_coding
Lung,8p21.2 NKX3-1,ENSG00000168453,SCLC,341,0.9310000658302104,0.0406377962542208,0.0243135101309744,0.0010582850612116,0.0029903427233827,0.001758,3.279184478789872,0.0046238600088723,0.0,HR,protein_coding
Lung,8p21.2 NKX3-1,ENSG00000168453,PRAD,372,0.1940564056821171,0.0153764300068734,0.7134228638788088,0.0565087879465133,0.0206355124856873,0.000107363,5.164705882352941,1.613518393760982e-06,1.3019254538403189,HR,protein_coding
Lung,8p21.2 NKX3-1,ENSG00000168476,LUAD,380,0.9659143783217652,0.0196374869536831,0.0133305676458743,0.0002701692202872,0.0008473978583901,0.0056639,3.152765870585834,0.0069433819022027,0.0,REEP4,protein_coding
Lung,8p21.2 NKX3-1,ENSG00000168476,LUSC,330,0.9633287063204324,0.0185412884376956,0.0168477138575459,0.0003233107313352,0.0009589806529909,0.0056639,2.7652662592754256,0.0218544931517832,0.0,REEP4,protein_coding
Lung,8p21.2 NKX3-1,ENSG00000168476,SCLC,365,0.9419158381066116,0.018665786574148,0.0371321436407723,0.0007342894569766,0.0015519422214912,0.0056639,3.3382811484994157,0.003802636970865,0.0,REEP4,protein_coding
Lung,8p21.2 NKX3-1,ENSG00000168476,PRAD,399,0.2052398660917917,0.0044686712194028,0.754954019140932,0.0164186347793766,0.0189188087684966,0.0056639,5.164705882352941,1.613518393760982e-06,1.302477471967725,REEP4,protein_coding
Lung,8p21.2 NKX3-1,ENSG00000168481,LUAD,413,0.9659036406021744,0.0182592019830103,0.0148469704047218,0.0002799531989165,0.0007102338111768,0.0021652,3.152765870585834,0.0069433819022027,0.0,LGI3,protein_coding
Lung,8p21.2 NKX3-1,ENSG00000168481,LUSC,363,0.9636558859653472,0.0168806430478723,0.0181638062321722,0.0003171982594897,0.0009824664951186,0.0021652,2.7652662592754256,0.0218544931517832,0.0,LGI3,protein_coding
Lung,8p21.2 NKX3-1,ENSG00000168481,SCLC,388,0.9458692874776156,0.0137407279737585,0.0384923478364501,0.0005578419946631,0.0013397947175126,0.0169604,3.3382811484994157,0.003802636970865,0.0,LGI3,protein_coding
Lung,8p21.2 NKX3-1,ENSG00000168481,PRAD,432,0.2004778850112038,0.0040806635094569,0.7376086675175761,0.0149709276877941,0.042861856273969,0.0021652,5.164705882352941,1.613518393760982e-06,1.3027094816789653,LGI3,protein_coding
Lung,8p21.2 NKX3-1,ENSG00000168484,LUAD,413,0.9657499033198856,0.0183813599763535,0.0148446072985233,0.0002817988009285,0.0007423306043087,0.0036187,3.152765870585834,0.0069433819022027,0.0,SFTPC,protein_coding
Lung,8p21.2 NKX3-1,ENSG00000168484,LUSC,363,0.9635226563618032,0.0170104939951036,0.0181612950072232,0.0003196423548634,0.0009859122810062,0.0036187,2.7652662592754256,0.0218544931517832,0.0,SFTPC,protein_coding
Lung,8p21.2 NKX3-1,ENSG00000168484,SCLC,388,0.9437485846152216,0.0158323800363704,0.0384060453913684,0.0006429319481001,0.0013700580089393,0.00700621,3.3382811484994157,0.003802636970865,0.0,SFTPC,protein_coding
Lung,8p21.2 NKX3-1,ENSG00000168484,PRAD,432,0.2025525919754522,0.0039779164058016,0.7452420373493815,0.0146021317307426,0.0336253225386218,0.00700621,5.164705882352941,1.613518393760982e-06,1.3027094816789653,SFTPC,protein_coding
Lung,8p21.2 NKX3-1,ENSG00000168487,LUAD,450,0.9549566336769756,0.0243392253014463,0.0191129623783465,0.000486031840469,0.0011051468027621,0.00218761,3.152765870585834,0.0069433819022027,0.0,BMP1,protein_coding
Lung,8p21.2 NKX3-1,ENSG00000168487,LUSC,399,0.9564543142081522,0.0227003383396168,0.0192260653730249,0.0004551443156816,0.0011641377635242,0.00218761,2.7652662592754256,0.0218544931517832,0.0,BMP1,protein_coding
Lung,8p21.2 NKX3-1,ENSG00000168487,SCLC,423,0.9348379269490174,0.0222773642732069,0.0399733106859622,0.0009506107522678,0.0019607873395454,0.00218761,3.3382811484994157,0.003802636970865,0.0,BMP1,protein_coding
Lung,8p21.2 NKX3-1,ENSG00000168487,PRAD,471,0.1996554474744488,0.0053423177936571,0.7347257645369112,0.0196189038179736,0.0406575663770092,0.00218761,5.164705882352941,1.613518393760982e-06,1.302904201858384,BMP1,protein_coding
Lung,8p21.2 NKX3-1,ENSG00000168490,LUAD,615,0.9064927798715436,0.067590675323583,0.0223334366166092,0.0016633246582701,0.0019197835299938,0.000460793,3.152765870585834,0.0069433819022027,0.0,PHYHIP,protein_coding
Lung,8p21.2 NKX3-1,ENSG00000168490,LUSC,571,0.9092519681594156,0.0644782293635863,0.022596017055385,0.0016002889084315,0.0020734965131813,0.000460793,2.7652662592754256,0.0218544931517832,0.0,PHYHIP,protein_coding
Lung,8p21.2 NKX3-1,ENSG00000168490,SCLC,608,0.880557622056375,0.0657260496888474,0.0452312779642518,0.0033710116668422,0.0051140386236832,0.000460793,3.3382811484994157,0.003802636970865,0.0,PHYHIP,protein_coding
Lung,8p21.2 NKX3-1,ENSG00000168490,PRAD,659,0.1886665439064641,0.0147980431588523,0.7188061118469334,0.0563581206240358,0.0213711804637141,0.000460793,5.164705882352941,1.613518393760982e-06,1.337610518858554,PHYHIP,protein_coding
Lung,8p21.2 NKX3-1,ENSG00000168495,LUAD,664,0.8993195059772753,0.071124673612785,0.0248725566582755,0.0019643823128279,0.002718881438836,0.000477653,3.152765870585834,0.0069433819022027,0.0,POLR3D,protein_coding
Lung,8p21.2 NKX3-1,ENSG00000168495,LUSC,625,0.8653791694061082,0.0673925758616481,0.0588363973541994,0.0045781504913504,0.0038137068866938,0.000477653,3.850693725408988,0.0006028024158824,0.0,POLR3D,protein_coding
Lung,8p21.2 NKX3-1,ENSG00000168495,SCLC,650,0.8791697519668452,0.0666863854264693,0.0468563180321105,0.003550387034021,0.0037371575405537,0.000477653,3.3382811484994157,0.003802636970865,0.0,POLR3D,protein_coding
Lung,8p21.2 NKX3-1,ENSG00000168495,PRAD,712,0.1662968772898472,0.0134189932543637,0.7404790493927286,0.0597313992917482,0.0200736807713121,0.000477653,5.164705882352941,1.613518393760982e-06,1.493522732341722,POLR3D,protein_coding
Lung,8p21.2 NKX3-1,ENSG00000173530,LUAD,3375,0.6453866909526685,0.2185392263001137,0.0838230698956832,0.0283600672268974,0.0238909456246371,0.000191462,3.738842027679961,0.0009215349502839,0.0,TNFRSF10D,protein_coding
Lung,8p21.2 NKX3-1,ENSG00000173530,LUSC,3383,0.6136600546504783,0.2055732364425008,0.1252333520877855,0.041938990463192,0.0135943663560433,0.000191462,3.850693725408988,0.0006028024158824,0.0,TNFRSF10D,protein_coding
Lung,8p21.2 NKX3-1,ENSG00000173530,SCLC,3319,0.6082056227619008,0.2051489462488065,0.1307691161438498,0.0440968992529387,0.0117794155925041,0.000191462,3.3382811484994157,0.003802636970865,0.0,TNFRSF10D,protein_coding
Lung,8p21.2 NKX3-1,ENSG00000173530,PRAD,3533,1.6396103328886465e-52,5.835806487016233e-53,0.7251110172913615,0.2580693544849086,0.0168196282237297,0.000191462,16.1375,2.8232739187853697e-57,118.91853571543142,TNFRSF10D,protein_coding
Lung,8p21.2 NKX3-1,ENSG00000173535,LUAD,3375,0.0001306425944656,0.8771989611781836,1.6967910061921162e-05,0.1139222048587855,0.008731223458503,6.39304e-10,3.738842027679961,0.0009215349502839,8.812023803155471,TNFRSF10C,protein_coding
Lung,8p21.2 NKX3-1,ENSG00000173535,LUSC,3383,0.0001224927433332,0.8224766304087251,2.4997841618988383e-05,0.1678382873716795,0.009537591634643,6.39304e-10,3.850693725408988,0.0006028024158824,8.812023558206812,TNFRSF10C,protein_coding
Lung,8p21.2 NKX3-1,ENSG00000173535,SCLC,3319,0.0001205848941986,0.8096670982389912,2.592672518062794e-05,0.1740688412956039,0.0161175488460257,6.39304e-10,3.3382811484994157,0.003802636970865,8.812024431293475,TNFRSF10C,protein_coding
Lung,8p21.2 NKX3-1,ENSG00000173535,PRAD,3533,3.366794416630993e-56,2.2608400385001402e-52,0.0001488951170582,0.9998473302939052,3.7745890363519463e-06,6.39304e-10,16.1375,2.8232739187853697e-57,127.73065144631212,TNFRSF10C,protein_coding
Lung,8p21.2 NKX3-1,ENSG00000177725,LUAD,462,0.9483038629546572,0.0270456648330647,0.0198494543960418,0.0005618680989043,0.0042391497173317,0.00267458,3.152765870585834,0.0069433819022027,0.0,CTD-2530N21.5,sense_overlapping
Lung,8p21.2 NKX3-1,ENSG00000177725,LUSC,411,0.9547305472928684,0.0237588642816546,0.0195691216724246,0.0004855297441811,0.0014559370088715,0.00267458,2.7652662592754256,0.0218544931517832,0.0,CTD-2530N21.5,sense_overlapping
Lung,8p21.2 NKX3-1,ENSG00000177725,SCLC,435,0.9314662114024898,0.0241393145329299,0.0403122538093395,0.0010416674165139,0.0030405528387267,0.00267458,3.3382811484994157,0.003802636970865,0.0,CTD-2530N21.5,sense_overlapping
Lung,8p21.2 NKX3-1,ENSG00000177725,PRAD,484,0.2038579294314606,0.0061566689486254,0.7503803738296992,0.0226451144052325,0.0169599133849822,0.00267458,5.164705882352941,1.613518393760982e-06,1.3031569161993255,CTD-2530N21.5,sense_overlapping
Lung,8p21.2 NKX3-1,ENSG00000179388,LUAD,2437,0.796676298914611,0.1085660440790468,0.0795225863734742,0.0108324361534506,0.0044026344794173,0.00429336,3.738842027679961,0.0009215349502839,0.0,EGR3,protein_coding
Lung,8p21.2 NKX3-1,ENSG00000179388,LUSC,2433,0.7554411652619274,0.1030735556231346,0.1192633032322969,0.016266513241458,0.0059554626411827,0.00429336,3.850693725408988,0.0006028024158824,0.0,EGR3,protein_coding
Lung,8p21.2 NKX3-1,ENSG00000179388,SCLC,2378,0.7473165114945161,0.1010888841279415,0.1273170564146662,0.0172150099914768,0.0070625379713995,0.00429336,3.3382811484994157,0.003802636970865,0.0,EGR3,protein_coding
Lung,8p21.2 NKX3-1,ENSG00000179388,PRAD,2612,1.899910246014548e-52,2.875664269785261e-53,0.8402275977504785,0.1271424556347741,0.0326299466147475,0.00429336,16.1375,2.8232739187853697e-57,118.91853571543142,EGR3,protein_coding
Lung,8p21.2 NKX3-1,ENSG00000197181,LUAD,765,0.9261475090369038,0.0416578905897302,0.028858088663917,0.0012959893146019,0.0020405223948468,0.00452813,3.152765870585834,0.0069433819022027,0.0,PIWIL2,protein_coding
Lung,8p21.2 NKX3-1,ENSG00000197181,LUSC,730,0.8678561253704514,0.0377831244375966,0.0871549897006081,0.0037909789260436,0.0034147815652998,0.00452813,3.850693725408988,0.0006028024158824,0.0,PIWIL2,protein_coding
Lung,8p21.2 NKX3-1,ENSG00000197181,SCLC,758,0.8989873524472334,0.0406198790551786,0.0548527692768101,0.0024754050392346,0.0030645941815433,0.00452813,3.3382811484994157,0.003802636970865,0.0,PIWIL2,protein_coding
Lung,8p21.2 NKX3-1,ENSG00000197181,PRAD,818,0.1521897810772383,0.0074039419306972,0.7401730951581442,0.035944690406006,0.0642884914279142,0.00452813,5.164705882352941,1.613518393760982e-06,1.5817557694584004,PIWIL2,protein_coding
Lung,8p21.2 NKX3-1,ENSG00000197217,LUAD,3375,5.77741518457298e-17,0.8778682360446971,7.503728905812848e-18,0.1140097397332819,0.008122024222021,7.24799e-21,3.738842027679961,0.0009215349502839,37.25973142868795,ENTPD4,protein_coding
Lung,8p21.2 NKX3-1,ENSG00000197217,LUSC,3383,5.324750043348536e-17,0.8090865514417412,1.0866542345467256e-17,0.1650894057955328,0.0258240427627259,7.24799e-21,3.850693725408988,0.0006028024158824,37.25973142868795,ENTPD4,protein_coding
Lung,8p21.2 NKX3-1,ENSG00000197217,SCLC,3319,5.256679932657254e-17,0.7987434159579896,1.1302285985504757e-17,0.1717067291624474,0.029549854879563,7.24799e-21,3.3382811484994157,0.003802636970865,37.25973142868795,ENTPD4,protein_coding
Lung,8p21.2 NKX3-1,ENSG00000197217,PRAD,3533,1.4881283356646126e-68,2.2611852444518122e-52,6.581187186304173e-17,1.0,1.2357224261458166e-17,7.24799e-21,16.1375,2.8232739187853697e-57,156.17826714381684,ENTPD4,protein_coding
Lung,8p21.2 NKX3-1,ENSG00000241852,LUAD,2113,0.8149448276472552,0.0951332481014507,0.0765033611934179,0.0089261897957626,0.0044923732621135,0.0014848,3.738842027679961,0.0009215349502839,0.0,C8orf58,protein_coding
Lung,8p21.2 NKX3-1,ENSG00000241852,LUSC,2122,0.7724400151353269,0.0901203465956794,0.1169714786541212,0.013640199629946,0.0068279599849262,0.0014848,3.850693725408988,0.0006028024158824,0.0,C8orf58,protein_coding
Lung,8p21.2 NKX3-1,ENSG00000241852,SCLC,2090,0.7799882551990378,0.091272766025809,0.1103758920909719,0.012910527786394,0.0054525588977871,0.0014848,3.3382811484994157,0.003802636970865,0.0,C8orf58,protein_coding
Lung,8p21.2 NKX3-1,ENSG00000241852,PRAD,2275,4.7930150051850183e-08,6.114353620385518e-09,0.8300920436531765,0.105829107161369,0.0640787951409507,0.0014848,7.452380952380953,8.711249873223268e-13,16.66730240476172,C8orf58,protein_coding
Lung,8p21.2 NKX3-1,ENSG00000243265,LUAD,3375,0.6839740552264212,0.193885917903209,0.0888348115041667,0.0251738456931004,0.0081313696731026,0.00205161,3.738842027679961,0.0009215349502839,0.0,RPL23AP55,processed_pseudogene
Lung,8p21.2 NKX3-1,ENSG00000243265,LUSC,3383,0.6369116465721788,0.1824904432180867,0.129978446339342,0.0372285474417777,0.0133909164286148,0.00205161,3.850693725408988,0.0006028024158824,0.0,RPL23AP55,processed_pseudogene
Lung,8p21.2 NKX3-1,ENSG00000243265,SCLC,3319,0.6378849383071558,0.1750016752848017,0.1371504084508543,0.0376144236165002,0.0123485543406877,0.00205161,3.3382811484994157,0.003802636970865,0.0,RPL23AP55,processed_pseudogene
Lung,8p21.2 NKX3-1,ENSG00000243265,PRAD,3533,1.6377586031846874e-52,4.85343709431883e-53,0.724292097342851,0.214580158555976,0.0611277441011728,0.00205161,16.1375,2.8232739187853697e-57,118.91853571543142,RPL23AP55,processed_pseudogene
Lung,8p21.2 NKX3-1,ENSG00000245025,LUAD,3375,0.6737913750936374,0.2040642875432933,0.0875122811197303,0.0264958113538823,0.0081362448894564,0.000129451,3.738842027679961,0.0009215349502839,0.0,RP11-875O11.1,antisense
Lung,8p21.2 NKX3-1,ENSG00000245025,LUSC,3383,0.6316901871256569,0.1911752188239794,0.1289128712471995,0.0390050768672359,0.0092166459359282,0.000129451,3.850693725408988,0.0006028024158824,0.0,RP11-875O11.1,antisense
Lung,8p21.2 NKX3-1,ENSG00000245025,SCLC,3319,0.6268217691266053,0.1872779457557273,0.1347717378148927,0.0402553962209454,0.0108731510818292,0.000129451,3.3382811484994157,0.003802636970865,0.0,RP11-875O11.1,antisense
Lung,8p21.2 NKX3-1,ENSG00000245025,PRAD,3533,1.6695242666455501e-52,5.245798463149277e-53,0.738340333124862,0.2319636125886376,0.0296960542865002,0.000129451,16.1375,2.8232739187853697e-57,118.91853571543142,RP11-875O11.1,antisense
Lung,8p21.2 NKX3-1,ENSG00000246582,LUAD,3375,4.420806231437309e-12,0.8715160766204442,5.741760016557549e-13,0.1131775344766795,0.0153063888978813,1.68113e-17,3.738842027679961,0.0009215349502839,26.007178064046784,RP11-1149O23.3,processed_transcript
Lung,8p21.2 NKX3-1,ENSG00000246582,LUSC,3383,4.0514466846283296e-12,0.7987006745772497,8.268034480587722e-13,0.1629573786220703,0.0383419467958016,1.68113e-17,3.850693725408988,0.0006028024158824,26.00717806404681,RP11-1149O23.3,processed_transcript
Lung,8p21.2 NKX3-1,ENSG00000246582,SCLC,3319,4.069747777367546e-12,0.802308545099084,8.750286085123809e-13,0.1724775966893663,0.0252138582066047,1.68113e-17,3.3382811484994157,0.003802636970865,26.0071780640308,RP11-1149O23.3,processed_transcript
Lung,8p21.2 NKX3-1,ENSG00000246582,PRAD,3533,5.429808342873076e-67,2.261185244451805e-52,2.401310709149582e-15,0.9999999999999968,6.567981548522302e-16,7.02668e-21,16.1375,2.8232739187853697e-57,152.58129739324994,RP11-1149O23.3,processed_transcript
Lung,8p21.2 NKX3-1,ENSG00000248738,LUAD,3113,0.6185485452560218,0.2656528893259562,0.0749074324438561,0.0321623530426969,0.0087287799314688,0.00025299,3.738842027679961,0.0009215349502839,0.0,RP11-87E22.2,antisense
Lung,8p21.2 NKX3-1,ENSG00000248738,LUSC,3122,0.5859093468864964,0.248683969135686,0.1090644444877101,0.0462813647372654,0.0100608747528417,0.00025299,3.850693725408988,0.0006028024158824,0.0,RP11-87E22.2,antisense
Lung,8p21.2 NKX3-1,ENSG00000248738,SCLC,3059,0.5835635467539715,0.2360327457286218,0.1183948250848678,0.0478727749243469,0.0141361075081917,0.00025299,3.3382811484994157,0.003802636970865,0.0,RP11-87E22.2,antisense
Lung,8p21.2 NKX3-1,ENSG00000248738,PRAD,3282,1.5458290077293034e-52,6.815988706370999e-53,0.6836366067407654,0.3014193910703273,0.0149440021889072,0.00025299,16.1375,2.8232739187853697e-57,118.91853571543142,RP11-87E22.2,antisense
Lung,8p21.2 NKX3-1,ENSG00000251034,LUAD,1829,0.8251896122806469,0.0886527642414534,0.0723619673969887,0.0077680504246804,0.0060276056562304,0.00168646,3.738842027679961,0.0009215349502839,0.0,RP11-582J16.4,antisense
Lung,8p21.2 NKX3-1,ENSG00000251034,LUSC,1787,0.789869772968463,0.0804509644955407,0.1130036139995969,0.0115046373760918,0.0051710111603075,0.00353867,3.850693725408988,0.0006028024158824,0.0,RP11-582J16.4,antisense
Lung,8p21.2 NKX3-1,ENSG00000251034,SCLC,1777,0.7983372123719356,0.0853002997198989,0.1003869184317678,0.0107208320558347,0.0052547374205629,0.00168646,3.3382811484994157,0.003802636970865,0.0,RP11-582J16.4,antisense
Lung,8p21.2 NKX3-1,ENSG00000251034,PRAD,1940,0.0183185470572477,0.0020638853873087,0.8626701467449589,0.0971741966015807,0.0197732242089038,0.00168646,5.626373626373626,1.33650174090616e-07,3.852118354039739,RP11-582J16.4,antisense
Lung,8p21.2 NKX3-1,ENSG00000253200,LUAD,2214,0.8117750822663831,0.0967046101789383,0.0777816939298219,0.0092614495129434,0.004477164111913,0.00342454,3.738842027679961,0.0009215349502839,0.0,RP11-582J16.5,antisense
Lung,8p21.2 NKX3-1,ENSG00000253200,LUSC,2223,0.769301170875587,0.0929968757348823,0.1180782974313433,0.0142685250722484,0.0053551308859386,0.00342454,3.850693725408988,0.0006028024158824,0.0,RP11-582J16.5,antisense
Lung,8p21.2 NKX3-1,ENSG00000253200,SCLC,2163,0.7772853877620158,0.0904664386243203,0.1135881573817345,0.0132148162767349,0.0054451999551942,0.00342454,3.3382811484994157,0.003802636970865,0.0,RP11-582J16.5,antisense
Lung,8p21.2 NKX3-1,ENSG00000253200,PRAD,2376,2.302927804790477e-09,2.9926184891097157e-10,0.8682838002618809,0.1128132122491628,0.0189029848867665,0.00342454,7.714285714285714,1.1954278659334717e-13,19.74784790599751,RP11-582J16.5,antisense
Lung,8p21.2 NKX3-1,ENSG00000253616,LUAD,3375,8.64737185519767e-05,0.875891358742543,1.123123959005466e-05,0.1137508440863133,0.0102600922130018,4.91421e-11,3.738842027679961,0.0009215349502839,9.2231568065246,RP11-875O11.3,antisense
Lung,8p21.2 NKX3-1,ENSG00000253616,LUSC,3383,8.090846897104828e-05,0.8194979939684909,1.6511484990343853e-05,0.1672267786409979,0.0131778074365498,4.91421e-11,3.850693725408988,0.0006028024158824,9.223128726266944,RP11-875O11.3,antisense
Lung,8p21.2 NKX3-1,ENSG00000253616,SCLC,3319,7.998906081901836e-05,0.8102080741791077,1.7198293460326295e-05,0.1741857640619838,0.0155089744046291,4.91421e-11,3.3382811484994157,0.003802636970865,9.22315648980089,RP11-875O11.3,antisense
Lung,8p21.2 NKX3-1,ENSG00000253616,PRAD,3533,2.231927451628729e-56,2.2609543473982392e-52,9.870608598323202e-05,0.9998978833042834,3.4106097334248087e-06,4.91421e-11,16.1375,2.8232739187853697e-57,128.14179754551634,RP11-875O11.3,antisense
Lung,8p21.2 NKX3-1,ENSG00000253837,LUAD,3375,0.7280831703011795,0.1504864341751495,0.0945637202154549,0.0195379067732695,0.0073287685349464,0.00202466,3.738842027679961,0.0009215349502839,0.0,RP11-177H13.2,processed_transcript
Lung,8p21.2 NKX3-1,ENSG00000253837,LUSC,3383,0.6854800235258289,0.1391878178345545,0.139890091402883,0.0283978631466636,0.0070442040900697,0.00283446,3.850693725408988,0.0006028024158824,0.0,RP11-177H13.2,processed_transcript
Lung,8p21.2 NKX3-1,ENSG00000253837,SCLC,3319,0.6776048014039948,0.1380912578128521,0.1456904994926659,0.0296818029678065,0.0089316383226806,0.00202466,3.3382811484994157,0.003802636970865,0.0,RP11-177H13.2,processed_transcript
Lung,8p21.2 NKX3-1,ENSG00000253837,PRAD,3533,1.82137724760663e-52,3.9274037954865134e-53,0.805496697838314,0.1736670030817543,0.0208362990799317,0.00202466,16.1375,2.8232739187853697e-57,118.91853571543142,RP11-177H13.2,processed_transcript
Lung,8p21.2 NKX3-1,ENSG00000253930,LUAD,3375,5.714902167548473e-06,0.871275794101816,7.422536760562655e-07,0.1131460611927439,0.0155716875495964,2.1492e-11,3.738842027679961,0.0009215349502839,11.93463666791332,RP11-1149O23.2,antisense
Lung,8p21.2 NKX3-1,ENSG00000253930,LUSC,3383,5.24519853612446e-06,0.7996745065670517,1.0704196730206704e-06,0.1631572945223439,0.0371618832923951,2.1492e-11,3.850693725408988,0.0006028024158824,11.934646963479638,RP11-1149O23.2,antisense
Lung,8p21.2 NKX3-1,ENSG00000253930,SCLC,3319,5.261536578510673e-06,0.8021653099576779,1.1312728165943502e-06,0.1724466321714303,0.0253816650614966,2.1492e-11,3.3382811484994157,0.003802636970865,11.93464687846864,RP11-1149O23.2,antisense
Lung,8p21.2 NKX3-1,ENSG00000253930,PRAD,3533,1.3668774997831624e-58,2.2611838343979067e-52,6.044960284156458e-07,0.9999993763902536,1.9113717973210824e-08,9.97074e-13,16.1375,2.8232739187853697e-57,133.23740582876664,RP11-1149O23.2,antisense
Lung,8p21.2 NKX3-1,ENSG00000254064,LUAD,764,0.8788908425501509,0.0868817001145934,0.027372311253084,0.0027017035565454,0.0041534425256261,0.000549054,3.152765870585834,0.0069433819022027,0.0,CTD-2530N21.4,antisense
Lung,8p21.2 NKX3-1,ENSG00000254064,LUSC,729,0.7654198302767401,0.0764408599829415,0.0767975990192869,0.0075958679841441,0.0737458427368873,0.000549054,3.850693725408988,0.0006028024158824,0.0,CTD-2530N21.4,antisense
Lung,8p21.2 NKX3-1,ENSG00000254064,SCLC,757,0.8523513589954538,0.0853394215846048,0.051976368827604,0.005198862233391,0.0051339883589462,0.000549054,3.3382811484994157,0.003802636970865,0.0,CTD-2530N21.4,antisense
Lung,8p21.2 NKX3-1,ENSG00000254064,PRAD,817,0.1294350862480862,0.0135232969026626,0.6295009714093507,0.0656079352881326,0.1619327101517677,0.000549054,5.164705882352941,1.613518393760982e-06,1.5817479056565291,CTD-2530N21.4,antisense
Lung,8p21.2 NKX3-1,ENSG00000254272,LUAD,1608,0.8076623590190105,0.1122968499092661,0.0663317322467881,0.0092182301476804,0.0044908286772545,0.000266385,3.738842027679961,0.0009215349502839,0.0,RP11-382J24.2,processed_pseudogene
Lung,8p21.2 NKX3-1,ENSG00000254272,LUSC,1564,0.7701654116745096,0.105071793756723,0.1038014119952398,0.0141545673356826,0.0068068152378447,0.000266385,3.850693725408988,0.0006028024158824,0.0,RP11-382J24.2,processed_pseudogene
Lung,8p21.2 NKX3-1,ENSG00000254272,SCLC,1569,0.7633280772530193,0.1188745606398905,0.0897073462825104,0.0139561650197411,0.0141338508048385,3.84603e-05,3.3382811484994157,0.003802636970865,0.0,RP11-382J24.2,processed_pseudogene
Lung,8p21.2 NKX3-1,ENSG00000254272,PRAD,1718,0.0960804186447445,0.0159043038449079,0.7329822406091469,0.1212976704705162,0.0337353664306846,3.84603e-05,5.164705882352941,1.613518393760982e-06,2.0319359382151365,RP11-382J24.2,processed_pseudogene
Lung,8p21.2 NKX3-1,ENSG00000261026,LUAD,2393,0.7582078567889862,0.1464353076704855,0.0750227952953953,0.014483561643698,0.0058504786014349,0.000684566,3.738842027679961,0.0009215349502839,0.0,CTD-3247F14.2,sense_overlapping
Lung,8p21.2 NKX3-1,ENSG00000261026,LUSC,2397,0.7193711808929758,0.1395449665827376,0.112957309591503,0.0219054490019654,0.0062210939308179,0.000684566,3.850693725408988,0.0006028024158824,0.0,CTD-3247F14.2,sense_overlapping
Lung,8p21.2 NKX3-1,ENSG00000261026,SCLC,2339,0.7146438964675604,0.133460173677519,0.1200890339440547,0.0224173090894843,0.0093895868213814,0.000684566,3.3382811484994157,0.003802636970865,0.0,CTD-3247F14.2,sense_overlapping
Lung,8p21.2 NKX3-1,ENSG00000261026,PRAD,2567,1.6523074702296753e-52,3.640388646289742e-53,0.7307262747640447,0.1608863234571404,0.1083874017788147,0.000684566,16.1375,2.8232739187853697e-57,118.91853571543142,CTD-3247F14.2,sense_overlapping
Lung,8p21.2 NKX3-1,ENSG00000275074,LUAD,307,0.970354772654678,0.0166433812657538,0.0119997857525009,0.0002050215081851,0.0007970388188819,0.0191478,3.152765870585834,0.0069433819022027,0.0,NUDT18,protein_coding
Lung,8p21.2 NKX3-1,ENSG00000275074,LUSC,272,0.9699131782533896,0.0159030897152952,0.0132151294301704,0.000215927945465,0.0007526746556795,0.0191478,2.7652662592754256,0.0218544931517832,0.0,NUDT18,protein_coding
Lung,8p21.2 NKX3-1,ENSG00000275074,SCLC,298,0.9678700601658616,0.0162853712490632,0.0144673925380113,0.0002422933089005,0.0011348827381631,0.0191478,2.5171642503511955,0.0420852510249608,0.0,NUDT18,protein_coding
Lung,8p21.2 NKX3-1,ENSG00000275074,PRAD,327,0.2042891497312691,0.0037056792316367,0.750591616759889,0.013587443076255,0.0278261112009502,0.0191478,5.164705882352941,1.613518393760982e-06,1.301325326996453,NUDT18,protein_coding
Lung,8p21.2 NKX3-1,ENSG00000277586,LUAD,71,0.988791159547724,0.0070195855117925,0.0037988032507462,2.660446049033851e-05,0.0003638472292471,0.00352402,2.0580890508635714,0.1202881372436476,0.0,NEFL,protein_coding
Lung,8p21.2 NKX3-1,ENSG00000277586,LUSC,72,0.9886580149126112,0.007094488709111,0.0038409457552596,2.7182788018666157e-05,0.0003793678349995,0.00352402,2.75305218491774,0.0226035531408408,0.0,NEFL,protein_coding
Lung,8p21.2 NKX3-1,ENSG00000277586,SCLC,72,0.9868145932141436,0.0070812605409996,0.0055477417769958,3.929280319394998e-05,0.000517111664667,0.00352402,1.735337145897061,0.2218624896617831,0.0,NEFL,protein_coding
Lung,8p21.2 NKX3-1,ENSG00000277586,PRAD,59,0.9919637366037576,0.006190751097334,0.0016671009448034,1.0236042728634356e-05,0.0001681753113759,0.00352402,1.696969696969697,0.2369625715621505,0.0,NEFL,protein_coding
Lung,8q24.21 CASC8/MYC,ENSG00000136997,LUAD,2276,0.7941569437582805,0.1039096906567074,0.0851485179681741,0.0111354181283657,0.0056494294884723,0.00112837,3.775673543005298,0.0008024384917635,0.0,MYC,protein_coding
Lung,8q24.21 CASC8/MYC,ENSG00000136997,LUSC,2505,0.7688299604795923,0.1063210671117318,0.1041191880511495,0.0143922469994618,0.0063375373580646,0.00112837,3.725042820257177,0.0009702352342079,0.0,MYC,protein_coding
Lung,8q24.21 CASC8/MYC,ENSG00000136997,SCLC,2335,0.7565478646859642,0.1004465319425058,0.1206928867611822,0.0160180475717825,0.006294669038565,0.00112837,3.112111450675917,0.0078863738274404,0.0,MYC,protein_coding
Lung,8q24.21 CASC8/MYC,ENSG00000136997,PRAD,2584,3.2546586811568845e-181,4.866568665611183e-182,0.8494470080191158,0.1269910530268717,0.0235619389540124,0.00112837,29.289256198347108,5.223397559727716e-187,415.4246447016025,MYC,protein_coding
Lung,8q24.21 CASC8/MYC,ENSG00000168672,LUAD,742,0.9389472901385648,0.0399621395757904,0.0190429119204467,0.000809238922669,0.0012384194425291,0.0128652,2.8363097025232085,0.0179112483453555,0.0,FAM84B,protein_coding
Lung,8q24.21 CASC8/MYC,ENSG00000168672,LUSC,938,0.9264025748904612,0.0460547812740014,0.02489766817562,0.0012363433916792,0.0014086322682378,0.0128652,3.038077225037471,0.0099026130458276,0.0,FAM84B,protein_coding
Lung,8q24.21 CASC8/MYC,ENSG00000168672,SCLC,864,0.8939746880855116,0.0403385829923663,0.0594689892577593,0.0026798655719084,0.003537874092454,0.0128652,3.112111450675917,0.0078863738274404,0.0,FAM84B,protein_coding
Lung,8q24.21 CASC8/MYC,ENSG00000168672,PRAD,966,3.529535605355085e-181,1.8072976552791403e-182,0.921188288352285,0.0471377448962769,0.0316739667514381,0.0128652,29.289256198347108,5.223397559727716e-187,415.4246447016025,FAM84B,protein_coding
Lung,8q24.21 CASC8/MYC,ENSG00000212993,LUAD,2276,0.7205502300128431,0.1765135922783386,0.0772564978363961,0.0189188065499269,0.006760873322495,0.000634459,3.775673543005298,0.0008024384917635,0.0,POU5F1B,protein_coding
Lung,8q24.21 CASC8/MYC,ENSG00000212993,LUSC,2505,0.6910585512846558,0.1823695048464207,0.0935869554441901,0.0246891870569417,0.0082958013677916,0.000634459,3.725042820257177,0.0009702352342079,0.0,POU5F1B,protein_coding
Lung,8q24.21 CASC8/MYC,ENSG00000212993,SCLC,2335,0.6813008494094978,0.1709845712703724,0.1086886502577201,0.0272655904563901,0.0117603386060196,0.000634459,3.112111450675917,0.0078863738274404,0.0,POU5F1B,protein_coding
Lung,8q24.21 CASC8/MYC,ENSG00000212993,PRAD,2584,2.5822024844127856e-181,7.02178573611477e-182,0.6739398472666565,0.1831215898814696,0.1429385628518739,0.000634459,29.289256198347108,5.223397559727716e-187,415.4246447016025,POU5F1B,protein_coding
Lung,8q24.21 CASC8/MYC,ENSG00000249859,LUAD,2276,5.81889666200265e-10,0.8683152812770261,6.238948495932174e-11,0.0930610588543637,0.0386236592243312,7.61724e-15,3.775673543005298,0.0008024384917635,21.12353986014942,PVT1,lincRNA
Lung,8q24.21 CASC8/MYC,ENSG00000249859,LUSC,2505,5.844741366075705e-10,0.8721719468427205,7.915270692952156e-11,0.1181046056169999,0.0097234468766525,7.61724e-15,3.725042820257177,0.0009702352342079,21.123539896976432,PVT1,lincRNA
Lung,8q24.21 CASC8/MYC,ENSG00000249859,SCLC,2335,5.667205577494043e-10,0.8456042797301901,9.040953427325416e-11,0.1348806364367946,0.0195150831758849,7.61724e-15,3.112111450675917,0.0078863738274404,21.12345099390034,PVT1,lincRNA
Lung,8q24.21 CASC8/MYC,ENSG00000249859,PRAD,2584,2.567629422648107e-190,3.831502905040042e-181,6.70136362807486e-10,0.9999999993074328,2.2430926643819872e-11,7.61724e-15,29.289256198347108,5.223397559727716e-187,436.5481845985839,PVT1,lincRNA
Lung,8q24.21 CASC8/MYC,ENSG00000253438,LUAD,1551,0.8485988636974937,0.1045069075824395,0.0388513968691587,0.0047813776913168,0.0032614541595909,0.00187254,2.8363097025232085,0.0179112483453555,0.0,PCAT1,lincRNA
Lung,8q24.21 CASC8/MYC,ENSG00000253438,LUSC,1764,0.8066335567884048,0.1167692845612044,0.0621537442288029,0.0089920024942721,0.0054514119273156,0.00187254,3.725042820257177,0.0009702352342079,0.0,PCAT1,lincRNA
Lung,8q24.21 CASC8/MYC,ENSG00000253438,SCLC,1619,0.7783212672698135,0.1021620993425326,0.0994581723510451,0.0130478243156842,0.0070106367209243,0.00249513,3.112111450675917,0.0078863738274404,0.0,PCAT1,lincRNA
Lung,8q24.21 CASC8/MYC,ENSG00000253438,PRAD,1810,3.1377488088926545e-181,4.6635476492902126e-182,0.8189342105397047,0.1216564750694106,0.0594093143908846,0.00187254,29.289256198347108,5.223397559727716e-187,415.4246447016025,PCAT1,lincRNA
Lung,8q24.21 CASC8/MYC,ENSG00000254286,LUAD,741,0.92034322336267,0.0581400157787664,0.0186574914302702,0.0011769506287923,0.0016823187995011,0.00237678,2.8363097025232085,0.0179112483453555,0.0,RP11-89K10.1,antisense
Lung,8q24.21 CASC8/MYC,ENSG00000254286,LUSC,937,0.9055440683942432,0.0661783425342567,0.0243272960802466,0.0017756959551786,0.0021745970360746,0.00237678,3.038077225037471,0.0099026130458276,0.0,RP11-89K10.1,antisense
Lung,8q24.21 CASC8/MYC,ENSG00000254286,SCLC,863,0.8730611136203178,0.0591903585333109,0.0580645152350864,0.0039308091072098,0.005753203504075,0.00237678,3.112111450675917,0.0078863738274404,0.0,RP11-89K10.1,antisense
Lung,8q24.21 CASC8/MYC,ENSG00000254286,PRAD,965,3.38223597866016e-181,2.5221046674669663e-182,0.8827439415140903,0.0657739845439371,0.0514820739419725,0.00237678,29.289256198347108,5.223397559727716e-187,415.4246447016025,RP11-89K10.1,antisense
Lung,8q24.21 CASC8/MYC,ENSG00000280055,LUAD,2276,0.7630269606008344,0.1323690380567543,0.0818107999628555,0.0141838339575287,0.0086093674220268,0.00283478,3.775673543005298,0.0008024384917635,0.0,TMEM75,TEC
Lung,8q24.21 CASC8/MYC,ENSG00000280055,LUSC,2505,0.7354141481878556,0.1358579191514627,0.0995938346925019,0.0183878815159336,0.0107462164522461,0.00283478,3.725042820257177,0.0009702352342079,0.0,TMEM75,TEC
Lung,8q24.21 CASC8/MYC,ENSG00000280055,SCLC,2335,0.7287870628960105,0.1265391352736438,0.1162641764796122,0.0201786921119795,0.0082309332387539,0.00283478,3.112111450675917,0.0078863738274404,0.0,TMEM75,TEC
Lung,8q24.21 CASC8/MYC,ENSG00000280055,PRAD,2584,3.089275172015033e-181,5.877168707066332e-182,0.8062828729196059,0.1533503221402562,0.0403668049401377,0.00283478,29.289256198347108,5.223397559727716e-187,415.4246447016025,TMEM75,TEC
Lung,9q22.33 FOXE1/PTCSC2,ENSG00000081377,LUAD,225,0.9799579633314264,0.0144487807182106,0.005078839061656,7.444388390624475e-05,0.0004399730048008,0.0117878,2.506033293209242,0.0432784078060129,0.0,CDC14B,protein_coding
Lung,9q22.33 FOXE1/PTCSC2,ENSG00000081377,LUSC,255,0.9725901033031016,0.0149495116913975,0.0112907292959432,0.0001725507123627,0.0009971049971948,0.0117878,3.130109356014581,0.0074555818143347,0.0,CDC14B,protein_coding
Lung,9q22.33 FOXE1/PTCSC2,ENSG00000081377,SCLC,253,0.9758228198601272,0.0145476647174674,0.0088781192792064,0.0001317362350011,0.0006196599081977,0.0117878,2.2695705640594155,0.0761176375711415,0.0,CDC14B,protein_coding
Lung,9q22.33 FOXE1/PTCSC2,ENSG00000081377,PRAD,264,0.972523297257636,0.0152592639065931,0.0112905309439376,0.0001764022595558,0.0007505056322771,0.0117878,3.301401869158879,0.0042979068630007,0.0,CDC14B,protein_coding
Lung,9q22.33 FOXE1/PTCSC2,ENSG00000081386,LUAD,494,0.9729959738663064,0.0150594461185144,0.0112541835928157,0.0001736687530273,0.0005167276693358,0.0108346,2.609860649557374,0.0331840378922007,0.0,ZNF510,protein_coding
Lung,9q22.33 FOXE1/PTCSC2,ENSG00000081386,LUSC,537,0.966183410905051,0.0159252905805143,0.017035345118197,0.0002802123765205,0.0005757410197172,0.0108346,3.130109356014581,0.0074555818143347,0.0,ZNF510,protein_coding
Lung,9q22.33 FOXE1/PTCSC2,ENSG00000081386,SCLC,529,0.9632426692203512,0.0155079957782461,0.020229960169545,0.0003250035519207,0.0006943712799366,0.0108346,2.6159212907816776,0.0326626812235815,0.0,ZNF510,protein_coding
Lung,9q22.33 FOXE1/PTCSC2,ENSG00000081386,PRAD,554,0.9622192408573792,0.0161430213582921,0.0199887654942462,0.0003340338621343,0.0013149384279481,0.0108346,3.301401869158879,0.0042979068630007,0.0,ZNF510,protein_coding
Lung,9q22.33 FOXE1/PTCSC2,ENSG00000095380,LUAD,2585,3.5667725378237885e-08,0.93288739957856,2.247187385455128e-09,0.058766716879905,0.0083458456266219,4.42498e-13,2.737109396680913,0.0236147461621844,17.079548836262205,NANS,protein_coding
Lung,9q22.33 FOXE1/PTCSC2,ENSG00000095380,LUSC,2537,3.4138668167875384e-08,0.8928949880415465,3.6008540450077637e-09,0.0941672017,0.0129377725189311,4.42498e-13,3.6535462204007287,0.0012630826576071,17.079548831642263,NANS,protein_coding
Lung,9q22.33 FOXE1/PTCSC2,ENSG00000095380,SCLC,2407,3.363760146022481e-08,0.8797896112455895,3.8611935567463605e-09,0.1009700642640692,0.0192402869915462,4.42498e-13,3.0035994240921453,0.0109896127232161,17.079548826391147,NANS,protein_coding
Lung,9q22.33 FOXE1/PTCSC2,ENSG00000095380,PRAD,2699,3.36103940940434e-08,0.9379390536700992,2.0325074070325846e-09,0.0567142523024463,0.0053466583845528,4.42498e-13,3.4080996884735204,0.0030047174462482,17.14436016292627,NANS,protein_coding
Lung,9q22.33 FOXE1/PTCSC2,ENSG00000095383,LUAD,2585,2.2585262062826074e-26,0.9329139405771602,1.4229479302806116e-27,0.0587684172560822,0.0083176421667576,8.641190000000001e-29,2.737109396680913,0.0236147461621844,58.98305761654209,TBC1D2,protein_coding
Lung,9q22.33 FOXE1/PTCSC2,ENSG00000095383,LUSC,2537,2.1673287534399227e-26,0.8952436189997589,2.286039534497598e-27,0.0944175278372004,0.0103388531630406,8.641190000000001e-29,3.6535462204007287,0.0012630826576071,58.98305760003333,TBC1D2,protein_coding
Lung,9q22.33 FOXE1/PTCSC2,ENSG00000095383,SCLC,2407,2.138996233157812e-26,0.8835405138111828,2.455311352427953e-27,0.1014048085395931,0.015054677649224,8.641190000000001e-29,3.0035994240921453,0.0109896127232161,58.98305761654209,TBC1D2,protein_coding
Lung,9q22.33 FOXE1/PTCSC2,ENSG00000095383,PRAD,2699,2.2739908372944216e-26,0.9393018513243956,1.3751410374400396e-27,0.0567981108196899,0.0039000378559143,8.641190000000001e-29,3.4080996884735204,0.0030047174462482,58.983057660837154,TBC1D2,protein_coding
Lung,9q22.33 FOXE1/PTCSC2,ENSG00000106785,LUAD,2585,0.0075157119496527,0.9144895289707498,0.0004735152832672,0.0575960093911236,0.0199252344052066,2.238e-08,2.737109396680913,0.0236147461621844,4.801370261896995,TRIM14,protein_coding
Lung,9q22.33 FOXE1/PTCSC2,ENSG00000106785,LUSC,2537,0.0072348843215988,0.8803265233574186,0.0007631159583169,0.092835612071889,0.0188398642907767,2.238e-08,3.6535462204007287,0.0012630826576071,4.801378516686315,TRIM14,protein_coding
Lung,9q22.33 FOXE1/PTCSC2,ENSG00000106785,SCLC,2407,0.0074194023735896,0.8747355299084845,0.0008516584832508,0.1003925557248376,0.0166008535098373,2.238e-08,3.0035994240921453,0.0109896127232161,4.769823077844604,TRIM14,protein_coding
Lung,9q22.33 FOXE1/PTCSC2,ENSG00000106785,PRAD,2699,0.0076431763139387,0.9300591984616235,0.0004622026277903,0.0562374858117347,0.0055979367849125,2.238e-08,3.4080996884735204,0.0030047174462482,4.801434973704305,TRIM14,protein_coding
Lung,9q22.33 FOXE1/PTCSC2,ENSG00000106789,LUAD,2585,0.7794565295796329,0.1569766056191138,0.0491083987612702,0.0098854843240988,0.0045729817158842,0.000297616,2.737109396680913,0.0236147461621844,0.0,CORO2A,protein_coding
Lung,9q22.33 FOXE1/PTCSC2,ENSG00000106789,LUSC,2537,0.749836338719817,0.1490452029675698,0.0790907014912145,0.0157145702220804,0.0063131865993181,0.000297616,3.6535462204007287,0.0012630826576071,0.0,CORO2A,protein_coding
Lung,9q22.33 FOXE1/PTCSC2,ENSG00000106789,SCLC,2407,0.7455284477144248,0.1426572966171873,0.0855777318751435,0.0163654770937578,0.0098710466994863,0.000297616,3.0035994240921453,0.0109896127232161,0.0,CORO2A,protein_coding
Lung,9q22.33 FOXE1/PTCSC2,ENSG00000106789,PRAD,2699,0.7759882983747144,0.1626783313825484,0.0469260181777141,0.0098330048425237,0.0045743472224994,0.000297616,3.4080996884735204,0.0030047174462482,0.0,CORO2A,protein_coding
Lung,9q22.33 FOXE1/PTCSC2,ENSG00000106799,LUAD,1427,0.8309412327788953,0.1342130369460354,0.0276135970650652,0.0044573537794957,0.002774779430508,0.00046063,2.546993850727129,0.039023594140322,0.0,TGFBR1,protein_coding
Lung,9q22.33 FOXE1/PTCSC2,ENSG00000106799,LUSC,1367,0.7997090635216229,0.1272569797600056,0.0572789824417011,0.0091081057856286,0.0066468684910417,0.00046063,3.6535462204007287,0.0012630826576071,0.0,TGFBR1,protein_coding
Lung,9q22.33 FOXE1/PTCSC2,ENSG00000106799,SCLC,1261,0.8120412324577201,0.117406393793059,0.0567741740761008,0.0082029377697319,0.0055752619033881,0.00046063,3.0035994240921453,0.0109896127232161,0.0,TGFBR1,protein_coding
Lung,9q22.33 FOXE1/PTCSC2,ENSG00000106799,PRAD,1465,0.8325505444509862,0.1371490005016972,0.0240600436959161,0.0039612170365332,0.0022791943148672,0.00046063,3.4080996884735204,0.0030047174462482,0.0,TGFBR1,protein_coding
Lung,9q22.33 FOXE1/PTCSC2,ENSG00000106803,LUAD,1015,0.7756128293734775,0.1972437931323366,0.0170784505538967,0.0043374425103143,0.0057274844299746,8.29518e-05,2.09233295440192,0.1120367209231221,0.0,SEC61B,protein_coding
Lung,9q22.33 FOXE1/PTCSC2,ENSG00000106803,LUSC,989,0.7983319355636719,0.1387621336424425,0.0479519886404149,0.0083281532167961,0.0066257889366745,8.29518e-05,3.6535462204007287,0.0012630826576071,0.0,SEC61B,protein_coding
Lung,9q22.33 FOXE1/PTCSC2,ENSG00000106803,SCLC,981,0.699547837948968,0.2319038749756433,0.0396666871802782,0.0131339727572803,0.01574762713783,8.29518e-05,3.0035994240921453,0.0109896127232161,0.0,SEC61B,protein_coding
Lung,9q22.33 FOXE1/PTCSC2,ENSG00000106803,PRAD,1044,0.7292183883793212,0.2429007574899247,0.0173936431927732,0.0057890793901956,0.0046981315477851,8.29518e-05,3.4080996884735204,0.0030047174462482,0.0,SEC61B,protein_coding
Lung,9q22.33 FOXE1/PTCSC2,ENSG00000119514,LUAD,2036,0.7795295212357748,0.168823354022447,0.0394081377019839,0.0085309449779809,0.0037080420618131,4.14426e-05,2.737109396680913,0.0236147461621844,0.0,GALNT12,protein_coding
Lung,9q22.33 FOXE1/PTCSC2,ENSG00000119514,LUSC,1951,0.7513469090298897,0.1628876574650555,0.0651960132150013,0.01412767625262,0.0064417440374333,4.14426e-05,3.6535462204007287,0.0012630826576071,0.0,GALNT12,protein_coding
Lung,9q22.33 FOXE1/PTCSC2,ENSG00000119514,SCLC,1825,0.7528936589745977,0.1563160443754278,0.0694353169574866,0.0144092390117991,0.0069457406806887,4.14426e-05,3.0035994240921453,0.0109896127232161,0.0,GALNT12,protein_coding
Lung,9q22.33 FOXE1/PTCSC2,ENSG00000119514,PRAD,2088,0.7842095264353014,0.1761962036090797,0.0289969899664621,0.006510957649908,0.0040863223392486,4.14426e-05,3.4080996884735204,0.0030047174462482,0.0,GALNT12,protein_coding
Lung,9q22.33 FOXE1/PTCSC2,ENSG00000119523,LUAD,1015,0.9216190794109926,0.0555541939477581,0.0202934057833503,0.0012219530219044,0.0013113678359943,0.0131217,2.09233295440192,0.1120367209231221,0.0,ALG2,protein_coding
Lung,9q22.33 FOXE1/PTCSC2,ENSG00000119523,LUSC,989,0.8863933225168011,0.0530443120530723,0.053241415805638,0.003181979655251,0.0041389699692372,0.0131217,3.6535462204007287,0.0012630826576071,0.0,ALG2,protein_coding
Lung,9q22.33 FOXE1/PTCSC2,ENSG00000119523,SCLC,981,0.8897167051140792,0.0529755194678047,0.0504498939262,0.0030000301530944,0.0038578513388217,0.0131217,3.0035994240921453,0.0109896127232161,0.0,ALG2,protein_coding
Lung,9q22.33 FOXE1/PTCSC2,ENSG00000119523,PRAD,1044,0.9160256594028964,0.0586702636430565,0.021849453783646,0.0013973721216818,0.0020572510487191,0.0131217,3.4080996884735204,0.0030047174462482,0.0,ALG2,protein_coding
Lung,9q22.33 FOXE1/PTCSC2,ENSG00000136842,LUAD,2585,0.8086001126077174,0.128173054838003,0.0509445431033378,0.0080711249813824,0.0042111644695591,0.00125536,2.737109396680913,0.0236147461621844,0.0,TMOD1,protein_coding
Lung,9q22.33 FOXE1/PTCSC2,ENSG00000136842,LUSC,2537,0.7772778823090584,0.1226900076677331,0.0819851610157826,0.0129358979015548,0.0051110511058711,0.00125536,3.6535462204007287,0.0012630826576071,0.0,TMOD1,protein_coding
Lung,9q22.33 FOXE1/PTCSC2,ENSG00000136842,SCLC,2407,0.7742614736951882,0.11771455936796,0.0888759389400537,0.0135065793529568,0.0056414486438411,0.00125536,3.0035994240921453,0.0109896127232161,0.0,TMOD1,protein_coding
Lung,9q22.33 FOXE1/PTCSC2,ENSG00000136842,PRAD,2699,0.8070445461172887,0.1332096158784851,0.0488040697529144,0.0080526406648764,0.0028891275864351,0.00125536,3.4080996884735204,0.0030047174462482,0.0,TMOD1,protein_coding
Lung,9q22.33 FOXE1/PTCSC2,ENSG00000136925,LUAD,2585,0.2272713919279524,0.7070284635284287,0.0143188666952934,0.0445383425945251,0.0068429352538002,5.32912e-06,2.737109396680913,0.0236147461621844,1.1349260621501198,TSTD2,protein_coding
Lung,9q22.33 FOXE1/PTCSC2,ENSG00000136925,LUSC,2537,0.209627290339803,0.686382147451519,0.0221109175276614,0.0723882342394905,0.0094914104415259,5.32912e-06,3.6535462204007287,0.0012630826576071,1.1861033929037177,TSTD2,protein_coding
Lung,9q22.33 FOXE1/PTCSC2,ENSG00000136925,SCLC,2407,0.2015521676448745,0.6584173385186581,0.0231357735770453,0.0755370627642011,0.0413576574952208,5.32912e-06,3.0035994240921453,0.0109896127232161,1.183790738960278,TSTD2,protein_coding
Lung,9q22.33 FOXE1/PTCSC2,ENSG00000136925,PRAD,2699,0.2135867172123119,0.715596975391856,0.0129161408688966,0.0432593579688565,0.0146408085580789,5.32912e-06,3.4080996884735204,0.0030047174462482,1.2090742051344776,TSTD2,protein_coding
Lung,9q22.33 FOXE1/PTCSC2,ENSG00000136928,LUAD,2294,0.6576277833043968,0.2842823885124168,0.0364231085333107,0.0157392228051518,0.0059274968447237,4.21841e-05,2.737109396680913,0.0236147461621844,0.0,GABBR2,protein_coding
Lung,9q22.33 FOXE1/PTCSC2,ENSG00000136928,LUSC,2203,0.6362295729828075,0.2722414913269517,0.0584138162638343,0.0249870389615338,0.0081280804648725,4.21841e-05,3.6535462204007287,0.0012630826576071,0.0,GABBR2,protein_coding
Lung,9q22.33 FOXE1/PTCSC2,ENSG00000136928,SCLC,2079,0.6414189388827408,0.257874211756494,0.0653592776043714,0.0262677748006949,0.0090797969556988,4.21841e-05,3.0035994240921453,0.0109896127232161,0.0,GABBR2,protein_coding
Lung,9q22.33 FOXE1/PTCSC2,ENSG00000136928,PRAD,2355,0.6630936251223076,0.2897667916628159,0.0298028198888024,0.0130192845806019,0.004317478745472,4.21841e-05,3.4080996884735204,0.0030047174462482,0.0,GABBR2,protein_coding
Lung,9q22.33 FOXE1/PTCSC2,ENSG00000136929,LUAD,2585,0.7510491555712631,0.1850926038171656,0.0473186380785084,0.0116565773013849,0.0048830252316778,0.00140576,2.737109396680913,0.0236147461621844,0.0,HEMGN,protein_coding
Lung,9q22.33 FOXE1/PTCSC2,ENSG00000136929,LUSC,2537,0.7320296480508003,0.1664657680873618,0.0772125000977557,0.0175516168604849,0.0067404669035971,0.00140576,3.6535462204007287,0.0012630826576071,0.0,HEMGN,protein_coding
Lung,9q22.33 FOXE1/PTCSC2,ENSG00000136929,SCLC,2407,0.7367227950828596,0.1530261935854555,0.0845669484741881,0.0175574466421591,0.0081266162153376,0.00140576,3.0035994240921453,0.0109896127232161,0.0,HEMGN,protein_coding
Lung,9q22.33 FOXE1/PTCSC2,ENSG00000136929,PRAD,2699,0.7476981186628477,0.1915141502084508,0.0452152378860649,0.0115773605563031,0.0039951326863334,0.00140576,3.4080996884735204,0.0030047174462482,0.0,HEMGN,protein_coding
Lung,9q22.33 FOXE1/PTCSC2,ENSG00000136932,LUAD,2585,1.3339352333425212e-19,0.9273690680074128,8.404243325284793e-21,0.0584131714039316,0.0142177605886554,8.566020000000001e-23,2.737109396680913,0.0236147461621844,43.3855797102555,TRMO,protein_coding
Lung,9q22.33 FOXE1/PTCSC2,ENSG00000136932,LUSC,2537,2.928035352118727e-11,0.8954742707822505,3.0884122045287797e-12,0.0944421115966603,0.0100836175887203,2.79521e-16,3.6535462204007287,0.0012630826576071,24.14370256352504,TRMO,protein_coding
Lung,9q22.33 FOXE1/PTCSC2,ENSG00000136932,SCLC,2407,1.2626937495102416e-19,0.8778410648378304,1.4494211115254352e-20,0.1007442200584454,0.0214147151037241,8.566020000000001e-23,3.0035994240921453,0.0109896127232161,43.3855797102555,TRMO,protein_coding
Lung,9q22.33 FOXE1/PTCSC2,ENSG00000136932,PRAD,2699,1.3503594375841873e-19,0.9387873877276226,8.16597256005585e-21,0.0567664537555464,0.0044461585168309,8.566020000000001e-23,3.4080996884735204,0.0030047174462482,43.3855797102555,TRMO,protein_coding
Lung,9q22.33 FOXE1/PTCSC2,ENSG00000136936,LUAD,2585,0.8238837337183129,0.1137895743409782,0.0519074629475273,0.0071658748519251,0.0032533541412563,0.00286401,2.737109396680913,0.0236147461621844,0.0,XPA,protein_coding
Lung,9q22.33 FOXE1/PTCSC2,ENSG00000136936,LUSC,2537,0.7854540099357686,0.112787865930118,0.0828475567628095,0.0118895368922002,0.0070210304791036,0.00286401,3.6535462204007287,0.0012630826576071,0.0,XPA,protein_coding
Lung,9q22.33 FOXE1/PTCSC2,ENSG00000136936,SCLC,2407,0.7820158736615258,0.1100897696234071,0.0897660511325613,0.0126314894933011,0.0054968160892046,0.00286401,3.0035994240921453,0.0109896127232161,0.0,XPA,protein_coding
Lung,9q22.33 FOXE1/PTCSC2,ENSG00000136936,PRAD,2699,0.8126844215408091,0.1267730734672153,0.0491451275977279,0.0076625606188995,0.0037348167753481,0.00266025,3.4080996884735204,0.0030047174462482,0.0,XPA,protein_coding
Lung,9q22.33 FOXE1/PTCSC2,ENSG00000136937,LUAD,2585,0.7534605160611916,0.1834390361713207,0.0474705619485418,0.0115532032873245,0.0040766825316212,6.11529e-05,2.737109396680913,0.0236147461621844,0.0,NCBP1,protein_coding
Lung,9q22.33 FOXE1/PTCSC2,ENSG00000136937,LUSC,2537,0.7227967362680918,0.1740574211304409,0.0762386376267162,0.0183505476246073,0.0085566573501435,6.11529e-05,3.6535462204007287,0.0012630826576071,0.0,NCBP1,protein_coding
Lung,9q22.33 FOXE1/PTCSC2,ENSG00000136937,SCLC,2407,0.7203448442723688,0.1672277039290055,0.0826869559837321,0.0191851811495911,0.0105553146653024,6.11529e-05,3.0035994240921453,0.0109896127232161,0.0,NCBP1,protein_coding
Lung,9q22.33 FOXE1/PTCSC2,ENSG00000136937,PRAD,2699,0.7513282479302632,0.1873732163213239,0.0454347611860257,0.0113264053441283,0.0045373692182587,6.11529e-05,3.4080996884735204,0.0030047174462482,0.0,NCBP1,protein_coding
Lung,9q22.33 FOXE1/PTCSC2,ENSG00000136938,LUAD,2585,0.7685562262551057,0.1679002931981027,0.0484216427691581,0.0105737384857899,0.0045480992918434,0.000115549,2.737109396680913,0.0236147461621844,0.0,ANP32B,protein_coding
Lung,9q22.33 FOXE1/PTCSC2,ENSG00000136938,LUSC,2537,0.7406563613668299,0.1585800546700022,0.0781224224001254,0.0167206731944325,0.0059204883686098,0.000115549,3.6535462204007287,0.0012630826576071,0.0,ANP32B,protein_coding
Lung,9q22.33 FOXE1/PTCSC2,ENSG00000136938,SCLC,2407,0.7530179872045353,0.1381233125900484,0.0864374412588939,0.0158483281756528,0.0065729307708694,0.000683935,3.0035994240921453,0.0109896127232161,0.0,ANP32B,protein_coding
Lung,9q22.33 FOXE1/PTCSC2,ENSG00000136938,PRAD,2699,0.767096827206835,0.1725205208155454,0.0463883279335127,0.0104291966975097,0.0035651273465969,0.000115549,3.4080996884735204,0.0030047174462482,0.0,ANP32B,protein_coding
Lung,9q22.33 FOXE1/PTCSC2,ENSG00000136943,LUAD,1036,0.8804482474256892,0.093246902145962,0.0218869490087044,0.0023159106788915,0.0021019907407528,0.00281999,2.737109396680913,0.0236147461621844,0.0,CTSV,protein_coding
Lung,9q22.33 FOXE1/PTCSC2,ENSG00000136943,LUSC,1047,0.8753578008792783,0.0927564411468738,0.0268251090766734,0.0028402763171502,0.0022203725800242,0.00281999,3.130109356014581,0.0074555818143347,0.0,CTSV,protein_coding
Lung,9q22.33 FOXE1/PTCSC2,ENSG00000136943,SCLC,1040,0.8668108186574702,0.0904600170718686,0.0358263865226853,0.0037356597017262,0.0031671180462496,0.00281999,2.6159212907816776,0.0326626812235815,0.0,CTSV,protein_coding
Lung,9q22.33 FOXE1/PTCSC2,ENSG00000136943,PRAD,1108,0.8703674061979072,0.0981143151553425,0.026305479119361,0.00296310039354,0.0022496991338492,0.00281999,3.301401869158879,0.0042979068630007,0.0,CTSV,protein_coding
Lung,9q22.33 FOXE1/PTCSC2,ENSG00000158122,LUAD,246,0.9750189596745164,0.0188263470610176,0.0055785683315094,0.0001072460146953,0.000468878918261,0.00912719,2.506033293209242,0.0432784078060129,0.0,AAED1,protein_coding
Lung,9q22.33 FOXE1/PTCSC2,ENSG00000158122,LUSC,281,0.9661002366794856,0.0200334745786331,0.0119618563786517,0.00024638821086,0.0016580441523691,0.00912719,3.130109356014581,0.0074555818143347,0.0,AAED1,protein_coding
Lung,9q22.33 FOXE1/PTCSC2,ENSG00000158122,SCLC,279,0.96985212787473,0.0192264731811708,0.0099854959627868,0.0001972150669017,0.0007386879144105,0.00912719,2.2695705640594155,0.0761176375711415,0.0,AAED1,protein_coding
Lung,9q22.33 FOXE1/PTCSC2,ENSG00000158122,PRAD,290,0.9656523669380076,0.0204212703207298,0.0128487614847791,0.0002709143180016,0.0008066869384819,0.00912719,3.301401869158879,0.0042979068630007,0.0,AAED1,protein_coding
Lung,9q22.33 FOXE1/PTCSC2,ENSG00000159712,LUAD,1567,0.8109736259014961,0.1440975227537725,0.0331699671329901,0.0058879213147183,0.0058709628970226,4.40916e-05,2.737109396680913,0.0236147461621844,0.0,ANKRD18CP,unprocessed_pseudogene
Lung,9q22.33 FOXE1/PTCSC2,ENSG00000159712,LUSC,1545,0.8063757364504541,0.1469699903834116,0.0365797789707656,0.0066636173092863,0.0034108768860821,4.40916e-05,3.130109356014581,0.0074555818143347,0.0,ANKRD18CP,unprocessed_pseudogene
Lung,9q22.33 FOXE1/PTCSC2,ENSG00000159712,SCLC,1423,0.7983645879351476,0.1388735049300024,0.0462513657128858,0.008036834616501,0.0084737068054632,4.40916e-05,2.6159212907816776,0.0326626812235815,0.0,ANKRD18CP,unprocessed_pseudogene
Lung,9q22.33 FOXE1/PTCSC2,ENSG00000159712,PRAD,1652,0.8091176116209848,0.1522741837904857,0.0296141848730316,0.0055699013975204,0.0034241183179774,4.40916e-05,3.301401869158879,0.0042979068630007,0.0,ANKRD18CP,unprocessed_pseudogene
Lung,9q22.33 FOXE1/PTCSC2,ENSG00000165138,LUAD,2048,0.7088401141628564,0.236464428667286,0.036032050398975,0.012013406485043,0.0066500002858395,2.25053e-05,2.737109396680913,0.0236147461621844,0.0,ANKS6,protein_coding
Lung,9q22.33 FOXE1/PTCSC2,ENSG00000165138,LUSC,1961,0.6817331248509423,0.2261106929393262,0.05931781470193,0.0196607852882695,0.0131775822195317,2.25053e-05,3.6535462204007287,0.0012630826576071,0.0,ANKS6,protein_coding
Lung,9q22.33 FOXE1/PTCSC2,ENSG00000165138,SCLC,1837,0.6818350287839298,0.2235778290578298,0.0632088828356858,0.0207159125650335,0.0106623467575209,2.25053e-05,3.0035994240921453,0.0109896127232161,0.0,ANKS6,protein_coding
Lung,9q22.33 FOXE1/PTCSC2,ENSG00000165138,PRAD,2101,0.7178789344773318,0.2409462197422747,0.0276266972690208,0.0092682421739786,0.0042799063373941,2.25053e-05,3.4080996884735204,0.0030047174462482,0.0,ANKS6,protein_coding
Lung,9q22.33 FOXE1/PTCSC2,ENSG00000178919,LUAD,2585,0.7515945865463565,0.1847628417597923,0.0473530020754796,0.0116360306622509,0.0046535389561203,0.000899002,2.737109396680913,0.0236147461621844,0.0,FOXE1,protein_coding
Lung,9q22.33 FOXE1/PTCSC2,ENSG00000178919,LUSC,2537,0.7202224685008776,0.1784077063105521,0.0759671108507763,0.0188113692082768,0.0065913451295172,0.000899002,3.6535462204007287,0.0012630826576071,0.0,FOXE1,protein_coding
Lung,9q22.33 FOXE1/PTCSC2,ENSG00000178919,SCLC,2407,0.7179779760335598,0.1718095153496051,0.0824152678729088,0.0197135898590425,0.0080836508848835,0.000899002,3.0035994240921453,0.0109896127232161,0.0,FOXE1,protein_coding
Lung,9q22.33 FOXE1/PTCSC2,ENSG00000178919,PRAD,2699,0.7458275177128192,0.1931191546671967,0.0451021178114862,0.0116741373848025,0.0042770724236951,0.000899002,3.4080996884735204,0.0030047174462482,0.0,FOXE1,protein_coding
Lung,9q22.33 FOXE1/PTCSC2,ENSG00000188152,LUAD,876,0.9327100040090316,0.0482530616531633,0.0169352267645238,0.0008749046180292,0.0012268029552518,0.00799671,2.609860649557374,0.0331840378922007,0.0,NUTM2G,protein_coding
Lung,9q22.33 FOXE1/PTCSC2,ENSG00000188152,LUSC,889,0.9242575432262482,0.0488498003312104,0.0241278022646922,0.0012737360430598,0.001491118134789,0.00799671,3.130109356014581,0.0074555818143347,0.0,NUTM2G,protein_coding
Lung,9q22.33 FOXE1/PTCSC2,ENSG00000188152,SCLC,904,0.9148400795154004,0.0491049828750311,0.0322716240177765,0.0017301594808906,0.0020531541109011,0.00799671,2.6159212907816776,0.0326626812235815,0.0,NUTM2G,protein_coding
Lung,9q22.33 FOXE1/PTCSC2,ENSG00000188152,PRAD,941,0.9199258563903652,0.0516196293788778,0.0249840912580603,0.0013998571244654,0.0020705658482314,0.00799671,3.301401869158879,0.0042979068630007,0.0,NUTM2G,protein_coding
Lung,9q22.33 FOXE1/PTCSC2,ENSG00000196116,LUAD,2319,0.8061958510446947,0.1375899693962852,0.045019565781719,0.0076797803238139,0.0035148334534871,0.00395674,2.737109396680913,0.0236147461621844,0.0,TDRD7,protein_coding
Lung,9q22.33 FOXE1/PTCSC2,ENSG00000196116,LUSC,2283,0.7893856344672799,0.128997537595346,0.0659170776638037,0.0107669134355485,0.0049328368380217,0.00305695,3.6535462204007287,0.0012630826576071,0.0,TDRD7,protein_coding
Lung,9q22.33 FOXE1/PTCSC2,ENSG00000196116,SCLC,2148,0.7791382098886027,0.1226200814590943,0.0798411322677209,0.0125594855973416,0.0058410907872403,0.00305695,3.0035994240921453,0.0109896127232161,0.0,TDRD7,protein_coding
Lung,9q22.33 FOXE1/PTCSC2,ENSG00000196116,PRAD,2433,0.7973982733098708,0.1464660558530952,0.0436970074303112,0.0080218462751311,0.0044168171315916,0.00305695,3.4080996884735204,0.0030047174462482,0.0,TDRD7,protein_coding
Lung,9q22.33 FOXE1/PTCSC2,ENSG00000196312,LUAD,986,0.9184841023756372,0.0580889852064774,0.0204068225942764,0.0012888862526529,0.0017312035709558,0.000191247,2.671799139963934,0.0281768285294979,0.0,MFSD14C,protein_coding
Lung,9q22.33 FOXE1/PTCSC2,ENSG00000196312,LUSC,997,0.9108336590497615,0.0589653436735025,0.0264014943979302,0.0017070815592425,0.002092421319563,0.000191247,3.130109356014581,0.0074555818143347,0.0,MFSD14C,protein_coding
Lung,9q22.33 FOXE1/PTCSC2,ENSG00000196312,SCLC,1003,0.9018466948921416,0.057427359934135,0.0359902552331971,0.0022893237906897,0.0024463661498365,0.000191247,2.6159212907816776,0.0326626812235815,0.0,MFSD14C,protein_coding
Lung,9q22.33 FOXE1/PTCSC2,ENSG00000196312,PRAD,1058,0.9085665780228296,0.061262177695234,0.0257112553689459,0.0017309110683817,0.0027290778446084,0.000191247,3.301401869158879,0.0042979068630007,0.0,MFSD14C,protein_coding
Lung,9q22.33 FOXE1/PTCSC2,ENSG00000196597,LUAD,746,0.9153467508126916,0.06753451385729,0.0143349539777213,0.0010559086428432,0.0017278727094535,0.000309434,2.609860649557374,0.0331840378922007,0.0,ZNF782,protein_coding
Lung,9q22.33 FOXE1/PTCSC2,ENSG00000196597,LUSC,775,0.9064848329818348,0.0678600004220916,0.0214250099562185,0.0016012602496529,0.0026288963902023,0.000309434,3.130109356014581,0.0074555818143347,0.0,ZNF782,protein_coding
Lung,9q22.33 FOXE1/PTCSC2,ENSG00000196597,SCLC,777,0.9009747072583209,0.0672167949235796,0.0271689595375265,0.0020243122413012,0.0026152260392717,0.000309434,2.6159212907816776,0.0326626812235815,0.0,ZNF782,protein_coding
Lung,9q22.33 FOXE1/PTCSC2,ENSG00000196597,PRAD,811,0.9035127125368532,0.0691147688887527,0.0232849756576772,0.0017788900938355,0.0023086528228812,0.000309434,3.301401869158879,0.0042979068630007,0.0,ZNF782,protein_coding
Lung,9q22.33 FOXE1/PTCSC2,ENSG00000197816,LUAD,1943,0.8269259964116394,0.1244324074357545,0.0392967333671947,0.0059097749920199,0.0034350877933913,0.000303921,2.737109396680913,0.0236147461621844,0.0,CCDC180,protein_coding
Lung,9q22.33 FOXE1/PTCSC2,ENSG00000197816,LUSC,1919,0.8197505499254596,0.1203718177244102,0.0477744064516932,0.0070100801234811,0.0050931457749558,0.000303921,3.130109356014581,0.0074555818143347,0.0,CCDC180,protein_coding
Lung,9q22.33 FOXE1/PTCSC2,ENSG00000197816,SCLC,1770,0.8036462096871687,0.1170481738478284,0.0633564928719472,0.0092209166231489,0.0067282069699065,0.000303921,2.6159212907816776,0.0326626812235815,0.0,CCDC180,protein_coding
Lung,9q22.33 FOXE1/PTCSC2,ENSG00000197816,PRAD,2039,0.8273268171682213,0.1249583312184272,0.0378232964614676,0.0057085969359281,0.0041829582159558,0.000303921,3.4080996884735204,0.0030047174462482,0.0,CCDC180,protein_coding
Lung,9q22.33 FOXE1/PTCSC2,ENSG00000203279,LUAD,1634,0.420196109221358,0.5296271799333957,0.017718863605453,0.0223232272485187,0.0101346199912743,3.43603e-06,2.737109396680913,0.0236147461621844,0.2314517959138164,RP11-498P14.5,lincRNA
Lung,9q22.33 FOXE1/PTCSC2,ENSG00000203279,LUSC,1609,0.4256002933627365,0.5216799110849478,0.0202120712817954,0.0247672225647386,0.0077405017057815,3.43603e-06,3.130109356014581,0.0074555818143347,0.203553575325758,RP11-498P14.5,lincRNA
Lung,9q22.33 FOXE1/PTCSC2,ENSG00000203279,SCLC,1492,0.5436222917820669,0.3714973950051626,0.0335995725927601,0.0229327297082875,0.0283480109117226,5.50913e-06,2.6159212907816776,0.0326626812235815,0.0,RP11-498P14.5,lincRNA
Lung,9q22.33 FOXE1/PTCSC2,ENSG00000203279,PRAD,1722,0.4186387681498831,0.5302009718088797,0.0175740443374422,0.0222459758407829,0.0113402398630119,3.43603e-06,3.4080996884735204,0.0030047174462482,0.2362477072081965,RP11-498P14.5,lincRNA
Lung,9q22.33 FOXE1/PTCSC2,ENSG00000204291,LUAD,1684,0.7937528692412898,0.1606237439813957,0.0351159292430084,0.0071026508019727,0.0034048067323331,0.000624987,2.737109396680913,0.0236147461621844,0.0,COL15A1,protein_coding
Lung,9q22.33 FOXE1/PTCSC2,ENSG00000204291,LUSC,1623,0.7625917761877551,0.1588055339846515,0.0601294301100558,0.0125156647920292,0.005957594925508,0.000399311,3.6535462204007287,0.0012630826576071,0.0,COL15A1,protein_coding
Lung,9q22.33 FOXE1/PTCSC2,ENSG00000204291,SCLC,1478,0.772276595723827,0.1491289325499812,0.060530093328842,0.0116821607931035,0.0063822176042461,0.000399311,3.0035994240921453,0.0109896127232161,0.0,COL15A1,protein_coding
Lung,9q22.33 FOXE1/PTCSC2,ENSG00000204291,PRAD,1733,0.7940941489936688,0.1713846888960292,0.0263236534415818,0.0056787611881664,0.0025187474805535,0.000399311,3.4080996884735204,0.0030047174462482,0.0,COL15A1,protein_coding
Lung,9q22.33 FOXE1/PTCSC2,ENSG00000213612,LUAD,1202,0.8903904279348908,0.0767219752981415,0.0283255349607074,0.0024385934636693,0.0021234683425908,0.000274089,2.737109396680913,0.0236147461621844,0.0,FAM220CP,processed_pseudogene
Lung,9q22.33 FOXE1/PTCSC2,ENSG00000213612,LUSC,1214,0.8863892741982364,0.0769645085586783,0.0315708882054121,0.0027389398945623,0.0023363891431108,0.000274089,3.130109356014581,0.0074555818143347,0.0,FAM220CP,processed_pseudogene
Lung,9q22.33 FOXE1/PTCSC2,ENSG00000213612,SCLC,1178,0.8786349462084583,0.0740951331730075,0.0406963554955197,0.0034287718327315,0.0031447932902828,0.000274089,2.6159212907816776,0.0326626812235815,0.0,FAM220CP,processed_pseudogene
Lung,9q22.33 FOXE1/PTCSC2,ENSG00000213612,PRAD,1278,0.8868240237761832,0.080034445261229,0.0285980032969251,0.0025789593445225,0.0019645683211401,0.000274089,3.301401869158879,0.0042979068630007,0.0,FAM220CP,processed_pseudogene
Lung,9q22.33 FOXE1/PTCSC2,ENSG00000224848,LUAD,266,0.9715006866404552,0.0206554625822006,0.0070779791544077,0.0001498717306795,0.0006159998922569,0.0332465,2.572600310352472,0.0365477308407944,0.0,RP11-535M15.1,lincRNA
Lung,9q22.33 FOXE1/PTCSC2,ENSG00000224848,LUSC,305,0.9631653456912396,0.0230531228278253,0.0126237021471258,0.0003012886282848,0.0008565407055245,0.0332465,3.130109356014581,0.0074555818143347,0.0,RP11-535M15.1,lincRNA
Lung,9q22.33 FOXE1/PTCSC2,ENSG00000224848,SCLC,302,0.9644215873428152,0.0229570581093189,0.0114382360489999,0.0002713636204255,0.0009117548784405,0.0332465,2.6159212907816776,0.0326626812235815,0.0,RP11-535M15.1,lincRNA
Lung,9q22.33 FOXE1/PTCSC2,ENSG00000224848,PRAD,316,0.9612617060152422,0.0238381680780144,0.013604483658621,0.0003364160859296,0.0009592261621925,0.0332465,3.301401869158879,0.0042979068630007,0.0,RP11-535M15.1,lincRNA
Lung,9q22.33 FOXE1/PTCSC2,ENSG00000228038,LUAD,1141,0.8121952884649655,0.1564169260848989,0.0235023047726423,0.0045228372997357,0.0033626433777573,0.000462621,2.737109396680913,0.0236147461621844,0.0,VN1R51P,processed_pseudogene
Lung,9q22.33 FOXE1/PTCSC2,ENSG00000228038,LUSC,1153,0.808415577896433,0.156228188653047,0.0269646008969067,0.0052077879266465,0.0031838446269667,0.000462621,3.130109356014581,0.0074555818143347,0.0,VN1R51P,processed_pseudogene
Lung,9q22.33 FOXE1/PTCSC2,ENSG00000228038,SCLC,1131,0.8131679313366054,0.1397740369402427,0.0361637832870388,0.006211447701058,0.0046828007350548,0.000462621,2.6159212907816776,0.0326626812235815,0.0,VN1R51P,processed_pseudogene
Lung,9q22.33 FOXE1/PTCSC2,ENSG00000228038,PRAD,1216,0.8078975849850896,0.1592981553165204,0.0252436289755619,0.0049748564213896,0.0025857743014385,0.000462621,3.301401869158879,0.0042979068630007,0.0,VN1R51P,processed_pseudogene
Lung,9q22.33 FOXE1/PTCSC2,ENSG00000228376,LUAD,1121,0.8985378394159318,0.0718726396010005,0.0249926608490607,0.0019965236035834,0.0026003365304235,0.010083,2.737109396680913,0.0236147461621844,0.0,GAS2L1P2,transcribed_processed_pseudogene
Lung,9q22.33 FOXE1/PTCSC2,ENSG00000228376,LUSC,1133,0.8938962105290136,0.0721085179408832,0.029387790696979,0.0023684053099832,0.0022390755231407,0.010083,3.130109356014581,0.0074555818143347,0.0,GAS2L1P2,transcribed_processed_pseudogene
Lung,9q22.33 FOXE1/PTCSC2,ENSG00000228376,SCLC,1115,0.8872877224244375,0.0678073290074086,0.0388358714543009,0.0029647680579772,0.0031043090558754,0.0117648,2.6159212907816776,0.0326626812235815,0.0,GAS2L1P2,transcribed_processed_pseudogene
Lung,9q22.33 FOXE1/PTCSC2,ENSG00000228376,PRAD,1196,0.892364366151675,0.0754077360711659,0.0277093544706776,0.0023393527754283,0.0021791905310531,0.010083,3.301401869158879,0.0042979068630007,0.0,GAS2L1P2,transcribed_processed_pseudogene
Lung,9q22.33 FOXE1/PTCSC2,ENSG00000231521,LUAD,2585,0.76727569321623,0.169296809550983,0.0483409648548503,0.0106618471553947,0.0044246852225417,0.00106746,2.737109396680913,0.0236147461621844,0.0,RP11-244N9.4,antisense
Lung,9q22.33 FOXE1/PTCSC2,ENSG00000231521,LUSC,2537,0.7349549263240663,0.1635756706991795,0.0775210505090156,0.017246816164081,0.0067015363036575,0.00106746,3.6535462204007287,0.0012630826576071,0.0,RP11-244N9.4,antisense
Lung,9q22.33 FOXE1/PTCSC2,ENSG00000231521,SCLC,2407,0.7437915221313536,0.1468599832700194,0.0853783536323805,0.0168506467117158,0.0071194942545305,0.00106746,3.0035994240921453,0.0109896127232161,0.0,RP11-244N9.4,antisense
Lung,9q22.33 FOXE1/PTCSC2,ENSG00000231521,PRAD,2699,0.7616894352810847,0.1776011222764603,0.0460613289667328,0.0107360869009647,0.0039120265747574,0.00106746,3.4080996884735204,0.0030047174462482,0.0,RP11-244N9.4,antisense
Lung,9q22.33 FOXE1/PTCSC2,ENSG00000233820,LUAD,346,0.9692665082205376,0.0208428561897097,0.0089796684071625,0.0001923778765827,0.0007185893060072,0.022646,2.609860649557374,0.0331840378922007,0.0,RP11-535M15.2,transcribed_processed_pseudogene
Lung,9q22.33 FOXE1/PTCSC2,ENSG00000233820,LUSC,390,0.9611397847968308,0.0233254970198266,0.0143504992476672,0.0003474294385054,0.0008367894971696,0.022646,3.130109356014581,0.0074555818143347,0.0,RP11-535M15.2,transcribed_processed_pseudogene
Lung,9q22.33 FOXE1/PTCSC2,ENSG00000233820,SCLC,382,0.9612086648863108,0.0222942585189022,0.0152056363971952,0.0003517395886727,0.0009397006089189,0.022646,2.6159212907816776,0.0326626812235815,0.0,RP11-535M15.2,transcribed_processed_pseudogene
Lung,9q22.33 FOXE1/PTCSC2,ENSG00000233820,PRAD,403,0.958166024216107,0.0238062234665234,0.0164481747540552,0.0004074929211242,0.0011720846421901,0.022646,3.301401869158879,0.0042979068630007,0.0,RP11-535M15.2,transcribed_processed_pseudogene
Lung,9q22.33 FOXE1/PTCSC2,ENSG00000242375,LUAD,1472,0.8652515032068469,0.0948348063501025,0.0335113618297566,0.0036702387143985,0.0027320898988953,0.00193997,2.737109396680913,0.0236147461621844,0.0,RP11-498P14.3,lincRNA
Lung,9q22.33 FOXE1/PTCSC2,ENSG00000242375,LUSC,1454,0.8622135849992425,0.0932991447408676,0.0374124926273217,0.0040453335433208,0.0030294440892473,0.00194513,3.130109356014581,0.0074555818143347,0.0,RP11-498P14.3,lincRNA
Lung,9q22.33 FOXE1/PTCSC2,ENSG00000242375,SCLC,1357,0.8591943679405715,0.0855059383383199,0.0468725324017316,0.0046609289924683,0.0037662323269085,0.00193997,2.6159212907816776,0.0326626812235815,0.0,RP11-498P14.3,lincRNA
Lung,9q22.33 FOXE1/PTCSC2,ENSG00000242375,PRAD,1555,0.8632618335006854,0.1002541115928302,0.0305606178302064,0.0035467522948596,0.0023766847814182,0.00193997,3.301401869158879,0.0042979068630007,0.0,RP11-498P14.3,lincRNA
Lung,9q22.33 FOXE1/PTCSC2,ENSG00000254483,LUAD,1669,0.810138826519505,0.1458924015164625,0.034590618120892,0.0062260374773195,0.0031521163658207,4.74238e-05,2.737109396680913,0.0236147461621844,0.0,RP11-23J9.6,unprocessed_pseudogene
Lung,9q22.33 FOXE1/PTCSC2,ENSG00000254483,LUSC,1642,0.803067212606339,0.1475229463351675,0.038912018087996,0.0071447604030017,0.0033530625674954,4.74238e-05,3.130109356014581,0.0074555818143347,0.0,RP11-23J9.6,unprocessed_pseudogene
Lung,9q22.33 FOXE1/PTCSC2,ENSG00000254483,SCLC,1527,0.7961293992317653,0.1400077242980986,0.0504669159029413,0.0088706123551971,0.0045253482119974,4.74238e-05,2.6159212907816776,0.0326626812235815,0.0,RP11-23J9.6,unprocessed_pseudogene
Lung,9q22.33 FOXE1/PTCSC2,ENSG00000254483,PRAD,1758,0.802111859975485,0.1539475726618916,0.0340044472660453,0.0065229859599709,0.0034131341366071,4.74238e-05,3.4080996884735204,0.0030047174462482,0.0,RP11-23J9.6,unprocessed_pseudogene
Lung,9q22.33 FOXE1/PTCSC2,ENSG00000254633,LUAD,1825,0.8604009933006076,0.0932066490784072,0.0390696740851275,0.0042292975926989,0.0030933859431587,0.00156863,2.737109396680913,0.0236147461621844,0.0,RP11-23J9.7,unitary_pseudogene
Lung,9q22.33 FOXE1/PTCSC2,ENSG00000254633,LUSC,1800,0.852274254994456,0.0929523856672677,0.0461463961896547,0.0050293099944001,0.0035976531542213,0.00156863,3.130109356014581,0.0074555818143347,0.0,RP11-23J9.7,unitary_pseudogene
Lung,9q22.33 FOXE1/PTCSC2,ENSG00000254633,SCLC,1664,0.846542793446904,0.0814680443902614,0.0617858197992752,0.0059417696841701,0.0042615726793891,0.00156863,2.6159212907816776,0.0326626812235815,0.0,RP11-23J9.7,unitary_pseudogene
Lung,9q22.33 FOXE1/PTCSC2,ENSG00000254633,PRAD,1921,0.8563785093968986,0.099180323645305,0.0375322437650435,0.0043441815193613,0.0025647416733914,0.00156863,3.4080996884735204,0.0030047174462482,0.0,RP11-23J9.7,unitary_pseudogene
Lung,9q22.33 FOXE1/PTCSC2,ENSG00000255815,LUAD,651,0.9417128150473568,0.0418317657829368,0.0146791726028354,0.000650937294525,0.001125309272346,0.0334584,2.09233295440192,0.1120367209231221,0.0,KRT8P11,processed_pseudogene
Lung,9q22.33 FOXE1/PTCSC2,ENSG00000255815,LUSC,627,0.9115853461861052,0.0398929037887094,0.0431843741675788,0.0018863886103839,0.0034509872472226,0.0334584,3.6535462204007287,0.0012630826576071,0.0,KRT8P11,processed_pseudogene
Lung,9q22.33 FOXE1/PTCSC2,ENSG00000255815,SCLC,646,0.9219967911234036,0.0407095818102762,0.0333349905029366,0.0014693743452143,0.002489262218169,0.0334584,3.0035994240921453,0.0109896127232161,0.0,KRT8P11,processed_pseudogene
Lung,9q22.33 FOXE1/PTCSC2,ENSG00000255815,PRAD,669,0.940754217334881,0.0435869940644,0.013933370609409,0.0006444795393632,0.0010809384519467,0.0112678,3.2484076433121016,0.0051124521934864,0.0,KRT8P11,processed_pseudogene
Lung,9q22.33 FOXE1/PTCSC2,ENSG00000267026,LUAD,1847,0.8342950834079823,0.1172777684214176,0.0395821004875553,0.0055608147374696,0.0032842329455752,0.00107014,2.737109396680913,0.0236147461621844,0.0,RP11-92C4.3,antisense
Lung,9q22.33 FOXE1/PTCSC2,ENSG00000267026,LUSC,1768,0.8081051200442281,0.1115363558164019,0.0662635695696444,0.0091408821435109,0.0049540724262146,0.00107014,3.6535462204007287,0.0012630826576071,0.0,RP11-92C4.3,antisense
Lung,9q22.33 FOXE1/PTCSC2,ENSG00000267026,SCLC,1638,0.8132882222465672,0.1029606179926245,0.0691119013123958,0.0087435289826164,0.005895729465796,0.00107014,3.0035994240921453,0.0109896127232161,0.0,RP11-92C4.3,antisense
Lung,9q22.33 FOXE1/PTCSC2,ENSG00000267026,PRAD,1896,0.8431233306845475,0.1209252156778145,0.0293022969987511,0.0042002417894303,0.0024489148494564,0.00107014,3.4080996884735204,0.0030047174462482,0.0,RP11-92C4.3,antisense
Lung,9q22.33 FOXE1/PTCSC2,ENSG00000269907,LUAD,843,0.916836194912808,0.0645920441789421,0.0159420291289071,0.0011216240892169,0.0015081076901255,0.00326848,2.609860649557374,0.0331840378922007,0.0,RP11-330M2.4,processed_pseudogene
Lung,9q22.33 FOXE1/PTCSC2,ENSG00000269907,LUSC,856,0.9083052833576352,0.0649310281695051,0.0230772024489101,0.0016476559473714,0.0020388300765779,0.00326848,3.130109356014581,0.0074555818143347,0.0,RP11-330M2.4,processed_pseudogene
Lung,9q22.33 FOXE1/PTCSC2,ENSG00000269907,SCLC,870,0.9004601704510214,0.0641822925385584,0.0307982202566621,0.0021928448734365,0.0023664718803212,0.00326848,2.6159212907816776,0.0326626812235815,0.0,RP11-330M2.4,processed_pseudogene
Lung,9q22.33 FOXE1/PTCSC2,ENSG00000269907,PRAD,906,0.9043953964807796,0.067527060416437,0.0243190647943734,0.0018138485111575,0.0019446297972526,0.00326848,3.301401869158879,0.0042979068630007,0.0,RP11-330M2.4,processed_pseudogene
Lung,9q22.33 FOXE1/PTCSC2,ENSG00000270412,LUAD,1684,0.8212017404899234,0.1331554644958418,0.0363302777611924,0.0058874233688436,0.0034250938841983,0.000712251,2.737109396680913,0.0236147461621844,0.0,RP11-92C4.6,antisense
Lung,9q22.33 FOXE1/PTCSC2,ENSG00000270412,LUSC,1623,0.7970193045646192,0.1245220948859088,0.0628439986722126,0.0098126130996071,0.005801988777652,0.000712251,3.6535462204007287,0.0012630826576071,0.0,RP11-92C4.6,antisense
Lung,9q22.33 FOXE1/PTCSC2,ENSG00000270412,SCLC,1478,0.8047840113068732,0.1165347474353004,0.0630779847320212,0.0091273748362652,0.0064758816895398,0.000712251,3.0035994240921453,0.0109896127232161,0.0,RP11-92C4.6,antisense
Lung,9q22.33 FOXE1/PTCSC2,ENSG00000270412,PRAD,1733,0.8267613504546518,0.1382707853451637,0.0274065478203592,0.0045805969824835,0.0029807193973414,0.000712251,3.4080996884735204,0.0030047174462482,0.0,RP11-92C4.6,antisense
Lung,9q22.33 FOXE1/PTCSC2,ENSG00000271086,LUAD,339,0.9370081471370272,0.0527314427106883,0.0082971960957795,0.0004654385279825,0.0014977755285224,0.00128777,2.09233295440192,0.1120367209231221,0.0,NAMA,lincRNA
Lung,9q22.33 FOXE1/PTCSC2,ENSG00000271086,LUSC,343,0.910724407251394,0.0475375658706557,0.0335937816915467,0.0017471153458226,0.0063971298405806,0.00128777,3.6535462204007287,0.0012630826576071,0.0,NAMA,lincRNA
Lung,9q22.33 FOXE1/PTCSC2,ENSG00000271086,SCLC,344,0.928135432119906,0.0525518314961144,0.0161284336799478,0.0009109325044096,0.0022733701996222,0.00128777,2.685013515386748,0.0271969950222946,0.0,NAMA,lincRNA
Lung,9q22.33 FOXE1/PTCSC2,ENSG00000271086,PRAD,357,0.935496525968306,0.0534086056414418,0.0095636802461237,0.0005450156699349,0.0009861724741933,0.00128777,3.2484076433121016,0.0051124521934864,0.0,NAMA,lincRNA
Lung,9q22.33 FOXE1/PTCSC2,ENSG00000274011,LUAD,2585,0.7531143525756367,0.1833304140857931,0.0474487524776604,0.0115458758058752,0.0045606050550343,0.000977677,2.737109396680913,0.0236147461621844,0.0,Metazoa_SRP,misc_RNA
Lung,9q22.33 FOXE1/PTCSC2,ENSG00000274011,LUSC,2537,0.7235469558026062,0.1742141891895819,0.0763177687466596,0.0183680867517613,0.0075529995093906,0.000977677,3.6535462204007287,0.0012630826576071,0.0,Metazoa_SRP,misc_RNA
Lung,9q22.33 FOXE1/PTCSC2,ENSG00000274011,SCLC,2407,0.7227112429926261,0.1673451825508738,0.0829585901994521,0.0192014380560594,0.0077835462009882,0.000977677,3.0035994240921453,0.0109896127232161,0.0,Metazoa_SRP,misc_RNA
Lung,9q22.33 FOXE1/PTCSC2,ENSG00000274011,PRAD,2699,0.7510775212938829,0.1881019993241922,0.0454195990982454,0.0113709842092143,0.0040298960744649,0.00129811,3.4080996884735204,0.0030047174462482,0.0,Metazoa_SRP,misc_RNA
Lung,9q22.33 FOXE1/PTCSC2,ENSG00000277103,LUAD,1265,0.7604391586182017,0.2027832877432192,0.0255810625190475,0.0068172209891242,0.0043792701304074,9.22196e-05,2.737109396680913,0.0236147461621844,0.0,RP11-520B13.8,processed_pseudogene
Lung,9q22.33 FOXE1/PTCSC2,ENSG00000277103,LUSC,1274,0.756652201454965,0.2035671107226379,0.0285566270594466,0.0076792320816313,0.0035448286813191,9.22196e-05,3.130109356014581,0.0074555818143347,0.0,RP11-520B13.8,processed_pseudogene
Lung,9q22.33 FOXE1/PTCSC2,ENSG00000277103,SCLC,1228,0.7491293425355224,0.1999085954123496,0.0358724616653955,0.0095672082677704,0.0055223921189619,9.22196e-05,2.6159212907816776,0.0326626812235815,0.0,RP11-520B13.8,processed_pseudogene
Lung,9q22.33 FOXE1/PTCSC2,ENSG00000277103,PRAD,1341,0.757700046469676,0.2069245574066006,0.0248863883084138,0.0067926670885229,0.0036963407267866,9.22196e-05,3.301401869158879,0.0042979068630007,0.0,RP11-520B13.8,processed_pseudogene
Lung,15q25.1 CHRNA3/IREB2,ENSG00000041357,LUAD,2538,1.632810949710876e-42,3.304401149930879e-43,0.4472916438163371,0.0900579957954264,0.4626503603882365,0.00045304,14.599018786645926,5.237396922046819e-47,95.44748719584231,PSMA4,protein_coding
Lung,15q25.1 CHRNA3/IREB2,ENSG00000041357,LUSC,2489,1.8082040188155638e-35,3.656805148499958e-36,0.4750966182549275,0.0956514857636747,0.4292518959813978,0.00045304,13.465568229826784,4.231852513754322e-40,79.25390706814319,PSMA4,protein_coding
Lung,15q25.1 CHRNA3/IREB2,ENSG00000041357,SCLC,2373,1.190311328111609e-15,2.086050213295725e-16,0.4434722396181084,0.0772403257621846,0.4792874346197056,0.00045304,9.413770556118612,5.709684785810526e-20,33.62910671247437,PSMA4,protein_coding
Lung,15q25.1 CHRNA3/IREB2,ENSG00000041357,PRAD,2808,0.7709344506109265,0.1707076863398707,0.044211173940327,0.0097852999857733,0.0043613891231022,0.00045304,3.3908045977011496,0.0031866728191422,0.0,PSMA4,protein_coding
Lung,15q25.1 CHRNA3/IREB2,ENSG00000058335,LUAD,2538,1.0558028403540774e-49,3.6504390868636494e-42,2.892262500392684e-08,0.9999999694398832,1.6374918354833211e-09,7.24508e-13,14.599018786645926,5.237396922046819e-47,112.7723680625056,RASGRF1,protein_coding
Lung,15q25.1 CHRNA3/IREB2,ENSG00000058335,LUSC,2489,1.1007867608161893e-42,3.805971023326013e-35,2.8922624993729256e-08,0.9999999687749472,2.3024279158773166e-09,7.24508e-13,13.465568229826784,4.231852513754322e-40,96.61254871327507,RASGRF1,protein_coding
Lung,15q25.1 CHRNA3/IREB2,ENSG00000058335,SCLC,2373,7.763040192852377e-23,2.6840717084003107e-15,2.8922625024760192e-08,0.999999969509176,1.568196443803579e-09,7.24508e-13,9.413770556118612,5.709684785810526e-20,50.91008307347241,RASGRF1,protein_coding
Lung,15q25.1 CHRNA3/IREB2,ENSG00000058335,PRAD,2808,2.6446293418830245e-08,0.9377320400571004,1.5166291731940175e-09,0.053768101149355,0.0084998308306221,7.24508e-13,3.3908045977011496,0.0031866728191422,17.3838587814872,RASGRF1,protein_coding
Lung,15q25.1 CHRNA3/IREB2,ENSG00000080644,LUAD,2538,1.2754257407114485e-43,6.214392908782178e-43,0.0349389668307595,0.1694412358522613,0.7956197973169791,3.03923e-05,14.599018786645926,5.237396922046819e-47,98.53924511278063,CHRNA3,protein_coding
Lung,15q25.1 CHRNA3/IREB2,ENSG00000080644,LUSC,2489,1.786464210620795e-36,8.725268277741715e-36,0.0469384591709598,0.2285275531101463,0.7245339877188938,3.03923e-05,13.465568229826784,4.231852513754322e-40,81.99059837638633,CHRNA3,protein_coding
Lung,15q25.1 CHRNA3/IREB2,ENSG00000080644,SCLC,2373,1.1483881516801295e-16,5.564268004062947e-16,0.0427852994043533,0.2065563154560604,0.7506583851395855,3.03923e-05,9.413770556118612,5.709684785810526e-20,36.416197525253246,CHRNA3,protein_coding
Lung,15q25.1 CHRNA3/IREB2,ENSG00000080644,PRAD,2808,0.1558475187714004,0.7744571191752703,0.0089374677122168,0.0443968291587714,0.0163610651823409,3.03923e-05,3.3908045977011496,0.0031866728191422,1.603284207041085,CHRNA3,protein_coding
Lung,15q25.1 CHRNA3/IREB2,ENSG00000086666,LUAD,312,0.942200083209261,0.0438930410209198,0.011513473941831,0.0005345042306043,0.0018588975973839,0.00021137,2.7120719130866373,0.0252818879512349,0.0,ZFAND6,protein_coding
Lung,15q25.1 CHRNA3/IREB2,ENSG00000086666,LUSC,310,0.9457722777251224,0.042835466634349,0.009062073138192,0.0004085134226347,0.0019216690797017,0.00021137,2.965441052621149,0.0123152084839295,0.0,ZFAND6,protein_coding
Lung,15q25.1 CHRNA3/IREB2,ENSG00000086666,SCLC,315,0.9768094350684275,0.0123261880221228,0.0102527112030047,0.0001288944045193,0.0004827713019253,0.0111946,2.842091439506219,0.0176196261642464,0.0,ZFAND6,protein_coding
Lung,15q25.1 CHRNA3/IREB2,ENSG00000086666,PRAD,352,0.947194081168248,0.0467140684479299,0.0050991300897797,0.0002507388045232,0.0007419814895189,0.00021137,2.370689655172414,0.0601998920071128,0.0,ZFAND6,protein_coding
Lung,15q25.1 CHRNA3/IREB2,ENSG00000103740,LUAD,2538,2.4823025498744282e-42,4.5461201066279736e-43,0.680001066981712,0.1243405922177947,0.1956583408004933,0.000122579,14.599018786645926,5.237396922046819e-47,95.41372641706135,ACSBG1,protein_coding
Lung,15q25.1 CHRNA3/IREB2,ENSG00000103740,LUSC,2489,2.679714763187728e-35,4.7998755656162206e-36,0.7040817344893598,0.1259443708108525,0.1699738946997876,0.000122579,13.465568229826784,4.231852513754322e-40,79.25390706814319,ACSBG1,protein_coding
Lung,15q25.1 CHRNA3/IREB2,ENSG00000103740,SCLC,2373,1.9338618422587603e-15,3.308656044768073e-16,0.7204955729179445,0.1231136371133292,0.156390789968724,0.000122579,9.413770556118612,5.709684785810526e-20,33.55144142867919,ACSBG1,protein_coding
Lung,15q25.1 CHRNA3/IREB2,ENSG00000103740,PRAD,2808,0.7870695633820441,0.1539635966749317,0.0451364825404361,0.0088244235301755,0.0050059338724122,0.000122579,3.3908045977011496,0.0031866728191422,0.0,ACSBG1,protein_coding
Lung,15q25.1 CHRNA3/IREB2,ENSG00000103811,LUAD,2538,3.439736092440246e-72,3.650439198415481e-42,9.422800669939273e-31,1.0,1.4742964779632124e-32,7.61352e-33,14.599018786645926,5.237396922046819e-47,164.5507319444428,CTSH,protein_coding
Lung,15q25.1 CHRNA3/IREB2,ENSG00000103811,LUSC,2489,3.5862907428104946e-65,3.805971142158902e-35,9.422800669939273e-31,1.0,1.4427725802603602e-32,7.61352e-33,13.465568229826784,4.231852513754322e-40,148.3909125955246,CTSH,protein_coding
Lung,15q25.1 CHRNA3/IREB2,ENSG00000103811,SCLC,2373,2.529147346319811e-45,2.6840717902356678e-15,9.42280066993938e-31,0.9999999999999972,7.090086043230213e-17,7.61352e-33,9.413770556118612,5.709684785810526e-20,102.6884469560606,CTSH,protein_coding
Lung,15q25.1 CHRNA3/IREB2,ENSG00000103811,PRAD,2808,8.849166851855244e-31,0.9391227896909496,5.074777169502777e-32,0.0538493291326388,0.0070278811764116,7.61352e-33,3.3908045977011496,0.0031866728191422,69.1370055273814,CTSH,protein_coding
Lung,15q25.1 CHRNA3/IREB2,ENSG00000103876,LUAD,112,0.9920206330853252,0.0038471281097576,0.003893349903349,1.487467965072091e-05,0.0002240142219175,0.0183625,2.405613717566661,0.0553826628544189,0.0,FAH,protein_coding
Lung,15q25.1 CHRNA3/IREB2,ENSG00000103876,LUSC,99,0.9932611597496664,0.0033946956897108,0.0032026203471262,1.081497345524276e-05,0.0001307092400412,0.0183625,2.209494103572039,0.0870796469571469,0.0,FAH,protein_coding
Lung,15q25.1 CHRNA3/IREB2,ENSG00000103876,SCLC,100,0.9939079497324376,0.0032375513075034,0.0027301510748934,8.777611619790513e-06,0.0001155702735456,0.0183625,1.8866999601703485,0.1686687798218201,0.0,FAH,protein_coding
Lung,15q25.1 CHRNA3/IREB2,ENSG00000103876,PRAD,122,0.9938982065609488,0.0043184331758666,0.0016973652348986,7.296260049036976e-06,7.869876823673838e-05,0.0183625,2.0,0.1353352832366127,0.0,FAH,protein_coding
Lung,15q25.1 CHRNA3/IREB2,ENSG00000136371,LUAD,775,0.0082590257520549,0.0005120741784249,0.9143960588155652,0.0566740112367693,0.0201588300171855,9.71676e-05,5.545653683816851,2.0979449294155226e-07,4.706957169456198,MTHFS,protein_coding
Lung,15q25.1 CHRNA3/IREB2,ENSG00000136371,LUSC,770,0.9042835548588652,0.0561108186821865,0.0337261967945882,0.0020889209012948,0.0037905087630652,9.71676e-05,3.153602119074753,0.0069250973952169,0.0,MTHFS,protein_coding
Lung,15q25.1 CHRNA3/IREB2,ENSG00000136371,SCLC,775,0.6244345161260653,0.0250871158663027,0.3290883957737443,0.0132131915162341,0.0081767807176534,0.00264198,4.335332248208116,8.292675155657844e-05,0.0,MTHFS,protein_coding
Lung,15q25.1 CHRNA3/IREB2,ENSG00000136371,PRAD,859,0.9232877983351152,0.0611418523043976,0.0135536650314275,0.0008964289020828,0.0011202554269764,9.71676e-05,3.007853403141361,0.0108499907948762,0.0,MTHFS,protein_coding
Lung,15q25.1 CHRNA3/IREB2,ENSG00000136378,LUAD,2538,2.9938701351993703e-42,5.453360128387653e-43,0.8201397071614985,0.1493586494142003,0.030501643424301,0.000265186,14.599018786645926,5.237396922046819e-47,95.41372641706135,ADAMTS7,protein_coding
Lung,15q25.1 CHRNA3/IREB2,ENSG00000136378,LUSC,2489,3.144565252461765e-35,5.5759442416518643e-36,0.8262188900039834,0.1464778601731684,0.0273032498228481,0.000265186,13.465568229826784,4.231852513754322e-40,79.25390706814319,ADAMTS7,protein_coding
Lung,15q25.1 CHRNA3/IREB2,ENSG00000136378,SCLC,2373,2.2817343287459645e-15,3.121849267662798e-16,0.8501018255348528,0.1162765784149807,0.0336215960501636,0.00169744,9.413770556118612,5.709684785810526e-20,33.55144142867919,ADAMTS7,protein_coding
Lung,15q25.1 CHRNA3/IREB2,ENSG00000136378,PRAD,2808,0.7892443808725873,0.1534038190830505,0.0452612029161914,0.0087940310448655,0.0032965660833049,0.000265186,3.3908045977011496,0.0031866728191422,0.0,ADAMTS7,protein_coding
Lung,15q25.1 CHRNA3/IREB2,ENSG00000136381,LUAD,2538,3.4021034566980193e-44,3.594496025885581e-42,0.0093197099630496,0.9846689361005482,0.0060113539364019,1.67179e-07,14.599018786645926,5.237396922046819e-47,100.07390038788688,IREB2,protein_coding
Lung,15q25.1 CHRNA3/IREB2,ENSG00000136381,LUSC,2489,3.5327366007313927e-37,3.711369679262041e-35,0.0092820898235382,0.9751283462770864,0.0155895638993754,1.67179e-07,13.465568229826784,4.231852513754322e-40,83.90838944973774,IREB2,protein_coding
Lung,15q25.1 CHRNA3/IREB2,ENSG00000136381,SCLC,2373,2.5025816632769447e-17,2.6443904466959897e-15,0.0093238253625741,0.985210524591327,0.0054656500460963,1.67179e-07,9.413770556118612,5.709684785810526e-20,38.21172378644828,IREB2,protein_coding
Lung,15q25.1 CHRNA3/IREB2,ENSG00000136381,PRAD,2808,0.0088012809697514,0.93063035439976,0.000504731580672,0.0533626359678328,0.0067009970819837,1.67179e-07,3.3908045977011496,0.0031866728191422,4.660964881339064,IREB2,protein_coding
Lung,15q25.1 CHRNA3/IREB2,ENSG00000136425,LUAD,2368,2.732664296445496e-42,8.267272151308998e-43,0.7485850737170487,0.2264483891867133,0.0249665370962379,2.55508e-05,14.599018786645926,5.237396922046819e-47,95.41372641706135,CIB2,protein_coding
Lung,15q25.1 CHRNA3/IREB2,ENSG00000136425,LUSC,2343,2.8649243740527355e-35,8.469472086046642e-36,0.7527446391586652,0.2225064203642457,0.0247489404770888,2.55508e-05,13.465568229826784,4.231852513754322e-40,79.25390706814319,CIB2,protein_coding
Lung,15q25.1 CHRNA3/IREB2,ENSG00000136425,SCLC,2218,2.026443011046752e-15,5.836520049603819e-16,0.7549883793789304,0.2174226323820049,0.0275889882390621,2.55508e-05,9.413770556118612,5.709684785810526e-20,33.55144142867919,CIB2,protein_coding
Lung,15q25.1 CHRNA3/IREB2,ENSG00000136425,PRAD,2628,0.7146793649999503,0.2283424535121594,0.039179102999633,0.0125125682697952,0.0052865102184621,2.55508e-05,3.3908045977011496,0.0031866728191422,0.0,CIB2,protein_coding
Lung,15q25.1 CHRNA3/IREB2,ENSG00000140379,LUAD,602,0.9373194548380532,0.0284724000092073,0.0315309952700646,0.0009560773657677,0.001721072516907,0.00869747,3.383261300198091,0.0032691393883295,0.0,BCL2A1,protein_coding
Lung,15q25.1 CHRNA3/IREB2,ENSG00000140379,LUSC,580,0.9555639310237324,0.0279606783212882,0.0152162948281613,0.0004444280953312,0.0008146677314866,0.00257264,2.965441052621149,0.0123152084839295,0.0,BCL2A1,protein_coding
Lung,15q25.1 CHRNA3/IREB2,ENSG00000140379,SCLC,596,0.9166311586032434,0.0289847022513571,0.0504628592656615,0.0015933531024341,0.0023279267773038,0.00257264,3.741261704875686,0.0009132329407445,0.0,BCL2A1,protein_coding
Lung,15q25.1 CHRNA3/IREB2,ENSG00000140379,PRAD,653,0.9547681280687302,0.0337532140103376,0.01040423239476,0.0003671058407139,0.000707319685458,0.00257264,2.544871794871795,0.0392349940062933,0.0,BCL2A1,protein_coding
Lung,15q25.1 CHRNA3/IREB2,ENSG00000140382,LUAD,556,5.484636943926799e-07,2.689485404762865e-08,0.9301227976246688,0.0455858693025382,0.0242907577142443,0.000449527,7.228215976629395,4.515283671278068e-12,14.343706089042312,HMG20A,protein_coding
Lung,15q25.1 CHRNA3/IREB2,ENSG00000140382,LUSC,574,1.0302593803804708e-16,5.4007167114419866e-18,0.9272044020867388,0.0485807132007098,0.0242148847125511,0.000449527,9.874720357941834,6.698080361220931e-22,36.735969652506775,HMG20A,protein_coding
Lung,15q25.1 CHRNA3/IREB2,ENSG00000140382,SCLC,539,0.0010683532313091,4.79517841168716e-05,0.9326878773904912,0.0418382459515838,0.0243575716424989,0.000449527,6.048334140696486,1.1382679958317974e-08,6.771952181537113,HMG20A,protein_coding
Lung,15q25.1 CHRNA3/IREB2,ENSG00000140382,PRAD,591,0.9329272985421851,0.0498136871939828,0.0143454392982806,0.0007638255060416,0.0021497494595096,0.000449527,3.3908045977011496,0.0031866728191422,0.0,HMG20A,protein_coding
Lung,15q25.1 CHRNA3/IREB2,ENSG00000140395,LUAD,2538,3.153820566658666e-42,4.407856168355691e-43,0.8639564707796193,0.1207333430243263,0.0153101861960543,0.0016361,14.599018786645926,5.237396922046819e-47,95.41372641706135,WDR61,protein_coding
Lung,15q25.1 CHRNA3/IREB2,ENSG00000140395,LUSC,2489,3.306610762736915e-35,4.4216382676469824e-36,0.8687955423806035,0.1161613045514188,0.0150431530679775,0.0016361,13.465568229826784,4.231852513754322e-40,79.25390706814319,WDR61,protein_coding
Lung,15q25.1 CHRNA3/IREB2,ENSG00000140395,SCLC,2373,2.355258848901389e-15,2.8735799029166723e-16,0.8774947292652586,0.1070450108262367,0.015460259908502,0.0016361,9.413770556118612,5.709684785810526e-20,33.55144142867919,WDR61,protein_coding
Lung,15q25.1 CHRNA3/IREB2,ENSG00000140395,PRAD,2808,0.8162574127681494,0.1261920411517642,0.0468103331319236,0.0072332928841533,0.0035069200640091,0.0016361,3.3908045977011496,0.0031866728191422,0.0,WDR61,protein_coding
Lung,15q25.1 CHRNA3/IREB2,ENSG00000140403,LUAD,2538,9.704279441970121e-44,3.551178711394928e-42,0.0265838681717592,0.972808009793406,0.0006081220348349,2.64629e-07,14.599018786645926,5.237396922046819e-47,99.01360858988254,DNAJA4,protein_coding
Lung,15q25.1 CHRNA3/IREB2,ENSG00000140403,LUSC,2489,1.0072040267248556e-36,3.7031365823109296e-35,0.0264637851708332,0.9729801744993885,0.0005560403297781,2.64629e-07,13.465568229826784,4.231852513754322e-40,82.85849357345926,DNAJA4,protein_coding
Lung,15q25.1 CHRNA3/IREB2,ENSG00000140403,SCLC,2373,7.104338059242973e-17,2.611329782791784e-15,0.026468509840488,0.972898002193632,0.0006334879658774,2.64629e-07,9.413770556118612,5.709684785810526e-20,37.15576495871507,DNAJA4,protein_coding
Lung,15q25.1 CHRNA3/IREB2,ENSG00000140403,PRAD,2808,0.0248829545811258,0.9162592424329536,0.0014269755778375,0.0525402988965223,0.0048905285115605,2.64629e-07,3.3908045977011496,0.0031866728191422,3.6061163263081735,DNAJA4,protein_coding
Lung,15q25.1 CHRNA3/IREB2,ENSG00000166411,LUAD,2369,3.238281048343336e-42,3.539130910119062e-43,0.8870935447298798,0.0969348531549517,0.0159716021151683,0.0022877,14.599018786645926,5.237396922046819e-47,95.41372641706135,IDH3A,protein_coding
Lung,15q25.1 CHRNA3/IREB2,ENSG00000166411,LUSC,2343,3.387191737529319e-35,3.63112904649866e-36,0.8899677929790918,0.0953914701049779,0.0146407369159303,0.0022877,13.465568229826784,4.231852513754322e-40,79.25390706814319,IDH3A,protein_coding
Lung,15q25.1 CHRNA3/IREB2,ENSG00000166411,SCLC,2219,2.397639936014489e-15,2.4078837928102464e-16,0.8932845778331235,0.0896930890569731,0.0170223331099007,0.0022877,9.413770556118612,5.709684785810526e-20,33.55144142867919,IDH3A,protein_coding
Lung,15q25.1 CHRNA3/IREB2,ENSG00000166411,PRAD,2629,0.8434240918102333,0.101851395411994,0.0462495871003204,0.0055821800892248,0.0028927455882273,0.0022877,3.3908045977011496,0.0031866728191422,0.0,IDH3A,protein_coding
Lung,15q25.1 CHRNA3/IREB2,ENSG00000166426,LUAD,2538,2.6521447182390917e-42,8.929838124403329e-43,0.7265275694470547,0.2445947864969453,0.028877644056,0.000118889,14.599018786645926,5.237396922046819e-47,95.41372641706135,CRABP1,protein_coding
Lung,15q25.1 CHRNA3/IREB2,ENSG00000166426,LUSC,2489,2.7557762771373685e-35,9.419085176709919e-36,0.7240665192154193,0.2474533010764429,0.0284801797081377,0.000118889,13.465568229826784,4.231852513754322e-40,79.25390706814319,CRABP1,protein_coding
Lung,15q25.1 CHRNA3/IREB2,ENSG00000166426,SCLC,2373,1.953316785273416e-15,6.543671003927801e-16,0.7277438674998669,0.2437679343764435,0.028488198123687,0.000118889,9.413770556118612,5.709684785810526e-20,33.55144142867919,CRABP1,protein_coding
Lung,15q25.1 CHRNA3/IREB2,ENSG00000166426,PRAD,2808,0.6885574173137481,0.2530382928608274,0.0394870558977314,0.0145067064298105,0.0044105274978824,0.000118889,3.3908045977011496,0.0031866728191422,0.0,CRABP1,protein_coding
Lung,15q25.1 CHRNA3/IREB2,ENSG00000166557,LUAD,2206,2.9990453240833426e-42,4.811745496267549e-43,0.8215573965415104,0.1317661064238828,0.0466764970346068,0.00165602,14.599018786645926,5.237396922046819e-47,95.41372641706135,TMED3,protein_coding
Lung,15q25.1 CHRNA3/IREB2,ENSG00000166557,LUSC,2140,3.0904361995728607e-35,5.494765676468725e-36,0.8119967504062041,0.1443285622853516,0.0436746873084443,0.00165602,13.465568229826784,4.231852513754322e-40,79.25390706814319,TMED3,protein_coding
Lung,15q25.1 CHRNA3/IREB2,ENSG00000166557,SCLC,2049,2.218631334399718e-15,3.587837663419724e-16,0.8265916517102155,0.1336316726675656,0.0397766756222163,0.00165602,9.413770556118612,5.709684785810526e-20,33.55144142867919,TMED3,protein_coding
Lung,15q25.1 CHRNA3/IREB2,ENSG00000166557,PRAD,2455,0.7808841687632911,0.1682071810058529,0.0390479015904808,0.008407701530567,0.003453047109808,0.0011935,3.3908045977011496,0.0031866728191422,0.0,TMED3,protein_coding
Lung,15q25.1 CHRNA3/IREB2,ENSG00000167202,LUAD,2266,3.098263507659751e-42,4.779265575952837e-43,0.8487371900358037,0.1309026690120156,0.0203601409521807,6.44366e-05,14.599018786645926,5.237396922046819e-47,95.41372641706135,TBC1D2B,protein_coding
Lung,15q25.1 CHRNA3/IREB2,ENSG00000167202,LUSC,2224,3.2270888488946136e-35,5.003623526536727e-36,0.8479015547826861,0.131447069730209,0.0206513754871048,6.44366e-05,13.465568229826784,4.231852513754322e-40,79.25390706814319,TBC1D2B,protein_coding
Lung,15q25.1 CHRNA3/IREB2,ENSG00000167202,SCLC,2100,2.292961398264634e-15,3.3379072886675463e-16,0.854284675471845,0.124338459589899,0.0213768649382535,6.44366e-05,9.413770556118612,5.709684785810526e-20,33.55144142867919,TBC1D2B,protein_coding
Lung,15q25.1 CHRNA3/IREB2,ENSG00000167202,PRAD,2502,0.8128906096263907,0.1343251614128736,0.0425606107864975,0.0070296845940169,0.003193933580221,6.44366e-05,3.3908045977011496,0.0031866728191422,0.0,TBC1D2B,protein_coding
Lung,15q25.1 CHRNA3/IREB2,ENSG00000169330,LUAD,1956,3.144055213364765e-42,3.5363360926227053e-43,0.8612813534134297,0.0968323773579446,0.0418862692286256,0.00618991,14.599018786645926,5.237396922046819e-47,95.41372641706135,KIAA1024,protein_coding
Lung,15q25.1 CHRNA3/IREB2,ENSG00000169330,LUSC,1889,3.080726439673628e-35,3.2863479652877894e-36,0.8094455592548584,0.0862428477136631,0.1043115930314785,0.00618991,13.465568229826784,4.231852513754322e-40,79.2539070681429,KIAA1024,protein_coding
Lung,15q25.1 CHRNA3/IREB2,ENSG00000169330,SCLC,1808,2.340499594552998e-15,2.36684398898673e-16,0.8719955907996992,0.0881412040896848,0.0398632051106134,0.010665,9.413770556118612,5.709684785810526e-20,33.55144107487534,KIAA1024,protein_coding
Lung,15q25.1 CHRNA3/IREB2,ENSG00000169330,PRAD,2189,0.8515140565843823,0.1060223414078549,0.0354003055868335,0.0044050473617262,0.0026582490592031,0.00618991,3.3072519083969465,0.0042156242655139,0.0,KIAA1024,protein_coding
Lung,15q25.1 CHRNA3/IREB2,ENSG00000169684,LUAD,2538,1.5269509218412986e-54,3.650438925735597e-42,4.182923858871747e-13,0.9999999252273788,7.47722028497638e-08,2.86969e-18,14.599018786645926,5.237396922046819e-47,123.91632206143386,CHRNA5,protein_coding
Lung,15q25.1 CHRNA3/IREB2,ENSG00000169684,LUSC,2489,1.5920088133195158e-47,3.8059710100230957e-35,4.182924026103995e-13,0.999999965247214,3.4752367508310064e-08,2.86969e-18,13.465568229826784,4.231852513754322e-40,107.75650271255576,CHRNA5,protein_coding
Lung,15q25.1 CHRNA3/IREB2,ENSG00000169684,SCLC,2373,1.122726799475537e-27,2.684071551280038e-15,4.1829238828852193e-13,0.999999910883594,8.911598518196119e-08,2.86969e-18,9.413770556118612,5.709684785810526e-20,62.05403705296706,CHRNA5,protein_coding
Lung,15q25.1 CHRNA3/IREB2,ENSG00000169684,PRAD,2808,3.916748757822578e-13,0.9360529422362972,2.2461580290701844e-14,0.0536700318690695,0.0102770258942191,2.86969e-18,3.3908045977011496,0.0031866728191422,28.50226105589026,CHRNA5,protein_coding
Lung,15q25.1 CHRNA3/IREB2,ENSG00000169783,LUAD,1487,2.7844169034783225e-42,7.414325664323873e-43,0.7627621642587266,0.2030736061324389,0.0341642296088345,0.000753621,14.599018786645926,5.237396922046819e-47,95.41372641706135,LINGO1,protein_coding
Lung,15q25.1 CHRNA3/IREB2,ENSG00000169783,LUSC,1441,2.8367835176533236e-35,7.218343796757149e-36,0.7453507690140144,0.1895933394862031,0.0650558914997825,0.000753621,13.465568229826784,4.231852513754322e-40,79.25390706814319,LINGO1,protein_coding
Lung,15q25.1 CHRNA3/IREB2,ENSG00000169783,SCLC,1325,2.0997581916497176e-15,4.963880849167849e-16,0.7823032898331375,0.1849056620598063,0.0327910481070535,0.000753621,9.413770556118612,5.709684785810526e-20,33.55144142867918,LINGO1,protein_coding
Lung,15q25.1 CHRNA3/IREB2,ENSG00000169783,PRAD,1659,0.7479511682730497,0.2091654451653016,0.0292674596815158,0.0081792436713607,0.0054366832087719,0.000753621,3.3908045977011496,0.0031866728191422,0.0,LINGO1,protein_coding
Lung,15q25.1 CHRNA3/IREB2,ENSG00000173517,LUAD,555,0.0024439775286342,5.026204873424119e-05,0.9599496528669998,0.0197241811115325,0.0178319264440992,0.0308373,5.943628305363278,2.132557636732608e-08,5.973253991392488,PEAK1,protein_coding
Lung,15q25.1 CHRNA3/IREB2,ENSG00000173517,LUSC,573,1.0393833294382178e-08,2.2370610100912454e-10,0.9614668853165634,0.0206757599259973,0.0178573441398999,0.0308373,7.760196310712472,8.380167576744314e-14,18.342758003933376,PEAK1,protein_coding
Lung,15q25.1 CHRNA3/IREB2,ENSG00000173517,SCLC,538,0.4149621823979735,0.0084413029693083,0.5547352975687521,0.0112740284056762,0.0105871886582898,0.0308373,4.809196013289037,9.500338322306043e-06,0.290303669329651,PEAK1,protein_coding
Lung,15q25.1 CHRNA3/IREB2,ENSG00000173517,PRAD,591,0.9629611829770868,0.0212121188267206,0.0148072644230527,0.0003254806196048,0.0006939531535351,0.0308373,3.3908045977011496,0.0031866728191422,0.0,PEAK1,protein_coding
Lung,15q25.1 CHRNA3/IREB2,ENSG00000177699,LUAD,2538,2.868146389386835e-42,5.332051911715477e-43,0.7856989894891961,0.1459977348610724,0.0683032756497314,0.000875977,14.599018786645926,5.237396922046819e-47,95.41372641706135,RP11-16K12.1,antisense
Lung,15q25.1 CHRNA3/IREB2,ENSG00000177699,LUSC,2489,3.0404516829285344e-35,5.548818027003765e-36,0.7988635671062454,0.1457370362195411,0.0553993966742135,0.000875977,13.465568229826784,4.231852513754322e-40,79.25390706814319,RP11-16K12.1,antisense
Lung,15q25.1 CHRNA3/IREB2,ENSG00000177699,SCLC,2373,2.1261199274575525e-15,3.676337552594987e-16,0.7921248362998715,0.1368976969915919,0.070977466708534,0.000875977,9.413770556118612,5.709684785810526e-20,33.55144142867919,RP11-16K12.1,antisense
Lung,15q25.1 CHRNA3/IREB2,ENSG00000177699,PRAD,2808,0.7858920554974907,0.1567234518590017,0.0450689553909375,0.0089843691288028,0.003331168123767,0.000875977,3.3908045977011496,0.0031866728191422,0.0,RP11-16K12.1,antisense
Lung,15q25.1 CHRNA3/IREB2,ENSG00000180953,LUAD,728,0.028022761728859,0.0012150818952782,0.885578623454464,0.038352330258171,0.0468312026632276,0.011334,5.431389993719908,3.927868919036271e-07,3.453224144355626,ST20,protein_coding
Lung,15q25.1 CHRNA3/IREB2,ENSG00000180953,LUSC,726,0.927074288981596,0.0407446340524408,0.0289530180902424,0.0012705188308579,0.001957540044863,0.011334,3.137061582937872,0.0072949154473187,0.0,ST20,protein_coding
Lung,15q25.1 CHRNA3/IREB2,ENSG00000180953,SCLC,731,0.7324562718302013,0.0301771009291443,0.215998579489491,0.0088866313149204,0.0124814164362428,0.019329,4.335332248208116,8.292675155657844e-05,0.0,ST20,protein_coding
Lung,15q25.1 CHRNA3/IREB2,ENSG00000180953,PRAD,811,0.939356428531813,0.0456418233397637,0.0133486355614104,0.0006475832785541,0.0010055292884585,0.011334,3.007853403141361,0.0108499907948762,0.0,ST20,protein_coding
Lung,15q25.1 CHRNA3/IREB2,ENSG00000183476,LUAD,2266,2.944091155252461e-42,5.7212764802639864e-43,0.8065032713133091,0.156691636865172,0.0368050918215187,0.000520082,14.599018786645926,5.237396922046819e-47,95.41372641706135,SH2D7,protein_coding
Lung,15q25.1 CHRNA3/IREB2,ENSG00000183476,LUSC,2224,3.048439648230934e-35,6.16651443477731e-36,0.8009623652852217,0.1619850491184998,0.0370525855962784,0.000520082,13.465568229826784,4.231852513754322e-40,79.25390706814319,SH2D7,protein_coding
Lung,15q25.1 CHRNA3/IREB2,ENSG00000183476,SCLC,2100,2.1747888500219065e-15,4.179979941791206e-16,0.8102573328826399,0.1556987482142063,0.0340439189031512,0.000520082,9.413770556118612,5.709684785810526e-20,33.55144142867919,SH2D7,protein_coding
Lung,15q25.1 CHRNA3/IREB2,ENSG00000183476,PRAD,2502,0.7772758801818337,0.1695292109421195,0.0406959261411024,0.0088724346074636,0.0036265481274807,0.00104766,3.3908045977011496,0.0031866728191422,0.0,SH2D7,protein_coding
Lung,15q25.1 CHRNA3/IREB2,ENSG00000185787,LUAD,2538,2.450341776323085e-42,1.1577637652104966e-42,0.6712457441796734,0.31714578061733,0.0116084752029965,5.11793e-05,14.599018786645926,5.237396922046819e-47,95.41372641706135,MORF4L1,protein_coding
Lung,15q25.1 CHRNA3/IREB2,ENSG00000185787,LUSC,2489,2.55673955075996e-35,1.2014023907415084e-35,0.6717706086729909,0.3156499271253822,0.0125794642016268,5.11793e-05,13.465568229826784,4.231852513754322e-40,79.25390706814319,MORF4L1,protein_coding
Lung,15q25.1 CHRNA3/IREB2,ENSG00000185787,SCLC,2373,1.8140127545605614e-15,8.393861319293202e-16,0.6758436049138866,0.312717205022394,0.0114391900637164,5.11793e-05,9.413770556118612,5.709684785810526e-20,33.55144142867919,MORF4L1,protein_coding
Lung,15q25.1 CHRNA3/IREB2,ENSG00000185787,PRAD,2808,0.6358607253634224,0.3010055996213614,0.0364650316360714,0.0172525066003964,0.0094161367787479,5.11793e-05,3.3908045977011496,0.0031866728191422,0.0,MORF4L1,protein_coding
Lung,15q25.1 CHRNA3/IREB2,ENSG00000188266,LUAD,2538,2.9284399822205e-42,5.511865247367983e-43,0.8022157946067379,0.1509449989745999,0.0468392064186621,0.00174416,14.599018786645926,5.237396922046819e-47,95.41372641706135,HYKK,protein_coding
Lung,15q25.1 CHRNA3/IREB2,ENSG00000188266,LUSC,2489,3.0923782948081496e-35,5.710870534491727e-36,0.8125070262760802,0.1500128045329761,0.0374801691909436,0.00174416,13.465568229826784,4.231852513754322e-40,79.25390706814319,HYKK,protein_coding
Lung,15q25.1 CHRNA3/IREB2,ENSG00000188266,SCLC,2373,2.1902453313518758e-15,3.815167071969349e-16,0.8160159274873735,0.1420991369942385,0.0418849355183854,0.00300273,9.413770556118612,5.709684785810526e-20,33.55144142867919,HYKK,protein_coding
Lung,15q25.1 CHRNA3/IREB2,ENSG00000188266,PRAD,2808,0.7841846544573398,0.1583305035545472,0.0449710401864578,0.0090764233375313,0.0034373784641238,0.00174416,3.3908045977011496,0.0031866728191422,0.0,HYKK,protein_coding
Lung,15q25.1 CHRNA3/IREB2,ENSG00000259322,LUAD,2538,2.949257399600038e-42,5.9364543080048586e-43,0.8079185104302404,0.1625935276626671,0.0294879619070923,0.00335951,14.599018786645926,5.237396922046819e-47,95.41372641706135,RP11-762H8.1,antisense
Lung,15q25.1 CHRNA3/IREB2,ENSG00000259322,LUSC,2489,3.0932575687261385e-35,6.04084936818307e-36,0.8127380511275956,0.1586917443366948,0.0285702045357096,0.00335951,13.465568229826784,4.231852513754322e-40,79.25390706814319,RP11-762H8.1,antisense
Lung,15q25.1 CHRNA3/IREB2,ENSG00000259322,SCLC,2373,2.1868621255723997e-15,4.1653232775577164e-16,0.8147554523421915,0.1551566434160827,0.0300879042417232,0.00335951,9.413770556118612,5.709684785810526e-20,33.55144142867919,RP11-762H8.1,antisense
Lung,15q25.1 CHRNA3/IREB2,ENSG00000259322,PRAD,2808,0.7720081353882788,0.1701245658237249,0.0442727470927669,0.009752378690124,0.003842173005105,0.00335951,3.3908045977011496,0.0031866728191422,0.0,RP11-762H8.1,antisense
Lung,15q25.1 CHRNA3/IREB2,ENSG00000259548,LUAD,982,2.362385329429997e-05,1.513407857986172e-06,0.9121841855461228,0.0584075999643701,0.0293830772283547,0.00867095,6.304874281831099,2.3339123558247922e-09,10.56134027210699,RP11-38G5.2,lincRNA
Lung,15q25.1 CHRNA3/IREB2,ENSG00000259548,LUSC,978,0.1018872226658403,0.0065257856848381,0.8120122606054513,0.0519810669660322,0.0275936640778379,0.00867095,5.049008329115089,2.9132462353733844e-06,2.075648897863127,RP11-38G5.2,lincRNA
Lung,15q25.1 CHRNA3/IREB2,ENSG00000259548,SCLC,979,0.4167691384275215,0.02496109705669,0.5038350722724456,0.0301513582382271,0.0242833340051156,0.00867095,4.335332248208116,8.292675155657844e-05,0.1897165333448889,RP11-38G5.2,lincRNA
Lung,15q25.1 CHRNA3/IREB2,ENSG00000259548,PRAD,1079,0.917763191779061,0.0638040088516647,0.0160912575096291,0.0011174596324558,0.0012240822271893,0.00867095,3.007853403141361,0.0108499907948762,0.0,RP11-38G5.2,lincRNA
Lung,15q25.1 CHRNA3/IREB2,ENSG00000259562,LUAD,2538,3.2945675837079867e-56,3.650439198415499e-42,9.025126579667423e-15,0.9999999999999908,2.754487541048966e-16,6.935079999999999e-20,14.599018786645926,5.237396922046819e-47,127.75249028240354,RP11-762H8.2,transcribed_processed_pseudogene
Lung,15q25.1 CHRNA3/IREB2,ENSG00000259562,LUSC,2489,3.434937131654499e-49,3.8059711421588665e-35,9.025126579667166e-15,0.9999999999999908,2.767437661427548e-16,6.935079999999999e-20,13.465568229826784,4.231852513754322e-40,111.5926709334854,RP11-762H8.2,transcribed_processed_pseudogene
Lung,15q25.1 CHRNA3/IREB2,ENSG00000259562,SCLC,2373,2.4224087655791448e-29,2.6840717902356627e-15,9.025126579667332e-15,0.999999999999988,3.1743563977035473e-16,6.935079999999999e-20,9.413770556118612,5.709684785810526e-20,65.89020529402137,RP11-762H8.2,transcribed_processed_pseudogene
Lung,15q25.1 CHRNA3/IREB2,ENSG00000259562,PRAD,2808,8.482178147937862e-15,0.9398403527156172,4.864318272379045e-16,0.0538912390609538,0.0062684082234198,6.935079999999999e-20,3.3908045977011496,0.0031866728191422,32.338763865342166,RP11-762H8.2,transcribed_processed_pseudogene
Lung,15q25.1 CHRNA3/IREB2,ENSG00000259642,LUAD,714,0.0415148991573793,0.0017898426758748,0.8871670544549939,0.0382173537722292,0.0313108499395226,0.00237535,5.431389993719908,3.927868919036271e-07,3.06198092240702,ST20-AS1,antisense
Lung,15q25.1 CHRNA3/IREB2,ENSG00000259642,LUSC,712,0.9383927966700945,0.0387506527177813,0.0206481537242885,0.0008513023003615,0.0013570945874741,0.00237535,2.965441052621149,0.0123152084839295,0.0,ST20-AS1,antisense
Lung,15q25.1 CHRNA3/IREB2,ENSG00000259642,SCLC,717,0.8421723676697244,0.0332227368243573,0.1149819599266452,0.0045308147087035,0.0050921208705694,0.00237535,4.162130582233749,0.0001730957771038,0.0,ST20-AS1,antisense
Lung,15q25.1 CHRNA3/IREB2,ENSG00000259642,PRAD,796,0.941784544126572,0.0437498402748155,0.0130637088735764,0.0006060682050449,0.0007958385199909,0.00237535,3.007853403141361,0.0108499907948762,0.0,ST20-AS1,antisense
Lung,15q25.1 CHRNA3/IREB2,ENSG00000259792,LUAD,2038,2.930803507977851e-42,4.7018395266271025e-43,0.8028632580019306,0.1287336196223918,0.0684031223756775,0.00224745,14.599018786645926,5.237396922046819e-47,95.41372641706135,RP11-114H24.6,antisense
Lung,15q25.1 CHRNA3/IREB2,ENSG00000259792,LUSC,2010,2.954632933327775e-35,4.633196655812025e-36,0.7763151172112527,0.1216328872027146,0.1020519955860327,0.00224745,13.465568229826784,4.231852513754322e-40,79.25390706814319,RP11-114H24.6,antisense
Lung,15q25.1 CHRNA3/IREB2,ENSG00000259792,SCLC,1876,2.148190705449611e-15,3.1956119040350673e-16,0.8003477080100654,0.1189776872341591,0.0806746047557731,0.00234378,9.413770556118612,5.709684785810526e-20,33.55144142867919,RP11-114H24.6,antisense
Lung,15q25.1 CHRNA3/IREB2,ENSG00000259792,PRAD,2258,0.8109246957717443,0.1396955476991116,0.0396316577185283,0.0068243021591997,0.0029237966514159,0.00224745,3.3908045977011496,0.0031866728191422,0.0,RP11-114H24.6,antisense
Lung,15q25.1 CHRNA3/IREB2,ENSG00000260139,LUAD,1757,3.1265477996861455e-42,4.2292359747197336e-43,0.8564853788122861,0.1158278512857785,0.0276867699019352,0.000174062,14.599018786645926,5.237396922046819e-47,95.41372641706135,CSPG4P13,transcribed_unprocessed_pseudogene
Lung,15q25.1 CHRNA3/IREB2,ENSG00000260139,LUSC,1714,3.2785593271380654e-35,4.265407384003946e-36,0.8614251671068337,0.1120449289875143,0.0265299039056519,0.000174062,13.465568229826784,4.231852513754322e-40,79.25390706814319,CSPG4P13,transcribed_unprocessed_pseudogene
Lung,15q25.1 CHRNA3/IREB2,ENSG00000260139,SCLC,1592,2.378176928615727e-15,2.2707379166995545e-16,0.8860332787175166,0.0845710954996852,0.0293956257827956,0.000333544,9.413770556118612,5.709684785810526e-20,33.55144142867919,CSPG4P13,transcribed_unprocessed_pseudogene
Lung,15q25.1 CHRNA3/IREB2,ENSG00000260139,PRAD,1943,0.8348560730424834,0.1216141512947571,0.0355735282696285,0.0051792472897897,0.0027770001033411,0.000174062,3.3908045977011496,0.0031866728191422,0.0,CSPG4P13,transcribed_unprocessed_pseudogene
Lung,15q25.1 CHRNA3/IREB2,ENSG00000260776,LUAD,1837,1.1916321092392938e-42,2.401715582132149e-42,0.3264352710645118,0.657909446764354,0.0156552821711341,2.15021e-06,14.599018786645926,5.237396922046819e-47,96.11456204190596,RP11-114H24.2,transcribed_unprocessed_pseudogene
Lung,15q25.1 CHRNA3/IREB2,ENSG00000260776,LUSC,1789,1.2400336537471072e-35,2.505689391537439e-35,0.3258126789273793,0.658341587348667,0.0158457337239537,2.15021e-06,13.465568229826784,4.231852513754322e-40,79.9573083827755,RP11-114H24.2,transcribed_unprocessed_pseudogene
Lung,15q25.1 CHRNA3/IREB2,ENSG00000260776,SCLC,1669,8.788416799353722e-16,1.7639971632916414e-15,0.3274285297183496,0.6571940048278281,0.0153774654538197,2.15021e-06,9.413770556118612,5.709684785810526e-20,34.24815089111378,RP11-114H24.2,transcribed_unprocessed_pseudogene
Lung,15q25.1 CHRNA3/IREB2,ENSG00000260776,PRAD,2026,0.3119932943452103,0.6390970616841065,0.0140608502072626,0.0287966439822033,0.0060521497812172,2.15021e-06,3.3908045977011496,0.0031866728191422,0.7170746439665159,RP11-114H24.2,transcribed_unprocessed_pseudogene
Lung,15q25.1 CHRNA3/IREB2,ENSG00000260988,LUAD,2389,2.8570580685030077e-42,5.2890339274378596e-43,0.7826614588576379,0.1448150815643198,0.0725234595780421,0.00311723,14.599018786645926,5.237396922046819e-47,95.41372641706135,RP11-285A1.1,lincRNA
Lung,15q25.1 CHRNA3/IREB2,ENSG00000260988,LUSC,2358,3.0168941354290816e-35,5.459455672738569e-36,0.7926739385936947,0.1433805386527554,0.0639455227535498,0.00460299,13.465568229826784,4.231852513754322e-40,79.25390706814319,RP11-285A1.1,lincRNA
Lung,15q25.1 CHRNA3/IREB2,ENSG00000260988,SCLC,2238,2.1236864200742668e-15,3.58220422905157e-16,0.7912181886490379,0.1333861698085003,0.0753956415424592,0.00311723,9.413770556118612,5.709684785810526e-20,33.55144142867919,RP11-285A1.1,lincRNA
Lung,15q25.1 CHRNA3/IREB2,ENSG00000260988,PRAD,2649,0.7813056703734894,0.1631538872635854,0.0430976050258609,0.0089962856380834,0.0034465516989807,0.00311723,3.3908045977011496,0.0031866728191422,0.0,RP11-285A1.1,lincRNA
Lung,15q25.1 CHRNA3/IREB2,ENSG00000261143,LUAD,1961,3.1666919310862164e-42,3.601825243170942e-43,0.8674824477177197,0.0986343878955552,0.0338831643867251,0.000998204,14.599018786645926,5.237396922046819e-47,95.41372641706135,ADAMTS7P3,transcribed_unprocessed_pseudogene
Lung,15q25.1 CHRNA3/IREB2,ENSG00000261143,LUSC,1934,3.319808660700961e-35,3.818040514620389e-36,0.8722632244704261,0.1002896696564632,0.0274471058731106,0.000998204,13.465568229826784,4.231852513754322e-40,79.25390706814319,ADAMTS7P3,transcribed_unprocessed_pseudogene
Lung,15q25.1 CHRNA3/IREB2,ENSG00000261143,SCLC,1799,2.365421312605196e-15,2.234690880580853e-16,0.8812809408490085,0.0832219958513965,0.0354970632995923,0.00227502,9.413770556118612,5.709684785810526e-20,33.55144142867919,ADAMTS7P3,transcribed_unprocessed_pseudogene
Lung,15q25.1 CHRNA3/IREB2,ENSG00000261143,PRAD,2181,0.8476717073749255,0.1050716865072349,0.039734546996073,0.00492262790521,0.0025994312165566,0.000998204,3.3908045977011496,0.0031866728191422,0.0,ADAMTS7P3,transcribed_unprocessed_pseudogene
Lung,15q25.1 CHRNA3/IREB2,ENSG00000261229,LUAD,935,5.6065830967793455e-05,3.492000149039498e-06,0.9003890805494469,0.056036253071082,0.0435151085483541,0.00701754,6.14480671853773,6.3214020875718925e-09,9.684055707298198,RP11-38G5.4,lincRNA
Lung,15q25.1 CHRNA3/IREB2,ENSG00000261229,LUSC,930,0.2863694983738453,0.0187106883882612,0.6243247066414555,0.0407620288537646,0.0298330777426733,0.00701754,4.492967464571945,4.135247353354048e-05,0.7793876669112727,RP11-38G5.4,lincRNA
Lung,15q25.1 CHRNA3/IREB2,ENSG00000261229,SCLC,932,0.4186569440767292,0.0263402996914797,0.494318278356126,0.0310710090793162,0.0296134687963488,0.00701754,4.335332248208116,8.292675155657844e-05,0.1661277625499853,RP11-38G5.4,lincRNA
Lung,15q25.1 CHRNA3/IREB2,ENSG00000261229,PRAD,1030,0.9159517266123192,0.0657891298013132,0.0157421085466976,0.0011293046329949,0.0013877304066745,0.00701754,3.007853403141361,0.0108499907948762,0.0,RP11-38G5.4,lincRNA
Lung,15q25.1 CHRNA3/IREB2,ENSG00000278600,LUAD,714,0.0418035364679077,0.0014293109715753,0.8933351896976334,0.0305112364385894,0.032920726424294,0.0050323,5.431389993719908,3.927868919036271e-07,3.06198092240702,RP11-81A1.6,sense_intronic
Lung,15q25.1 CHRNA3/IREB2,ENSG00000278600,LUSC,712,0.944486217380566,0.0327989277996917,0.0207822317862504,0.0007204870347569,0.0012121359987349,0.0050323,2.965441052621149,0.0123152084839295,0.0,RP11-81A1.6,sense_intronic
Lung,15q25.1 CHRNA3/IREB2,ENSG00000278600,SCLC,717,0.8485727205191765,0.0269850627685558,0.1158558013670719,0.0036793689105852,0.0049070464346104,0.0050323,4.162130582233749,0.0001730957771038,0.0,RP11-81A1.6,sense_intronic
Lung,15q25.1 CHRNA3/IREB2,ENSG00000278600,PRAD,796,0.94461400935514,0.0399193202667315,0.0131029570330885,0.0005519182290683,0.0018117951159716,0.00140824,3.007853403141361,0.0108499907948762,0.0,RP11-81A1.6,sense_intronic
Lung,15q25.1 CHRNA3/IREB2,ENSG00000279373,LUAD,2538,2.6505245581524272e-42,5.764245966587624e-43,0.7260837433761075,0.1577894196816711,0.1161268369422213,0.0026322,14.599018786645926,5.237396922046819e-47,95.41372641706135,RP11-650L12.4,TEC
Lung,15q25.1 CHRNA3/IREB2,ENSG00000279373,LUSC,2489,2.8000154000011824e-35,5.8268437678230505e-36,0.7356901288570622,0.1529860999922319,0.1113237711507059,0.00300672,13.465568229826784,4.231852513754322e-40,79.25390706814319,RP11-650L12.4,TEC
Lung,15q25.1 CHRNA3/IREB2,ENSG00000279373,SCLC,2373,1.9930633998016988e-15,3.958628761121295e-16,0.7425521951581942,0.1473758774246921,0.1100719274171114,0.0026322,9.413770556118612,5.709684785810526e-20,33.55144142867919,RP11-650L12.4,TEC
Lung,15q25.1 CHRNA3/IREB2,ENSG00000279373,PRAD,2808,0.7612536746167499,0.1805004642362048,0.0436560055067245,0.0103470099934664,0.0042428456468542,0.0026322,3.3908045977011496,0.0031866728191422,0.0,RP11-650L12.4,TEC
Lung,15q25.1 CHRNA3/IREB2,ENSG00000279394,LUAD,821,0.0015894314387807,0.0001485385111174,0.844958295222885,0.0788902049282788,0.0744135298989379,0.00126155,5.929343398685711,2.32129257327296e-08,6.275910904762691,RP11-81A1.4,TEC
Lung,15q25.1 CHRNA3/IREB2,ENSG00000279394,LUSC,814,0.8840012048597897,0.0745241137763969,0.0345248282933659,0.0029065095128193,0.0040433435576278,0.00288068,3.153602119074753,0.0069250973952169,0.0,RP11-81A1.4,TEC
Lung,15q25.1 CHRNA3/IREB2,ENSG00000279394,SCLC,821,0.4527944668641154,0.041215297379582,0.4265834500941323,0.0387888400966284,0.0406179455655418,0.00126155,4.335332248208116,8.292675155657844e-05,0.0,RP11-81A1.4,TEC
Lung,15q25.1 CHRNA3/IREB2,ENSG00000279394,PRAD,907,0.8941080237232707,0.0895430082731494,0.0136760003029567,0.0013683175608003,0.0013046501398226,0.00126155,3.007853403141361,0.0108499907948762,0.0,RP11-81A1.4,TEC
Lung,18p11.32 TYMS,ENSG00000079101,LUAD,2141,9.808948905546437e-08,0.7860159393720404,2.5333758770197053e-08,0.2029948414915116,0.0109890957132001,2.47908e-14,4.16644509438979,0.0001700135595081,15.896607413660528,CLUL1,protein_coding
Lung,18p11.32 TYMS,ENSG00000079101,LUSC,2117,1.1360644593451225e-07,0.9101305592584924,9.087253883965897e-09,0.0727832501410555,0.017086067906752,2.47908e-14,3.2633672633672632,0.0048694078151723,15.896358371838184,CLUL1,protein_coding
Lung,18p11.32 TYMS,ENSG00000079101,SCLC,1949,1.0165870046401113e-07,0.8146187502311251,2.0562281182478653e-08,0.1647505077315113,0.0206306198163819,2.47908e-14,3.830520909757888,0.0006513618584391,15.89660964185167,CLUL1,protein_coding
Lung,18p11.32 TYMS,ENSG00000079101,PRAD,2352,1.190692116809134e-07,0.9541339052954558,4.728408876939699e-09,0.0378820395591778,0.007983931347746,2.47908e-14,3.5,0.0021874911181828,15.896609646702148,CLUL1,protein_coding
Lung,18p11.32 TYMS,ENSG00000079134,LUAD,2141,0.6154285041434652,0.1731789729309432,0.1589478894671156,0.0447195373919891,0.0077250960664869,0.000407452,4.16644509438979,0.0001700135595081,0.0,THOC1,protein_coding
Lung,18p11.32 TYMS,ENSG00000079134,LUSC,2117,0.7204986171957812,0.2001955799551467,0.0576318870258347,0.0160077567284488,0.0056661590947883,0.000407452,3.2633672633672632,0.0048694078151723,0.0,THOC1,protein_coding
Lung,18p11.32 TYMS,ENSG00000079134,SCLC,1949,0.6504628020324388,0.1731706247909658,0.131567676677796,0.0350170585923222,0.009781837906477,0.000407452,3.830520909757888,0.0006513618584391,0.0,THOC1,protein_coding
Lung,18p11.32 TYMS,ENSG00000079134,PRAD,2352,0.7451384135226091,0.2142771039506657,0.0295905132763539,0.0085067633900068,0.0024872058603644,0.000407452,3.5,0.0021874911181828,0.0,THOC1,protein_coding
Lung,18p11.32 TYMS,ENSG00000101557,LUAD,2041,0.6808868389679305,0.1151505217404574,0.1696426469791958,0.028684064314551,0.0056359279978652,0.000140901,4.16644509438979,0.0001700135595081,0.0,USP14,protein_coding
Lung,18p11.32 TYMS,ENSG00000101557,LUSC,2018,0.793071752527978,0.133948473203712,0.0598417039850989,0.0101041283130992,0.0030339419701118,0.000140901,3.2633672633672632,0.0048694078151723,0.0,USP14,protein_coding
Lung,18p11.32 TYMS,ENSG00000101557,SCLC,1868,0.7156089635405684,0.1136635072007879,0.1424496484146606,0.022620284032288,0.005657596811695,0.000140901,3.830520909757888,0.0006513618584391,0.0,USP14,protein_coding
Lung,18p11.32 TYMS,ENSG00000101557,PRAD,2248,0.8166437720374695,0.1451728697782169,0.0309871538946702,0.0055068251178225,0.0016893791718207,0.000140901,3.5,0.0021874911181828,0.0,USP14,protein_coding
Lung,18p11.32 TYMS,ENSG00000132199,LUAD,2141,2.6488040705841826e-19,0.7669092764665704,6.841116617067071e-20,0.1980360617821793,0.0350546617512502,2.57661e-22,4.16644509438979,0.0001700135595081,42.50962175464487,ENOSF1,protein_coding
Lung,18p11.32 TYMS,ENSG00000132199,LUSC,2117,3.1643661420556907e-19,0.9161801642595732,2.5311414575244766e-20,0.0732736912735356,0.0105461444668912,2.57661e-22,3.2633672633672632,0.0048694078151723,42.50962175464487,ENOSF1,protein_coding
Lung,18p11.32 TYMS,ENSG00000132199,SCLC,1949,2.65437750776217e-19,0.7685229559081983,5.368950855158216e-20,0.1553713379700674,0.0761057061217343,2.57661e-22,3.830520909757888,0.0006513618584391,42.50962175464487,ENOSF1,protein_coding
Lung,18p11.32 TYMS,ENSG00000132199,PRAD,2352,2.9858854509386096e-19,0.9539019050079268,1.1857378639222456e-20,0.0378725849168589,0.0082255100752143,2.57661e-22,3.5,0.0021874911181828,42.60802599278907,ENOSF1,protein_coding
Lung,18p11.32 TYMS,ENSG00000132204,LUAD,2141,0.3769832880674351,0.3832876849206859,0.0973641903149876,0.0989490230589655,0.0434158136379259,1.30445e-05,4.16644509438979,0.0001700135595081,0.0165849850507928,LINC00470,lincRNA
Lung,18p11.32 TYMS,ENSG00000132204,LUSC,2117,0.4546136348812781,0.4634739793788248,0.0363640415409187,0.037064286634119,0.0084840575648592,1.30445e-05,3.2633672633672632,0.0048694078151723,0.0193023399017295,LINC00470,lincRNA
Lung,18p11.32 TYMS,ENSG00000132204,SCLC,1949,0.4092078750440968,0.4126599616073786,0.0827695745699609,0.0834559138322189,0.0119066749463447,1.30445e-05,3.830520909757888,0.0006513618584391,0.0084006374520573,LINC00470,lincRNA
Lung,18p11.32 TYMS,ENSG00000132204,PRAD,2352,0.4627938450706324,0.4935361348449275,0.0183782062074054,0.0195933280647711,0.0056984858122634,1.30445e-05,3.5,0.0021874911181828,0.0643143818609495,LINC00470,lincRNA
Lung,18p11.32 TYMS,ENSG00000141433,LUAD,2141,1.5428846892475284e-12,0.788933495973675,3.9848376114514933e-13,0.2037520390109124,0.0073144650134709,6.776410000000002e-18,4.16644509438979,0.0001700135595081,26.960294026175625,ADCYAP1,protein_coding
Lung,18p11.32 TYMS,ENSG00000141433,LUSC,2117,1.7930589547653421e-12,0.9169567900861538,1.4342480144360584e-13,0.0733366523007809,0.0097065576111286,6.776410000000002e-18,3.2633672633672632,0.0048694078151723,26.96040311254118,ADCYAP1,protein_coding
Lung,18p11.32 TYMS,ENSG00000141433,SCLC,1949,1.6040211709857928e-12,0.8202842969648806,3.2444182534218774e-13,0.1659032835770126,0.0138124194561783,6.776410000000002e-18,3.830520909757888,0.0006513618584391,26.96040311250644,ADCYAP1,protein_coding
Lung,18p11.32 TYMS,ENSG00000141433,PRAD,2352,1.0911282075858518e-12,0.9575908666042132,4.3330263380380335e-14,0.038022918158473,0.004386215236179,2.9962e-18,3.5,0.0021874911181828,27.50047423957198,ADCYAP1,protein_coding
Lung,18p11.32 TYMS,ENSG00000158270,LUAD,2141,0.6496376066250003,0.1366267819389322,0.1677831393838739,0.0352761823586583,0.0106762896935351,0.000415782,4.16644509438979,0.0001700135595081,0.0,COLEC12,protein_coding
Lung,18p11.32 TYMS,ENSG00000158270,LUSC,2117,0.7635376774936592,0.1566522503813148,0.0610745338284606,0.0125242288341381,0.0062113094624271,0.000415782,3.2633672633672632,0.0048694078151723,0.0,COLEC12,protein_coding
Lung,18p11.32 TYMS,ENSG00000158270,SCLC,1949,0.6903815182742137,0.1345034130457725,0.1396419473900951,0.0271974330846443,0.0082756882052743,0.000415782,3.830520909757888,0.0006513618584391,0.0,COLEC12,protein_coding
Lung,18p11.32 TYMS,ENSG00000158270,PRAD,2352,0.7844706325677316,0.174724722992892,0.031152452009778,0.0069358525778162,0.0027163398517819,0.000415782,3.5,0.0021874911181828,0.0,COLEC12,protein_coding
Lung,18p11.32 TYMS,ENSG00000173213,LUAD,1741,0.7011594903909432,0.1010526820080734,0.1640235354435925,0.0236293056774118,0.0101349864799791,0.00184426,4.16644509438979,0.0001700135595081,0.0,TUBB8P12,transcribed_unprocessed_pseudogene
Lung,18p11.32 TYMS,ENSG00000173213,LUSC,1683,0.820330921956131,0.114434337712235,0.0527868881787014,0.0073585641193196,0.005089288033613,0.00184426,3.2633672633672632,0.0048694078151723,0.0,TUBB8P12,transcribed_unprocessed_pseudogene
Lung,18p11.32 TYMS,ENSG00000173213,SCLC,1589,0.7369533604453402,0.0935947292254616,0.1374241688607906,0.0174385884344693,0.0145891530339381,0.00184426,3.830520909757888,0.0006513618584391,0.0,TUBB8P12,transcribed_unprocessed_pseudogene
Lung,18p11.32 TYMS,ENSG00000173213,PRAD,1900,0.8402541464283436,0.1245714841873816,0.028059506798941,0.0041569911420402,0.0029578714432935,0.00184426,3.5,0.0021874911181828,0.0,TUBB8P12,transcribed_unprocessed_pseudogene
Lung,18p11.32 TYMS,ENSG00000176105,LUAD,2141,0.6590245970309331,0.1227075456218587,0.1702075352372114,0.0316755262335443,0.0163847958764524,0.000339219,4.16644509438979,0.0001700135595081,0.0,YES1,protein_coding
Lung,18p11.32 TYMS,ENSG00000176105,LUSC,2117,0.7890885689408689,0.1319288398948339,0.0631183213585827,0.0105475251551173,0.005316744650597,0.000362119,3.2633672633672632,0.0048694078151723,0.0,YES1,protein_coding
Lung,18p11.32 TYMS,ENSG00000176105,SCLC,1949,0.7138152982826159,0.1099548484257734,0.1443818464002314,0.0222307074380045,0.0096172994533747,0.000339219,3.830520909757888,0.0006513618584391,0.0,YES1,protein_coding
Lung,18p11.32 TYMS,ENSG00000176105,PRAD,2352,0.8049132347206587,0.1542866130400944,0.0319642570106097,0.0061242306439506,0.0027116645846862,0.000339219,3.5,0.0021874911181828,0.0,YES1,protein_coding
Lung,18p11.32 TYMS,ENSG00000176890,LUAD,2141,0.6922200270883682,0.0920226006034959,0.178780982050381,0.0237536291977359,0.0132227610600189,0.000836101,4.16644509438979,0.0001700135595081,0.0,TYMS,protein_coding
Lung,18p11.32 TYMS,ENSG00000176890,LUSC,2117,0.8020059010031001,0.1197521809991302,0.0641515644548472,0.0095743284052657,0.0045160251376566,0.000561669,3.2633672633672632,0.0048694078151723,0.0,TYMS,protein_coding
Lung,18p11.32 TYMS,ENSG00000176890,SCLC,1949,0.7243257212415639,0.1005583087274714,0.146507766476351,0.0203314305993691,0.0082767729552446,0.000561669,3.830520909757888,0.0006513618584391,0.0,TYMS,protein_coding
Lung,18p11.32 TYMS,ENSG00000176890,PRAD,2352,0.8197299687505091,0.1393442247663101,0.0325526507332602,0.0055307162364352,0.0028424395134851,0.000561669,3.5,0.0021874911181828,0.0,TYMS,protein_coding
Lung,18p11.32 TYMS,ENSG00000176912,LUAD,2141,0.5697411823000277,0.1995938586473937,0.1471481380199087,0.0515174858918311,0.0319993351408388,0.000139352,4.16644509438979,0.0001700135595081,0.0,TYMSOS,processed_transcript
Lung,18p11.32 TYMS,ENSG00000176912,LUSC,2117,0.6832143890843618,0.2363489213735969,0.0546495628810281,0.0188983999305825,0.0068887267304303,0.000139352,3.2633672633672632,0.0048694078151723,0.0,TYMSOS,processed_transcript
Lung,18p11.32 TYMS,ENSG00000176912,SCLC,1949,0.5727207590313886,0.1924756916031399,0.1158429650634285,0.0388515246664605,0.0801090596355823,0.000139352,3.830520909757888,0.0006513618584391,0.0,TYMSOS,processed_transcript
Lung,18p11.32 TYMS,ENSG00000176912,PRAD,2352,0.700228707559242,0.2575680801294537,0.0278070845516639,0.0102242253407254,0.0041719024189148,0.000139352,3.5,0.0021874911181828,0.0,TYMSOS,processed_transcript
Lung,18p11.32 TYMS,ENSG00000263006,LUAD,1870,0.7003587875567389,0.0964783270299853,0.1675305468339937,0.0230657000615383,0.0125666385177437,0.00229936,4.16644509438979,0.0001700135595081,0.0,ROCK1P1,transcribed_unprocessed_pseudogene
Lung,18p11.32 TYMS,ENSG00000263006,LUSC,1846,0.8220288896793194,0.1086599170830092,0.0572094347777082,0.0075576870342677,0.0045440714256955,0.0102255,3.2633672633672632,0.0048694078151723,0.0,ROCK1P1,transcribed_unprocessed_pseudogene
Lung,18p11.32 TYMS,ENSG00000263006,SCLC,1732,0.7396527889751289,0.0908239571838553,0.1433377604952667,0.0175922362349139,0.008593257110835,0.0102255,3.830520909757888,0.0006513618584391,0.0,ROCK1P1,transcribed_unprocessed_pseudogene
Lung,18p11.32 TYMS,ENSG00000263006,PRAD,2070,0.8375591226562403,0.1254396561184346,0.0299129336697235,0.0044773929780131,0.0026108945775883,0.00229936,3.5,0.0021874911181828,0.0,ROCK1P1,transcribed_unprocessed_pseudogene
Lung,18p11.32 TYMS,ENSG00000263884,LUAD,2141,0.6605561409048551,0.1242072021836414,0.1706030899844277,0.0320666632762741,0.0125669036508016,0.00242702,4.16644509438979,0.0001700135595081,0.0,RP11-705O1.8,lincRNA
Lung,18p11.32 TYMS,ENSG00000263884,LUSC,2117,0.7765782462122284,0.1446336029776982,0.0621176344884817,0.0115639752975954,0.0051065410239962,0.00256195,3.2633672633672632,0.0048694078151723,0.0,RP11-705O1.8,lincRNA
Lung,18p11.32 TYMS,ENSG00000263884,SCLC,1949,0.6664221365603824,0.114363857039108,0.1347957360819686,0.023070777695062,0.0613474926234788,0.00256195,3.830520909757888,0.0006513618584391,0.0,RP11-705O1.8,lincRNA
Lung,18p11.32 TYMS,ENSG00000263884,PRAD,2352,0.7981249786657436,0.1609520708293567,0.0316946856433698,0.006388797713678,0.0028394671478515,0.00242702,3.5,0.0021874911181828,0.0,RP11-705O1.8,lincRNA
Lung,18p11.32 TYMS,ENSG00000264635,LUAD,2141,0.3843861776932867,0.3255158890651514,0.0992761486888116,0.0839647503199437,0.1068570342328063,4.58792e-05,4.16644509438979,0.0001700135595081,0.0,RP11-769O8.3,sense_intronic
Lung,18p11.32 TYMS,ENSG00000264635,LUSC,2117,0.4960647688848282,0.4219725969089746,0.0396796718765925,0.0337445826571274,0.0085383796724772,4.58792e-05,3.2633672633672632,0.0048694078151723,0.0,RP11-769O8.3,sense_intronic
Lung,18p11.32 TYMS,ENSG00000264635,SCLC,1949,0.3301243805777734,0.2764851365019373,0.0667735305256519,0.0556530750251487,0.2709638773694885,4.58792e-05,3.830520909757888,0.0006513618584391,0.0,RP11-769O8.3,sense_intronic
Lung,18p11.32 TYMS,ENSG00000264635,PRAD,2352,0.4784439352248565,0.4175520585064238,0.0189996936949387,0.0165130988728882,0.0684912137008927,4.58792e-05,3.5,0.0021874911181828,0.0,RP11-769O8.3,sense_intronic
Lung,18p11.32 TYMS,ENSG00000265179,LUAD,2141,4.330306141768535e-09,0.7889264392591747,1.1183963975450608e-09,0.2037502075771448,0.007323347714978,1.55545e-14,4.16644509438979,0.0001700135595081,19.020545399583533,RP11-672L10.2,processed_transcript
Lung,18p11.32 TYMS,ENSG00000265179,LUSC,2117,5.031158601539242e-09,0.9169532424554606,4.024368086388383e-10,0.0733363646999283,0.009710387411016,1.55545e-14,3.2633672633672632,0.0048694078151723,19.02091674336598,RP11-672L10.2,processed_transcript
Lung,18p11.32 TYMS,ENSG00000265179,SCLC,1949,4.5007572809665746e-09,0.8202850073631897,9.103582509210351e-10,0.1659034281280718,0.0138115590976228,1.55545e-14,3.830520909757888,0.0006513618584391,19.020916740512,RP11-672L10.2,processed_transcript
Lung,18p11.32 TYMS,ENSG00000265179,PRAD,2352,3.386869813546703e-09,0.9575996558721837,1.3449744955337103e-10,0.0380232763438623,0.0043770642625867,1.08192e-14,3.5,0.0021874911181828,19.460034216844875,RP11-672L10.2,processed_transcript
Lung,18p11.32 TYMS,ENSG00000265490,LUAD,2141,5.151991058408732e-12,0.7885225230800679,1.3306145226848678e-12,0.2036453786273011,0.0078320982861483,1.33519e-17,4.16644509438979,0.0001700135595081,25.75404355416257,RP11-806L2.6,antisense
Lung,18p11.32 TYMS,ENSG00000265490,LUSC,2117,5.9915925009613545e-12,0.9170252010464478,4.79260853357631e-13,0.0733421983748242,0.0096326005722571,1.33519e-17,3.2633672633672632,0.0048694078151723,25.75404355416281,RP11-806L2.6,antisense
Lung,18p11.32 TYMS,ENSG00000265490,SCLC,1949,5.177340584804402e-12,0.7924023187330921,1.0472092639025448e-12,0.1602301021609938,0.0473675790996895,1.33519e-17,3.830520909757888,0.0006513618584391,25.75404355416268,RP11-806L2.6,antisense
Lung,18p11.32 TYMS,ENSG00000265490,PRAD,2352,6.257524851051165e-12,0.9577477631642076,2.484952712433552e-13,0.0380293120359548,0.0042229247933316,1.33519e-17,3.5,0.0021874911181828,25.75406556929489,RP11-806L2.6,antisense
Lung,18p11.32 TYMS,ENSG00000266171,LUAD,2141,0.6467809084239684,0.1291073476441939,0.1670453345099666,0.0333210547066709,0.0237453547152001,0.000772112,4.16644509438979,0.0001700135595081,0.0,RP11-769O8.1,antisense
Lung,18p11.32 TYMS,ENSG00000266171,LUSC,2117,0.7678284367740534,0.1530422377281363,0.0614177469147885,0.0122362038518817,0.0054753747311398,0.000772112,3.2633672633672632,0.0048694078151723,0.0,RP11-769O8.1,antisense
Lung,18p11.32 TYMS,ENSG00000266171,SCLC,1949,0.7015399972198946,0.1235282588217732,0.1418989483216689,0.0249777334663236,0.0080550621703397,0.000772112,3.830520909757888,0.0006513618584391,0.0,RP11-769O8.1,antisense
Lung,18p11.32 TYMS,ENSG00000266171,PRAD,2352,0.7813073976525727,0.1695420649802834,0.0310268354222359,0.0067213558014101,0.0114023461434977,0.000772112,3.5,0.0021874911181828,0.0,RP11-769O8.1,antisense
Lung,18p11.32 TYMS,ENSG00000266456,LUAD,2141,0.6557075460412701,0.129496424685913,0.1693508341736239,0.0334332758091524,0.0120119192900404,0.000890712,4.16644509438979,0.0001700135595081,0.0,RP11-806L2.2,antisense
Lung,18p11.32 TYMS,ENSG00000266456,LUSC,2117,0.769446467717424,0.1506186473266645,0.0615471714193011,0.0120414726716808,0.0063462408649293,0.000890712,3.2633672633672632,0.0048694078151723,0.0,RP11-806L2.2,antisense
Lung,18p11.32 TYMS,ENSG00000266456,SCLC,1949,0.6897762772608241,0.1251000318545575,0.1395195266248907,0.025283386816587,0.0203207774431407,0.000890712,3.830520909757888,0.0006513618584391,0.0,RP11-806L2.2,antisense
Lung,18p11.32 TYMS,ENSG00000266456,PRAD,2352,0.78988513461439,0.1694281689072799,0.0313674696384345,0.0067256415861666,0.0025935852537289,0.000890712,3.5,0.0021874911181828,0.0,RP11-806L2.2,antisense
Lung,18p11.32 TYMS,ENSG00000273355,LUAD,2141,1.9073729438940387e-05,0.745035068830227,4.926208354300773e-06,0.1923590413730531,0.0625818898589267,2.84972e-10,4.16644509438979,0.0001700135595081,10.572874602262724,RP11-672L10.6,lincRNA
Lung,18p11.32 TYMS,ENSG00000273355,LUSC,2117,5.025956278441196e-05,0.9101433042792476,4.020206805715495e-06,0.0727843375907074,0.017018078360455,2.84972e-10,3.2633672633672632,0.0048694078151723,9.804156510323692,RP11-672L10.6,lincRNA
Lung,18p11.32 TYMS,ENSG00000273355,SCLC,1949,2.1002463712443037e-05,0.8203727409170416,4.248122024075474e-06,0.1659213046558097,0.013680703841412,2.84972e-10,3.830520909757888,0.0006513618584391,10.57287432757018,RP11-672L10.6,lincRNA
Lung,18p11.32 TYMS,ENSG00000273355,PRAD,2352,2.3220316732352803e-05,0.9567354352660392,9.221120238608954e-07,0.0379880816298045,0.0052523406754,2.84972e-10,3.5,0.0021874911181828,10.626254563363297,RP11-672L10.6,lincRNA
Lung,19q13.33 KLK3,ENSG00000062822,LUAD,356,0.9743444126108154,0.0145519907056459,0.0103383585752616,0.0001537936056538,0.0006114445026231,0.00869087,2.8503174603174606,0.0172118907335878,0.0,POLD1,protein_coding
Lung,19q13.33 KLK3,ENSG00000062822,LUSC,362,0.973345803018158,0.015249342674424,0.010347591987018,0.0001612189784477,0.0008960433419522,0.00869087,2.557111158667763,0.0380289054420105,0.0,POLD1,protein_coding
Lung,19q13.33 KLK3,ENSG00000062822,SCLC,327,0.965467261545062,0.0134059053545011,0.0200480932837392,0.0002775747590206,0.0008011650576768,0.00869087,2.9950270221172626,0.0112758339522445,0.0,POLD1,protein_coding
Lung,19q13.33 KLK3,ENSG00000062822,PRAD,380,0.9788164970492724,0.0162453687997784,0.0046238882068043,7.650470173329251e-05,0.0002377412424116,0.00869087,2.6405228758169934,0.0306175921346995,0.0,POLD1,protein_coding
Lung,19q13.33 KLK3,ENSG00000086967,LUAD,529,0.9520707188025456,0.0313903709060462,0.0149865280178004,0.000493055936092,0.0010593263375155,0.0359128,2.8503174603174606,0.0172118907335878,0.0,MYBPC2,protein_coding
Lung,19q13.33 KLK3,ENSG00000086967,LUSC,491,0.950510351054458,0.028776183384639,0.0188306951679858,0.0005687750487288,0.0013139953441881,0.0359128,3.217961972400773,0.0056413062938313,0.0,MYBPC2,protein_coding
Lung,19q13.33 KLK3,ENSG00000086967,SCLC,482,0.9454777888857296,0.0280919396612464,0.0242640552246001,0.0007194844030137,0.0014467318254097,0.0359128,2.9950270221172626,0.0112758339522445,0.0,MYBPC2,protein_coding
Lung,19q13.33 KLK3,ENSG00000086967,PRAD,557,0.9582549554945824,0.0337709056805902,0.0072163991348294,0.0002538170523162,0.0005039226376817,0.0359128,2.6405228758169934,0.0306175921346995,0.0,MYBPC2,protein_coding
Lung,19q13.33 KLK3,ENSG00000105366,LUAD,564,0.6283371496037704,0.3502814520534812,0.0102497950478068,0.0057085684024439,0.0054230348924974,1.91921e-05,2.8503174603174606,0.0172118907335878,0.0,SIGLEC8,protein_coding
Lung,19q13.33 KLK3,ENSG00000105366,LUSC,530,0.6240468942315637,0.3444277789721415,0.0155321095261454,0.0085651488264863,0.0074280684436631,1.91921e-05,3.217961972400773,0.0056413062938313,0.0,SIGLEC8,protein_coding
Lung,19q13.33 KLK3,ENSG00000105366,SCLC,512,0.6136051357284062,0.3410276711806617,0.0166632762574998,0.0092416047250659,0.019462312108366,1.91921e-05,2.9950270221172626,0.0112758339522445,0.0,SIGLEC8,protein_coding
Lung,19q13.33 KLK3,ENSG00000105366,PRAD,594,0.6305409066843777,0.3546881561962255,0.0051607318069605,0.0028962705184419,0.006713934793994,1.91921e-05,2.6405228758169934,0.0306175921346995,0.0,SIGLEC8,protein_coding
Lung,19q13.33 KLK3,ENSG00000105374,LUAD,564,0.9191383184512816,0.0634090950102852,0.0149935100775949,0.0010329392961575,0.0014261371646805,0.000734302,2.8503174603174606,0.0172118907335878,0.0,NKG7,protein_coding
Lung,19q13.33 KLK3,ENSG00000105374,LUSC,530,0.913261409288193,0.0607455684512215,0.0227304652361631,0.0015101641491887,0.0017523928752334,0.000734302,3.217961972400773,0.0056413062938313,0.0,NKG7,protein_coding
Lung,19q13.33 KLK3,ENSG00000105374,SCLC,512,0.9123201269275044,0.0587441525546663,0.0247752853180146,0.0015927090822636,0.0025677261175508,0.000734302,2.9950270221172626,0.0112758339522445,0.0,NKG7,protein_coding
Lung,19q13.33 KLK3,ENSG00000105374,PRAD,594,0.924405292508015,0.066785296167006,0.0075658973827003,0.0005459140449818,0.0006975998972967,0.000734302,2.6405228758169934,0.0306175921346995,0.0,NKG7,protein_coding
Lung,19q13.33 KLK3,ENSG00000105379,LUAD,564,0.5240383336760527,0.4478380595867764,0.0085484130944046,0.0072931085451819,0.0122820850975841,5.42113e-06,2.8503174603174606,0.0172118907335878,0.0,ETFB,protein_coding
Lung,19q13.33 KLK3,ENSG00000105379,LUSC,530,0.5200878525711431,0.444201638126683,0.012944638558453,0.0110441597601879,0.0117217109835327,5.42113e-06,3.217961972400773,0.0056413062938313,0.0,ETFB,protein_coding
Lung,19q13.33 KLK3,ENSG00000105379,SCLC,512,0.5237736047727629,0.4350462625631675,0.014223779698901,0.0117991116358,0.0151572413293683,5.42113e-06,2.9950270221172626,0.0112758339522445,0.0,ETFB,protein_coding
Lung,19q13.33 KLK3,ENSG00000105379,PRAD,594,0.5233186040968275,0.4530018543255493,0.0042831590095209,0.0036919393487165,0.0157044432193854,5.42113e-06,2.6405228758169934,0.0306175921346995,0.0,ETFB,protein_coding
Lung,19q13.33 KLK3,ENSG00000105383,LUAD,564,0.6732548177690886,0.277510477619403,0.0109825177477303,0.0044931506348155,0.0337590362289623,9.85759e-06,2.8503174603174606,0.0172118907335878,0.0,CD33,protein_coding
Lung,19q13.33 KLK3,ENSG00000105383,LUSC,530,0.6795251505399252,0.2802464924377873,0.0169129261943577,0.0069587909894462,0.0163566398384835,9.85759e-06,3.217961972400773,0.0056413062938313,0.0,CD33,protein_coding
Lung,19q13.33 KLK3,ENSG00000105383,SCLC,512,0.8659421668923113,0.1047469381937777,0.0235158291705227,0.0028415911137695,0.0029534746296185,6.81804e-05,2.9950270221172626,0.0112758339522445,0.0,CD33,protein_coding
Lung,19q13.33 KLK3,ENSG00000105383,PRAD,594,0.69880490337786,0.2891768671723299,0.005719446039886,0.0023628641414934,0.0039359192684303,9.85759e-06,2.6405228758169934,0.0306175921346995,0.0,CD33,protein_coding
Lung,19q13.33 KLK3,ENSG00000105472,LUAD,564,0.956647517526491,0.0263672827371585,0.0156053815914323,0.0004291675497912,0.0009506505951267,0.00556365,2.8503174603174606,0.0172118907335878,0.0,CLEC11A,protein_coding
Lung,19q13.33 KLK3,ENSG00000105472,LUSC,530,0.9481562288175216,0.0257331176992325,0.0235989739393304,0.0006386070039546,0.0018730725399606,0.00556365,3.217961972400773,0.0056413062938313,0.0,CLEC11A,protein_coding
Lung,19q13.33 KLK3,ENSG00000105472,SCLC,512,0.949308032001499,0.0229948911835295,0.0257797418398827,0.0006231631574833,0.0012941718176051,0.00556365,2.9950270221172626,0.0112758339522445,0.0,CLEC11A,protein_coding
Lung,19q13.33 KLK3,ENSG00000105472,PRAD,594,0.9622317917489716,0.0291604217765924,0.0078754925504512,0.0002381725766757,0.0004941213473089,0.00556365,2.6405228758169934,0.0306175921346995,0.0,CLEC11A,protein_coding
Lung,19q13.33 KLK3,ENSG00000105492,LUAD,564,0.9216563483757684,0.0609180858895494,0.0150345856222552,0.0009923320193779,0.0013986480930487,0.00199278,2.8503174603174606,0.0172118907335878,0.0,SIGLEC6,protein_coding
Lung,19q13.33 KLK3,ENSG00000105492,LUSC,530,0.9099805298271764,0.0615230046699971,0.0226488063422536,0.0015269456957505,0.0043207134648224,0.00199278,3.217961972400773,0.0056413062938313,0.0,SIGLEC6,protein_coding
Lung,19q13.33 KLK3,ENSG00000105492,SCLC,512,0.91411413844733,0.0567753673506649,0.0248240041240078,0.0015390643612104,0.0027474257167865,0.00199278,2.9950270221172626,0.0112758339522445,0.0,SIGLEC6,protein_coding
Lung,19q13.33 KLK3,ENSG00000105492,PRAD,594,0.9250864554614822,0.0657405611044268,0.0075714724362494,0.000536996380564,0.0010645146172774,0.00199278,2.6405228758169934,0.0306175921346995,0.0,SIGLEC6,protein_coding
Lung,19q13.33 KLK3,ENSG00000105497,LUAD,564,0.943016374543327,0.0397653967532242,0.0153830225888922,0.0006474881831709,0.0011877179313856,0.00787977,2.8503174603174606,0.0172118907335878,0.0,ZNF175,protein_coding
Lung,19q13.33 KLK3,ENSG00000105497,LUSC,530,0.9347467691705682,0.0385948914128496,0.023265221463598,0.0009581660640206,0.0024349518889633,0.00787977,3.217961972400773,0.0056413062938313,0.0,ZNF175,protein_coding
Lung,19q13.33 KLK3,ENSG00000105497,SCLC,512,0.9357763954006888,0.0361065292759556,0.0254122719707987,0.0009787955638088,0.0017260077887479,0.00787977,2.9950270221172626,0.0112758339522445,0.0,ZNF175,protein_coding
Lung,19q13.33 KLK3,ENSG00000105497,PRAD,594,0.9487689763198524,0.0424040165592466,0.0077653046481918,0.0003463450071837,0.0007153574655252,0.00787977,2.6405228758169934,0.0306175921346995,0.0,ZNF175,protein_coding
Lung,19q13.33 KLK3,ENSG00000105501,LUAD,564,0.8250959810620865,0.1551461097546622,0.0134594376697104,0.0025270606885545,0.0037714108249863,0.000114698,2.8503174603174606,0.0172118907335878,0.0,SIGLEC5,protein_coding
Lung,19q13.33 KLK3,ENSG00000105501,LUSC,530,0.8167880039792607,0.1542733297272429,0.0203293067471625,0.0038349855485915,0.0047743739977423,0.000114698,3.217961972400773,0.0056413062938313,0.0,SIGLEC5,protein_coding
Lung,19q13.33 KLK3,ENSG00000105501,SCLC,512,0.8163124205993215,0.1494029475654701,0.0221680663750109,0.0040491714457695,0.0080673940144276,0.000114698,2.9950270221172626,0.0112758339522445,0.0,SIGLEC5,protein_coding
Lung,19q13.33 KLK3,ENSG00000105501,PRAD,594,0.8338570963778104,0.1563078504056683,0.006824795654203,0.0012775862225094,0.0017326713398088,0.000114698,2.6405228758169934,0.0306175921346995,0.0,SIGLEC5,protein_coding
Lung,19q13.33 KLK3,ENSG00000105509,LUAD,564,0.9537952890193994,0.0289393522591798,0.0155588544083019,0.0004708396051689,0.0012356647079498,0.00185886,2.8503174603174606,0.0172118907335878,0.0,HAS1,protein_coding
Lung,19q13.33 KLK3,ENSG00000105509,LUSC,530,0.9465929847490449,0.027497140234235,0.023560065840737,0.0006827183258898,0.0016670908500934,0.0251011,3.217961972400773,0.0056413062938313,0.0,HAS1,protein_coding
Lung,19q13.33 KLK3,ENSG00000105509,SCLC,512,0.9465817180036932,0.0253036582599974,0.0257057051008385,0.0006854315306105,0.0017234871048599,0.00185886,2.9950270221172626,0.0112758339522445,0.0,HAS1,protein_coding
Lung,19q13.33 KLK3,ENSG00000105509,PRAD,594,0.9598413490739084,0.0314095861775046,0.0078559277079245,0.0002564385343792,0.0006366985062829,0.00185886,2.6405228758169934,0.0306175921346995,0.0,HAS1,protein_coding
Lung,19q13.33 KLK3,ENSG00000105568,LUAD,564,0.963427025179162,0.0197328241900733,0.0157159727987303,0.0003210900292765,0.0008030878027577,0.00299745,2.8503174603174606,0.0172118907335878,0.0,PPP2R1A,protein_coding
Lung,19q13.33 KLK3,ENSG00000105568,LUSC,530,0.9550429746410788,0.0198398271112124,0.0237703804336162,0.0004929461464393,0.000853871667653,0.00299745,3.217961972400773,0.0056413062938313,0.0,PPP2R1A,protein_coding
Lung,19q13.33 KLK3,ENSG00000105568,SCLC,512,0.95838620123103,0.0143605195487734,0.0260262717871988,0.0003891414391147,0.0008378659938831,0.0118581,2.9950270221172626,0.0112758339522445,0.0,PPP2R1A,protein_coding
Lung,19q13.33 KLK3,ENSG00000105568,PRAD,594,0.9699313614584624,0.0215976014319499,0.0079385105305354,0.0001764118435084,0.0003561147355435,0.00299745,2.6405228758169934,0.0306175921346995,0.0,PPP2R1A,protein_coding
Lung,19q13.33 KLK3,ENSG00000129437,LUAD,564,0.9276474351654714,0.0548936005517578,0.0151323156573913,0.0008940231906769,0.0014326254347024,0.00051541,2.8503174603174606,0.0172118907335878,0.0,KLK14,protein_coding
Lung,19q13.33 KLK3,ENSG00000129437,LUSC,530,0.9206549183928168,0.0533759272535934,0.0229144847293408,0.0013267631986912,0.0017279064255576,0.00051541,3.217961972400773,0.0056413062938313,0.0,KLK14,protein_coding
Lung,19q13.33 KLK3,ENSG00000129437,SCLC,512,0.9194520230153232,0.0515620682120462,0.0249689615893353,0.001397618278307,0.002619328904988,0.00051541,2.9950270221172626,0.0112758339522445,0.0,KLK14,protein_coding
Lung,19q13.33 KLK3,ENSG00000129437,PRAD,594,0.9331033657155896,0.0579678653597364,0.0076370877251281,0.0004736263521248,0.0008180548474209,0.00051541,2.6405228758169934,0.0306175921346995,0.0,KLK14,protein_coding
Lung,19q13.33 KLK3,ENSG00000129450,LUAD,564,0.956164716791868,0.0269294779338348,0.0155975058696451,0.0004384191698242,0.0008698802348277,0.00155209,2.8503174603174606,0.0172118907335878,0.0,SIGLEC9,protein_coding
Lung,19q13.33 KLK3,ENSG00000129450,LUSC,530,0.947714211576674,0.0262641516502633,0.0235879724260455,0.0006519154071777,0.0017817489398392,0.00155209,3.217961972400773,0.0056413062938313,0.0,SIGLEC9,protein_coding
Lung,19q13.33 KLK3,ENSG00000129450,SCLC,512,0.9478773314852766,0.0243781627903859,0.0257408892349167,0.0006606790006821,0.0013429374887383,0.00155209,2.9950270221172626,0.0112758339522445,0.0,SIGLEC9,protein_coding
Lung,19q13.33 KLK3,ENSG00000129450,PRAD,594,0.962122454721244,0.0293225019075585,0.0078745976694519,0.0002395523674514,0.0004408933342939,0.00155209,2.6405228758169934,0.0306175921346995,0.0,SIGLEC9,protein_coding
Lung,19q13.33 KLK3,ENSG00000129451,LUAD,564,0.949565335862814,0.0333298628548906,0.0154898529925108,0.0005426234656437,0.0010723248241409,0.0120363,2.8503174603174606,0.0172118907335878,0.0,KLK10,protein_coding
Lung,19q13.33 KLK3,ENSG00000129451,LUSC,530,0.9411192877505988,0.0330236430356582,0.023423829185962,0.0008203234560365,0.0016129165717443,0.0120363,3.217961972400773,0.0056413062938313,0.0,KLK10,protein_coding
Lung,19q13.33 KLK3,ENSG00000129451,SCLC,512,0.9417637818934076,0.0302728160735864,0.0255748675381747,0.0008205312066994,0.0015680032881317,0.0120363,2.9950270221172626,0.0112758339522445,0.0,KLK10,protein_coding
Lung,19q13.33 KLK3,ENSG00000129451,PRAD,594,0.955372811599708,0.0359263096866961,0.0078193544686164,0.0002934547866694,0.0005880694583099,0.0120363,2.6405228758169934,0.0306175921346995,0.0,KLK10,protein_coding
Lung,19q13.33 KLK3,ENSG00000131398,LUAD,190,0.9785610623164054,0.0141222894704492,0.0066995096898138,9.616426981870592e-05,0.0005209742535126,0.00184954,2.8503174603174606,0.0172118907335878,0.0,KCNC3,protein_coding
Lung,19q13.33 KLK3,ENSG00000131398,LUSC,197,0.9778625735109338,0.014456143502804,0.007136698415679,0.000105065220506,0.000439519350077,0.00184954,2.557111158667763,0.0380289054420105,0.0,KCNC3,protein_coding
Lung,19q13.33 KLK3,ENSG00000131398,SCLC,164,0.9797335174596704,0.0104951123266814,0.0091857917354682,9.791247480553629e-05,0.0004876660033744,0.00839361,2.9950270221172626,0.0112758339522445,0.0,KCNC3,protein_coding
Lung,19q13.33 KLK3,ENSG00000131398,PRAD,202,0.9826247430935964,0.0147071518448427,0.002461362941542,3.666966599237258e-05,0.0001700724540263,0.00184954,2.442748091603053,0.0506149081043115,0.0,KCNC3,protein_coding
Lung,19q13.33 KLK3,ENSG00000131400,LUAD,304,0.981616733101785,0.0083551860874793,0.0095806113165919,8.118059970534596e-05,0.0003662888944384,0.0605383,2.8503174603174606,0.0172118907335878,0.0,NAPSA,protein_coding
Lung,19q13.33 KLK3,ENSG00000131400,LUSC,314,0.9814736867784456,0.0087996726160462,0.0092775957160242,8.281460896645068e-05,0.0003662302805175,0.0605383,2.557111158667763,0.0380289054420105,0.0,NAPSA,protein_coding
Lung,19q13.33 KLK3,ENSG00000131400,SCLC,276,0.9737384198615444,0.0073765149084646,0.0182460079133491,0.0001377205374402,0.0005013367792015,0.0605383,2.9950270221172626,0.0112758339522445,0.0,NAPSA,protein_coding
Lung,19q13.33 KLK3,ENSG00000131400,PRAD,323,0.986736576075782,0.0091816192009049,0.0039021009188446,3.616565073112018e-05,0.0001435381537372,0.0605383,2.6405228758169934,0.0306175921346995,0.0,NAPSA,protein_coding
Lung,19q13.33 KLK3,ENSG00000131401,LUAD,216,0.9729477820297248,0.0181613712223069,0.0081710381383484,0.0001519554987514,0.0005678531108685,0.00962967,2.8503174603174606,0.0172118907335878,0.0,NAPSB,transcribed_unprocessed_pseudogene
Lung,19q13.33 KLK3,ENSG00000131401,LUSC,223,0.9731994339178768,0.0185959122849304,0.0075289435330344,0.0001433308089715,0.0005323794551868,0.00962967,2.557111158667763,0.0380289054420105,0.0,NAPSB,transcribed_unprocessed_pseudogene
Lung,19q13.33 KLK3,ENSG00000131401,SCLC,188,0.974336769784094,0.0130571903359884,0.01175681577593,0.0001568619723573,0.00069236213163,0.00962967,2.9950270221172626,0.0112758339522445,0.0,NAPSB,transcribed_unprocessed_pseudogene
Lung,19q13.33 KLK3,ENSG00000131401,PRAD,229,0.9777039406562044,0.0191054615313115,0.0029323028486517,5.70993807401153e-05,0.000201195583092,0.00962967,2.6405228758169934,0.0306175921346995,0.0,NAPSB,transcribed_unprocessed_pseudogene
Lung,19q13.33 KLK3,ENSG00000131408,LUAD,184,0.9858051470637592,0.0071765384671157,0.0066608089637739,4.818053318389045e-05,0.000309324972167,0.0136847,2.8503174603174606,0.0172118907335878,0.0,NR1H2,protein_coding
Lung,19q13.33 KLK3,ENSG00000131408,LUSC,192,0.9850299761273268,0.0075309543360983,0.0070533008987131,5.359317531287096e-05,0.0003321754625489,0.0136847,2.557111158667763,0.0380289054420105,0.0,NR1H2,protein_coding
Lung,19q13.33 KLK3,ENSG00000131408,SCLC,159,0.9839964692416376,0.0064988002974122,0.0090716507491397,5.9540137384156944e-05,0.0003735395744263,0.0136847,2.9950270221172626,0.0112758339522445,0.0,NR1H2,protein_coding
Lung,19q13.33 KLK3,ENSG00000131408,PRAD,196,0.9896038892803316,0.0079875622800697,0.0022661302687106,1.816676063218998e-05,0.0001242514102558,0.0136847,2.2427184466019416,0.08087156375869,0.0,NR1H2,protein_coding
Lung,19q13.33 KLK3,ENSG00000131409,LUAD,564,0.9358257916397708,0.0465687886534372,0.0152657256869309,0.0007580751029932,0.0015816189168676,0.00153212,2.8503174603174606,0.0172118907335878,0.0,LRRC4B,protein_coding
Lung,19q13.33 KLK3,ENSG00000131409,LUSC,530,0.927615027095028,0.0462326113670751,0.0230877171765749,0.0011487828922156,0.0019158614691061,0.00153212,3.217961972400773,0.0056413062938313,0.0,LRRC4B,protein_coding
Lung,19q13.33 KLK3,ENSG00000131409,SCLC,512,0.9305617336891416,0.041071256649653,0.0252706607885752,0.0011133624628805,0.0019829864097496,0.00185041,2.9950270221172626,0.0112758339522445,0.0,LRRC4B,protein_coding
Lung,19q13.33 KLK3,ENSG00000131409,PRAD,594,0.9425327805777656,0.0484268407370209,0.0077142638142357,0.0003954241447059,0.0009306907262718,0.00153212,2.6405228758169934,0.0306175921346995,0.0,LRRC4B,protein_coding
Lung,19q13.33 KLK3,ENSG00000142512,LUAD,564,0.7883729003356491,0.1924244942071766,0.0128603897681063,0.0031357319493056,0.0032064837397623,5.56622e-05,2.8503174603174606,0.0172118907335878,0.0,SIGLEC10,protein_coding
Lung,19q13.33 KLK3,ENSG00000142512,LUSC,530,0.7807684615161082,0.1897653079342733,0.0194328044429435,0.0047178158953581,0.0053156102113167,5.56622e-05,3.217961972400773,0.0056413062938313,0.0,SIGLEC10,protein_coding
Lung,19q13.33 KLK3,ENSG00000142512,SCLC,512,0.7767383951072127,0.1860975995175925,0.0210933802601147,0.005042703755671,0.0110279213594089,5.56622e-05,2.9950270221172626,0.0112758339522445,0.0,SIGLEC10,protein_coding
Lung,19q13.33 KLK3,ENSG00000142512,PRAD,594,0.7929497616066902,0.1951838073972042,0.0064899850472252,0.001593720739451,0.003782725209429,5.56622e-05,2.6405228758169934,0.0306175921346995,0.0,SIGLEC10,protein_coding
Lung,19q13.33 KLK3,ENSG00000142515,LUAD,564,0.9337495509441897,0.0488020088707012,0.0152318568609144,0.0007946643687347,0.0014219189554599,0.00511727,2.8503174603174606,0.0172118907335878,0.0,KLK3,protein_coding
Lung,19q13.33 KLK3,ENSG00000142515,LUSC,530,0.93011183331168,0.0436998666261755,0.0231498610122082,0.0010857077008873,0.0019527313490489,0.00511727,3.217961972400773,0.0056413062938313,0.0,KLK3,protein_coding
Lung,19q13.33 KLK3,ENSG00000142515,SCLC,512,0.9255075946627104,0.0449480126847606,0.025133408816684,0.0012174304423667,0.003193553393478,0.00511727,2.9950270221172626,0.0112758339522445,0.0,KLK3,protein_coding
Lung,19q13.33 KLK3,ENSG00000142515,PRAD,594,0.9389503175518789,0.0521959726525177,0.0076849427492755,0.000426461406931,0.0007423056393969,0.00511727,2.6405228758169934,0.0306175921346995,0.0,KLK3,protein_coding
Lung,19q13.33 KLK3,ENSG00000142530,LUAD,564,0.929404726805434,0.0532224372458522,0.0151609816039459,0.0008668498397099,0.0013450045050577,0.00337398,2.8503174603174606,0.0172118907335878,0.0,FAM71E1,protein_coding
Lung,19q13.33 KLK3,ENSG00000142530,LUSC,530,0.924812491065541,0.0493416962836829,0.0230179639305235,0.0012264804280729,0.0016013682921795,0.00337398,3.217961972400773,0.0056413062938313,0.0,FAM71E1,protein_coding
Lung,19q13.33 KLK3,ENSG00000142530,SCLC,512,0.9221817012225788,0.0493393748761971,0.0250430896880312,0.0013377793125833,0.0020980549006093,0.00337398,2.9950270221172626,0.0112758339522445,0.0,FAM71E1,protein_coding
Lung,19q13.33 KLK3,ENSG00000142530,PRAD,594,0.9341886556936227,0.0568212274885691,0.007645970401018,0.000464179655703,0.0008799667610871,0.00337398,2.6405228758169934,0.0306175921346995,0.0,FAM71E1,protein_coding
Lung,19q13.33 KLK3,ENSG00000142544,LUAD,564,0.9395137222073529,0.0434258967463551,0.0153258853201661,0.0007073609363246,0.0010271347898012,0.000209806,2.8503174603174606,0.0172118907335878,0.0,CTU1,protein_coding
Lung,19q13.33 KLK3,ENSG00000142544,LUSC,530,0.9274535031128788,0.0463532731679958,0.0230836969527664,0.0011517441625475,0.001957782603811,0.000209806,3.217961972400773,0.0056413062938313,0.0,CTU1,protein_coding
Lung,19q13.33 KLK3,ENSG00000142544,SCLC,512,0.927809532738756,0.043786516265254,0.0251959210543681,0.0011870610227357,0.0020209689188861,0.000209806,2.9950270221172626,0.0112758339522445,0.0,CTU1,protein_coding
Lung,19q13.33 KLK3,ENSG00000142544,PRAD,594,0.9419087702153968,0.0493865027896429,0.0077091565323911,0.0004036173425484,0.0005919531200204,0.000209806,2.6405228758169934,0.0306175921346995,0.0,CTU1,protein_coding
Lung,19q13.33 KLK3,ENSG00000142549,LUAD,564,0.7209990698646533,0.2572623037477799,0.0117613493017757,0.0041908234214706,0.0057864536643201,0.000151736,2.8503174603174606,0.0172118907335878,0.0,IGLON5,protein_coding
Lung,19q13.33 KLK3,ENSG00000142549,LUSC,530,0.5425455451495286,0.4171287317606183,0.0135035954959144,0.0103655984223012,0.0164565291716373,2.68014e-06,3.217961972400773,0.0056413062938313,0.0,IGLON5,protein_coding
Lung,19q13.33 KLK3,ENSG00000142549,SCLC,512,0.594103947690471,0.3590479490693209,0.0161336951560643,0.0097294470622181,0.0209849610219255,2.68014e-06,2.9950270221172626,0.0112758339522445,0.0,IGLON5,protein_coding
Lung,19q13.33 KLK3,ENSG00000142549,PRAD,594,0.5467661518553784,0.4403183777850729,0.004475068058133,0.0035989930657926,0.0048414092356231,2.68014e-06,2.6405228758169934,0.0306175921346995,0.0,IGLON5,protein_coding
Lung,19q13.33 KLK3,ENSG00000142556,LUAD,564,0.9545542353578164,0.0284114410659879,0.0155712347751575,0.0004624630547361,0.0010006257463018,0.0055137,2.8503174603174606,0.0172118907335878,0.0,ZNF614,protein_coding
Lung,19q13.33 KLK3,ENSG00000142556,LUSC,530,0.9469285756715958,0.0271632616156913,0.02356841847419,0.0006744100672162,0.0016653341713065,0.0055137,3.217961972400773,0.0056413062938313,0.0,ZNF614,protein_coding
Lung,19q13.33 KLK3,ENSG00000142556,SCLC,512,0.9475010615057464,0.0247126835964681,0.0257306711153945,0.0006697204391542,0.0013858633432363,0.0055137,2.9950270221172626,0.0112758339522445,0.0,ZNF614,protein_coding
Lung,19q13.33 KLK3,ENSG00000142556,PRAD,594,0.960666532652877,0.0305924639905669,0.007862681514216,0.0002497588429495,0.0006285629993903,0.0055137,2.6405228758169934,0.0306175921346995,0.0,ZNF614,protein_coding
Lung,19q13.33 KLK3,ENSG00000160318,LUAD,564,0.9534381768000182,0.0295420884943427,0.0155530289894802,0.0004809216641103,0.0009857840520485,0.0130787,2.8503174603174606,0.0172118907335878,0.0,CLDND2,protein_coding
Lung,19q13.33 KLK3,ENSG00000160318,LUSC,530,0.9463147948125412,0.028086598812702,0.0235531418794084,0.0006977088906317,0.0013477556047165,0.0130787,3.217961972400773,0.0056413062938313,0.0,CLDND2,protein_coding
Lung,19q13.33 KLK3,ENSG00000160318,SCLC,512,0.9457870638335748,0.0264442677354402,0.0256841251935091,0.0007167620274328,0.0013677812100431,0.0130787,2.9950270221172626,0.0112758339522445,0.0,CLDND2,protein_coding
Lung,19q13.33 KLK3,ENSG00000160318,PRAD,594,0.958463104245173,0.0329086682012842,0.0078446473106497,0.0002688298851935,0.0005147503576994,0.0130787,2.6405228758169934,0.0306175921346995,0.0,CLDND2,protein_coding
Lung,19q13.33 KLK3,ENSG00000161551,LUAD,564,0.962801588238812,0.0202311884798653,0.0157057703135551,0.0003290903578721,0.0009323626098952,0.00793711,2.8503174603174606,0.0172118907335878,0.0,ZNF577,protein_coding
Lung,19q13.33 KLK3,ENSG00000161551,LUSC,530,0.9568833652278576,0.0179871217323069,0.0238161865235575,0.0004468209156312,0.0008665056006466,0.00793711,3.217961972400773,0.0056413062938313,0.0,ZNF577,protein_coding
Lung,19q13.33 KLK3,ENSG00000161551,SCLC,512,0.9555289452177496,0.0170686745575917,0.0259486791408609,0.0004625317429386,0.0009911693408588,0.00793711,2.9950270221172626,0.0112758339522445,0.0,ZNF577,protein_coding
Lung,19q13.33 KLK3,ENSG00000161551,PRAD,594,0.9692624092471288,0.0222544906206927,0.0079330354171561,0.0001817760518171,0.000368288663205,0.00793711,2.6405228758169934,0.0306175921346995,0.0,ZNF577,protein_coding
Lung,19q13.33 KLK3,ENSG00000161671,LUAD,564,0.9606751582035792,0.0225173554017495,0.0156710827703175,0.0003665461256993,0.0007698574986542,0.0105096,2.8503174603174606,0.0172118907335878,0.0,EMC10,protein_coding
Lung,19q13.33 KLK3,ENSG00000161671,LUSC,530,0.9530059911151209,0.0217302073542048,0.0237196812769974,0.0005398460429228,0.0010042742107539,0.0105096,3.217961972400773,0.0056413062938313,0.0,EMC10,protein_coding
Lung,19q13.33 KLK3,ENSG00000161671,SCLC,512,0.9526636191117606,0.0199154477196364,0.0258708673402552,0.000539820637442,0.0010102451909057,0.0105096,2.9950270221172626,0.0112758339522445,0.0,EMC10,protein_coding
Lung,19q13.33 KLK3,ENSG00000161671,PRAD,594,0.9668679453984546,0.0246378442638846,0.0079134376628891,0.0002012716610277,0.0003795010137437,0.0105096,2.6405228758169934,0.0306175921346995,0.0,EMC10,protein_coding
Lung,19q13.33 KLK3,ENSG00000161677,LUAD,564,0.9653184252913276,0.017903271378579,0.0157468263994053,0.0002913082362604,0.0007401686944274,0.00337421,2.8503174603174606,0.0172118907335878,0.0,JOSD2,protein_coding
Lung,19q13.33 KLK3,ENSG00000161677,LUSC,530,0.9559518968443356,0.0187803707485901,0.0237930028989185,0.000466422551373,0.0010083069567827,0.00337421,3.217961972400773,0.0056413062938313,0.0,JOSD2,protein_coding
Lung,19q13.33 KLK3,ENSG00000161677,SCLC,512,0.9563439587885196,0.0162885800798306,0.0259708119352144,0.0004413831269924,0.000955266069443,0.00337421,2.9950270221172626,0.0112758339522445,0.0,JOSD2,protein_coding
Lung,19q13.33 KLK3,ENSG00000161677,PRAD,594,0.97110128280208,0.0203979402821826,0.0079480858811996,0.0001665630708825,0.0003861279636552,0.00337421,2.6405228758169934,0.0306175921346995,0.0,JOSD2,protein_coding
Lung,19q13.33 KLK3,ENSG00000161681,LUAD,564,0.9382116548773566,0.0444742769843053,0.0153046452529835,0.0007242046310662,0.0012852182542882,0.00239332,2.8503174603174606,0.0172118907335878,0.0,SHANK1,protein_coding
Lung,19q13.33 KLK3,ENSG00000161681,LUSC,530,0.933420447043536,0.0408073087812459,0.0232322101935565,0.0010141407101782,0.0015258932714831,0.00239332,3.217961972400773,0.0056413062938313,0.0,SHANK1,protein_coding
Lung,19q13.33 KLK3,ENSG00000161681,SCLC,512,0.9300454316591136,0.0401955181974112,0.0252566399095803,0.0010881493278532,0.0034142609060415,0.00239332,2.9950270221172626,0.0112758339522445,0.0,SHANK1,protein_coding
Lung,19q13.33 KLK3,ENSG00000161681,PRAD,594,0.9442646832485602,0.047050357382779,0.0077284387632437,0.0003845168513862,0.0005720037540308,0.00239332,2.6405228758169934,0.0306175921346995,0.0,SHANK1,protein_coding
Lung,19q13.33 KLK3,ENSG00000167554,LUAD,362,0.9701627616589232,0.0209381719142814,0.0081724073640879,0.0001758270677816,0.0005508319949256,0.00329286,2.4626684892634056,0.0482013599301346,0.0,ZNF610,protein_coding
Lung,19q13.33 KLK3,ENSG00000167554,LUSC,321,0.9617455445464164,0.0201122165447657,0.0166914527571422,0.0003479521881282,0.0011028339635472,0.00329286,3.217961972400773,0.0056413062938313,0.0,ZNF610,protein_coding
Lung,19q13.33 KLK3,ENSG00000167554,SCLC,338,0.9639039371737206,0.0184330084972436,0.0165045971970774,0.0003147784166455,0.0008436787153128,0.00607608,2.4462524323961623,0.050183174313664,0.0,ZNF610,protein_coding
Lung,19q13.33 KLK3,ENSG00000167554,PRAD,380,0.9722127483167016,0.022133526272566,0.0052075647246292,0.0001182281868771,0.0003279324992257,0.00329286,2.168831168831169,0.0951867698080627,0.0,ZNF610,protein_coding
Lung,19q13.33 KLK3,ENSG00000167555,LUAD,152,0.9820548464654074,0.0133443900140552,0.0042460029299415,5.739831460182209e-05,0.0002973622759939,0.00255489,2.4626684892634056,0.0482013599301346,0.0,ZNF528,protein_coding
Lung,19q13.33 KLK3,ENSG00000167555,LUSC,113,0.9725722380341024,0.0124083917028602,0.0123585447552613,0.0001551686610122,0.0025056568467639,0.00255489,3.217961972400773,0.0056413062938313,0.0,ZNF528,protein_coding
Lung,19q13.33 KLK3,ENSG00000167555,SCLC,132,0.9826204012251084,0.0120813489349742,0.004832275034031,5.900600569444154e-05,0.0004069688001918,0.00255489,1.8594274252370533,0.1775087856162763,0.0,ZNF528,protein_coding
Lung,19q13.33 KLK3,ENSG00000167555,PRAD,158,0.9826765396253712,0.0146419814065964,0.002436998728258,3.6103154357734246e-05,0.0002083770854166,0.00255489,2.168831168831169,0.0951867698080627,0.0,ZNF528,protein_coding
Lung,19q13.33 KLK3,ENSG00000167747,LUAD,564,0.9580848746241656,0.025099075063142,0.0156288285827027,0.0004086519014542,0.0007785698285353,0.00346814,2.8503174603174606,0.0172118907335878,0.0,C19orf48,protein_coding
Lung,19q13.33 KLK3,ENSG00000167747,LUSC,530,0.9555082702532158,0.0193269734893933,0.0237819613299824,0.0004801327725552,0.0009026621548531,0.00346814,3.217961972400773,0.0056413062938313,0.0,C19orf48,protein_coding
Lung,19q13.33 KLK3,ENSG00000167747,SCLC,512,0.9515260960781609,0.0211332437834879,0.0258399763658248,0.000572974069922,0.0009277097026046,0.00721047,2.9950270221172626,0.0112758339522445,0.0,C19orf48,protein_coding
Lung,19q13.33 KLK3,ENSG00000167747,PRAD,594,0.9648677502894546,0.0266224002308403,0.0078970668447396,0.0002174986959637,0.0003952839390015,0.00346814,2.6405228758169934,0.0306175921346995,0.0,C19orf48,protein_coding
Lung,19q13.33 KLK3,ENSG00000167748,LUAD,564,0.9449059513147148,0.0378924651994549,0.0154138464461892,0.0006169527858637,0.0011707842537772,0.0148476,2.8503174603174606,0.0172118907335878,0.0,KLK1,protein_coding
Lung,19q13.33 KLK3,ENSG00000167748,LUSC,530,0.9372814535692072,0.0367405149696345,0.0233283080618293,0.0009127098137767,0.0017370135855521,0.0148476,3.217961972400773,0.0056413062938313,0.0,KLK1,protein_coding
Lung,19q13.33 KLK3,ENSG00000167748,SCLC,512,0.9373334076455968,0.0344598772983064,0.0254545547413664,0.000933986339035,0.0018181739756949,0.0148476,2.9950270221172626,0.0112758339522445,0.0,KLK1,protein_coding
Lung,19q13.33 KLK3,ENSG00000167748,PRAD,594,0.9510616525983044,0.0402320026886027,0.0077840693108296,0.0003286896911258,0.0005935857111374,0.0148476,2.6405228758169934,0.0306175921346995,0.0,KLK1,protein_coding
Lung,19q13.33 KLK3,ENSG00000167749,LUAD,564,0.9384009502559996,0.0442125024719471,0.0153077331474934,0.0007198606802728,0.001358953444287,0.0263861,2.8503174603174606,0.0172118907335878,0.0,KLK4,protein_coding
Lung,19q13.33 KLK3,ENSG00000167749,LUSC,530,0.9389856462780808,0.0351295145410127,0.023370724277746,0.0008727086987235,0.0016414062044368,0.0290717,3.217961972400773,0.0056413062938313,0.0,KLK4,protein_coding
Lung,19q13.33 KLK3,ENSG00000167749,SCLC,512,0.9314168458663143,0.0403264437833318,0.0252938825147468,0.0010932494715221,0.0018695783640848,0.0263861,2.9950270221172626,0.0112758339522445,0.0,KLK4,protein_coding
Lung,19q13.33 KLK3,ENSG00000167749,PRAD,594,0.9443699724643084,0.046843086182526,0.0077293005144781,0.0003827174977305,0.0006749233409568,0.0263861,2.6405228758169934,0.0306175921346995,0.0,KLK4,protein_coding
Lung,19q13.33 KLK3,ENSG00000167751,LUAD,564,0.9499343126211904,0.0329242437033305,0.0154958719524802,0.0005359694965917,0.0011096022264066,0.032352,2.8503174603174606,0.0172118907335878,0.0,KLK2,protein_coding
Lung,19q13.33 KLK3,ENSG00000167751,LUSC,530,0.9420906976886478,0.0319864956879243,0.0234480069291605,0.0007944421116978,0.0016803575825693,0.032352,3.217961972400773,0.0056413062938313,0.0,KLK2,protein_coding
Lung,19q13.33 KLK3,ENSG00000167751,SCLC,512,0.9420261145416652,0.0297692549824673,0.025581991535571,0.0008066082977554,0.0018160306425406,0.032352,2.9950270221172626,0.0112758339522445,0.0,KLK2,protein_coding
Lung,19q13.33 KLK3,ENSG00000167751,PRAD,594,0.955569714155958,0.0357678259161355,0.0078209660393712,0.0002921964307168,0.0005492974578181,0.032352,2.6405228758169934,0.0306175921346995,0.0,KLK2,protein_coding
Lung,19q13.33 KLK3,ENSG00000167754,LUAD,564,0.8948416731795283,0.087088129821135,0.0145971693001289,0.0014185769448687,0.0020544507543385,0.000833971,2.8503174603174606,0.0172118907335878,0.0,KLK5,protein_coding
Lung,19q13.33 KLK3,ENSG00000167754,LUSC,530,0.8978572606526632,0.0755817879716539,0.0223470662865398,0.0018788450761114,0.0023350400130316,0.000833971,3.217961972400773,0.0056413062938313,0.0,KLK5,protein_coding
Lung,19q13.33 KLK3,ENSG00000167754,SCLC,512,0.8930920868625537,0.0774274409146908,0.0242531219187265,0.0020995189079294,0.0031278313960993,0.000833971,2.9950270221172626,0.0112758339522445,0.0,KLK5,protein_coding
Lung,19q13.33 KLK3,ENSG00000167754,PRAD,594,0.9001454435933158,0.0906594712651017,0.0073673399654115,0.0007409256526256,0.001086819523545,0.000833971,2.6405228758169934,0.0306175921346995,0.0,KLK5,protein_coding
Lung,19q13.33 KLK3,ENSG00000167757,LUAD,564,0.9567376183656516,0.0262595897660372,0.0156068513678662,0.0004273929034346,0.0009685475970101,0.00509167,2.8503174603174606,0.0172118907335878,0.0,KLK11,protein_coding
Lung,19q13.33 KLK3,ENSG00000167757,LUSC,530,0.9489124972582884,0.025600275558288,0.0236177969546546,0.0006359402345228,0.0012334899942458,0.00509167,3.217961972400773,0.0056413062938313,0.0,KLK11,protein_coding
Lung,19q13.33 KLK3,ENSG00000167757,SCLC,512,0.949488732617531,0.022892346464407,0.0257846490091835,0.0006204587758128,0.0012138131330655,0.0495329,2.9950270221172626,0.0112758339522445,0.0,KLK11,protein_coding
Lung,19q13.33 KLK3,ENSG00000167757,PRAD,594,0.9626503661101428,0.0287588520406496,0.0078789184186167,0.000234903045709,0.0004769603848818,0.00509167,2.6405228758169934,0.0306175921346995,0.0,KLK11,protein_coding
Lung,19q13.33 KLK3,ENSG00000167759,LUAD,564,0.936956416991298,0.045739204663169,0.015284169094481,0.0007448487127284,0.0012753605383233,0.010886,2.8503174603174606,0.0172118907335878,0.0,KLK13,protein_coding
Lung,19q13.33 KLK3,ENSG00000167759,LUSC,530,0.9296894014956052,0.044384469946857,0.0231393469670375,0.0011030159850814,0.001683765605419,0.010886,3.217961972400773,0.0056413062938313,0.0,KLK13,protein_coding
Lung,19q13.33 KLK3,ENSG00000167759,SCLC,512,0.9303342906457788,0.0414514947236153,0.0252644842655252,0.0011238454428543,0.0018258849222263,0.010886,2.9950270221172626,0.0112758339522445,0.0,KLK13,protein_coding
Lung,19q13.33 KLK3,ENSG00000167759,PRAD,594,0.9426237800987216,0.0486274041192452,0.0077150086098822,0.0003973599213713,0.0006364472507795,0.010886,2.6405228758169934,0.0306175921346995,0.0,KLK13,protein_coding
Lung,19q13.33 KLK3,ENSG00000168995,LUAD,564,0.955350174970076,0.027690306293453,0.0155842185974593,0.000450775592975,0.0009245245460365,0.0033309,2.8503174603174606,0.0172118907335878,0.0,SIGLEC7,protein_coding
Lung,19q13.33 KLK3,ENSG00000168995,LUSC,530,0.9470990534392671,0.0273455920174545,0.0235726615517275,0.0006793101001632,0.0013033828913873,0.0033309,3.217961972400773,0.0056413062938313,0.0,SIGLEC7,protein_coding
Lung,19q13.33 KLK3,ENSG00000168995,SCLC,512,0.947694503137376,0.0246940145363301,0.0257359242841831,0.000669393154065,0.0012061648880453,0.0033309,2.9950270221172626,0.0112758339522445,0.0,SIGLEC7,protein_coding
Lung,19q13.33 KLK3,ENSG00000168995,PRAD,594,0.9614771925829744,0.0299181033570314,0.0078693164500965,0.0002443770161461,0.0004910105937515,0.0033309,2.6405228758169934,0.0306175921346995,0.0,SIGLEC7,protein_coding
Lung,19q13.33 KLK3,ENSG00000169035,LUAD,564,0.9406697211275292,0.0419678988665415,0.0153447426358839,0.0006832700082355,0.0013343673618096,0.00365668,2.8503174603174606,0.0172118907335878,0.0,KLK7,protein_coding
Lung,19q13.33 KLK3,ENSG00000169035,LUSC,530,0.932864609896362,0.0410249675394154,0.0232183757789822,0.0010192111486261,0.0018728356366142,0.00365668,3.217961972400773,0.0056413062938313,0.0,KLK7,protein_coding
Lung,19q13.33 KLK3,ENSG00000169035,SCLC,512,0.9340832543301116,0.0372580663071176,0.0253662924381006,0.0010095102383741,0.0022828766862959,0.0118573,2.9950270221172626,0.0112758339522445,0.0,KLK7,protein_coding
Lung,19q13.33 KLK3,ENSG00000169035,PRAD,594,0.946172586362774,0.0450679895736487,0.0077440542073517,0.0003682167934359,0.0006471530627894,0.00365668,2.6405228758169934,0.0306175921346995,0.0,KLK7,protein_coding
Lung,19q13.33 KLK3,ENSG00000171049,LUAD,564,0.920109280673012,0.0622335960229659,0.0150093489688306,0.001013555802821,0.0016342185323704,0.000824794,2.8503174603174606,0.0172118907335878,0.0,FPR2,protein_coding
Lung,19q13.33 KLK3,ENSG00000171049,LUSC,530,0.912469918739701,0.061707679120181,0.0227107655661516,0.0015342854815864,0.0015773510923798,0.000824794,3.217961972400773,0.0056413062938313,0.0,FPR2,protein_coding
Lung,19q13.33 KLK3,ENSG00000171049,SCLC,512,0.9108658201886338,0.0587030743162201,0.0247357916541876,0.0015900560155063,0.004105257825452,0.000824794,2.9950270221172626,0.0112758339522445,0.0,FPR2,protein_coding
Lung,19q13.33 KLK3,ENSG00000171049,PRAD,594,0.926497000589404,0.0647052414223821,0.0075830171988963,0.000528901367285,0.0006858394220323,0.000824794,2.6405228758169934,0.0306175921346995,0.0,FPR2,protein_coding
Lung,19q13.33 KLK3,ENSG00000171051,LUAD,564,0.9649258173589492,0.017953549016694,0.0157404219542064,0.0002917801310118,0.0010884315391386,0.0114494,2.8503174603174606,0.0172118907335878,0.0,FPR1,protein_coding
Lung,19q13.33 KLK3,ENSG00000171051,LUSC,530,0.9570281198003068,0.0177723970139891,0.0238197893679823,0.000441404777667,0.0009382890400545,0.0114494,3.217961972400773,0.0056413062938313,0.0,FPR1,protein_coding
Lung,19q13.33 KLK3,ENSG00000171051,SCLC,512,0.958040575726168,0.0147505141563923,0.0260168858597777,0.0003997778890758,0.000792246368586,0.0216592,2.9950270221172626,0.0112758339522445,0.0,FPR1,protein_coding
Lung,19q13.33 KLK3,ENSG00000171051,PRAD,594,0.971226848636891,0.0203105770778739,0.0079491135886659,0.00016588659093,0.0003475741056389,0.00640404,2.6405228758169934,0.0306175921346995,0.0,FPR1,protein_coding
Lung,19q13.33 KLK3,ENSG00000171101,LUAD,564,0.9160560891869076,0.066380912391692,0.0149432309905314,0.0010813049561108,0.001538462474758,0.000907353,2.8503174603174606,0.0172118907335878,0.0,SIGLEC17P,transcribed_unprocessed_pseudogene
Lung,19q13.33 KLK3,ENSG00000171101,LUSC,530,0.9068821729801834,0.0662975375868471,0.0225716903140458,0.0016475002390663,0.0026010988798573,0.000907353,3.217961972400773,0.0056413062938313,0.0,SIGLEC17P,transcribed_unprocessed_pseudogene
Lung,19q13.33 KLK3,ENSG00000171101,SCLC,512,0.9081326512323912,0.0629144137912028,0.0246615687594881,0.0017059404592758,0.0025854257576418,0.000907353,2.9950270221172626,0.0112758339522445,0.0,SIGLEC17P,transcribed_unprocessed_pseudogene
Lung,19q13.33 KLK3,ENSG00000171101,PRAD,594,0.9176027254384056,0.072155913735577,0.0075102210199569,0.0005884253440539,0.0021427144620066,0.000907353,2.6405228758169934,0.0306175921346995,0.0,SIGLEC17P,transcribed_unprocessed_pseudogene
Lung,19q13.33 KLK3,ENSG00000176024,LUAD,564,0.9517875382237538,0.0311011137915554,0.0155261028287154,0.0005062601757282,0.0010789849802469,0.00360742,2.8503174603174606,0.0172118907335878,0.0,ZNF613,protein_coding
Lung,19q13.33 KLK3,ENSG00000176024,LUSC,530,0.9423435673868062,0.0319389149072269,0.0234543006867034,0.0007934684669421,0.0014697485523211,0.00360742,3.217961972400773,0.0056413062938313,0.0,ZNF613,protein_coding
Lung,19q13.33 KLK3,ENSG00000176024,SCLC,512,0.9432569955066908,0.0287974954618831,0.0256154177707278,0.0007804852800798,0.0015496059806184,0.00360742,2.9950270221172626,0.0112758339522445,0.0,ZNF613,protein_coding
Lung,19q13.33 KLK3,ENSG00000176024,PRAD,594,0.955004021911327,0.0362177882858965,0.007816336068613,0.0002957624036383,0.0006660913305248,0.00360742,2.6405228758169934,0.0306175921346995,0.0,ZNF613,protein_coding
Lung,19q13.33 KLK3,ENSG00000180279,LUAD,564,0.9428118170929098,0.0399259127628615,0.0153796857307363,0.0006500618074745,0.0012325226060175,0.0050027,2.8503174603174606,0.0172118907335878,0.0,LINC01869,lincRNA
Lung,19q13.33 KLK3,ENSG00000180279,LUSC,530,0.9351857325085786,0.0388060937926893,0.0232761469672852,0.0009640897648205,0.0017679369666262,0.0050027,3.217961972400773,0.0056413062938313,0.0,LINC01869,lincRNA
Lung,19q13.33 KLK3,ENSG00000180279,SCLC,512,0.9356057074883942,0.0361497661051864,0.0254076367099921,0.0009798386750739,0.0018570510213531,0.0050027,2.9950270221172626,0.0112758339522445,0.0,LINC01869,lincRNA
Lung,19q13.33 KLK3,ENSG00000180279,PRAD,594,0.948589656250094,0.0427051767577549,0.0077638369832428,0.0003489328464486,0.0005923971624594,0.0050027,2.6405228758169934,0.0306175921346995,0.0,LINC01869,lincRNA
Lung,19q13.33 KLK3,ENSG00000182310,LUAD,564,0.9580069497026902,0.0250535244949212,0.0156275574268038,0.0004077832392186,0.0009041851363661,0.0101027,2.8503174603174606,0.0172118907335878,0.0,SPACA6,protein_coding
Lung,19q13.33 KLK3,ENSG00000182310,LUSC,530,0.949611478352386,0.0249155032926576,0.0236351941262624,0.0006189112881994,0.0012189129404942,0.0101027,3.217961972400773,0.0056413062938313,0.0,SPACA6,protein_coding
Lung,19q13.33 KLK3,ENSG00000182310,SCLC,512,0.9501995792860872,0.022246082999458,0.0258039530106091,0.0006029750219649,0.0011474096818803,0.0300123,2.9950270221172626,0.0112758339522445,0.0,SPACA6,protein_coding
Lung,19q13.33 KLK3,ENSG00000182310,PRAD,594,0.9643875097102458,0.0270723018284959,0.0078931362625905,0.0002211503474497,0.0004259018512177,0.0101027,2.6405228758169934,0.0306175921346995,0.0,SPACA6,protein_coding
Lung,19q13.33 KLK3,ENSG00000186474,LUAD,564,0.9371495411465804,0.0454204615846854,0.0152873194461857,0.0007395213973966,0.0014031564251516,0.00150924,2.8503174603174606,0.0172118907335878,0.0,KLK12,protein_coding
Lung,19q13.33 KLK3,ENSG00000186474,LUSC,530,0.9295325421984008,0.0447074457525997,0.0231354428441152,0.001111225058179,0.0015133441467052,0.00150924,3.217961972400773,0.0056413062938313,0.0,KLK12,protein_coding
Lung,19q13.33 KLK3,ENSG00000186474,SCLC,512,0.9296933753301,0.0417960543024721,0.0252470793444433,0.0011328977152294,0.002130593307755,0.00150924,2.9950270221172626,0.0112758339522445,0.0,KLK12,protein_coding
Lung,19q13.33 KLK3,ENSG00000186474,PRAD,594,0.943170252460526,0.0481052470863908,0.0077194812733831,0.0003931108082495,0.0006119083714504,0.00150924,2.6405228758169934,0.0306175921346995,0.0,KLK12,protein_coding
Lung,19q13.33 KLK3,ENSG00000186806,LUAD,564,0.0323736984983683,0.9346647875625442,0.0005280982904751,0.0152295828914707,0.0172038327571414,1.4294e-06,2.8503174603174606,0.0172118907335878,3.3628416306415527,VSIG10L,protein_coding
Lung,19q13.33 KLK3,ENSG00000186806,LUSC,530,0.0320785998356874,0.9261229327565994,0.0007984148798734,0.0230326125071215,0.0179674400207183,1.4294e-06,3.217961972400773,0.0056413062938313,3.3628178465652887,VSIG10L,protein_coding
Lung,19q13.33 KLK3,ENSG00000186806,SCLC,512,0.03193737379415,0.9171525564040848,0.0008673025232085,0.024881355055393,0.0251614122231635,1.4294e-06,2.9950270221172626,0.0112758339522445,3.357496906786009,VSIG10L,protein_coding
Lung,19q13.33 KLK3,ENSG00000186806,PRAD,594,0.0319457735063525,0.9439179673090956,0.0002614637173963,0.0077094356684816,0.0161653597986736,1.4294e-06,2.6405228758169934,0.0306175921346995,3.385999375880628,VSIG10L,protein_coding
Lung,19q13.33 KLK3,ENSG00000187474,LUAD,564,0.9377740221926152,0.0451634851360625,0.0152975063382661,0.0007357033239698,0.0010292830090862,0.000942997,2.8503174603174606,0.0172118907335878,0.0,FPR3,protein_coding
Lung,19q13.33 KLK3,ENSG00000187474,LUSC,530,0.9335664064154676,0.0409031962809686,0.023235843024634,0.0010167754002622,0.0012777788786673,0.00134184,3.217961972400773,0.0056413062938313,0.0,FPR3,protein_coding
Lung,19q13.33 KLK3,ENSG00000187474,SCLC,512,0.9292265527681586,0.0404477127428595,0.0252344021472363,0.0010944153552937,0.0039969169864517,0.000942997,2.9950270221172626,0.0112758339522445,0.0,FPR3,protein_coding
Lung,19q13.33 KLK3,ENSG00000187474,PRAD,594,0.9431685463511558,0.0481749668636193,0.0077194673095422,0.0003937500764515,0.000543269399231,0.000942997,2.6405228758169934,0.0306175921346995,0.0,FPR3,protein_coding
Lung,19q13.33 KLK3,ENSG00000196214,LUAD,510,0.9505556608766166,0.0352938928521951,0.0126702107661246,0.0004694309376678,0.0010108045673958,0.00432202,2.8503174603174606,0.0172118907335878,0.0,ZNF766,protein_coding
Lung,19q13.33 KLK3,ENSG00000196214,LUSC,476,0.9422700138698769,0.0341327382581086,0.0208059453808208,0.0007516337767339,0.0020396687144598,0.00432202,3.217961972400773,0.0056413062938313,0.0,ZNF766,protein_coding
Lung,19q13.33 KLK3,ENSG00000196214,SCLC,463,0.9399550937839672,0.0341201935697022,0.0235104690410343,0.0008518632352785,0.0015623803700176,0.00432202,2.9950270221172626,0.0112758339522445,0.0,ZNF766,protein_coding
Lung,19q13.33 KLK3,ENSG00000196214,PRAD,540,0.9533695806689902,0.0386020368667717,0.0071776742962602,0.0002900641602864,0.0005606440076913,0.00432202,2.6405228758169934,0.0306175921346995,0.0,ZNF766,protein_coding
Lung,19q13.33 KLK3,ENSG00000196267,LUAD,564,0.954049978470856,0.0288673331758787,0.0155630090483386,0.0004698506247086,0.0010498286802179,0.00631352,2.8503174603174606,0.0172118907335878,0.0,ZNF836,protein_coding
Lung,19q13.33 KLK3,ENSG00000196267,LUSC,530,0.9463581867857236,0.0280842052046044,0.0235542218765789,0.000697691376176,0.0013056947569168,0.00631352,3.217961972400773,0.0056413062938313,0.0,ZNF836,protein_coding
Lung,19q13.33 KLK3,ENSG00000196267,SCLC,512,0.9490238477957222,0.0233466922381426,0.0257720244339271,0.0006327863128975,0.0012246492193103,0.00631352,2.9950270221172626,0.0112758339522445,0.0,ZNF836,protein_coding
Lung,19q13.33 KLK3,ENSG00000196267,PRAD,594,0.9601680171884508,0.031247033421823,0.007858601359247,0.0002552737275706,0.0004710743029081,0.00631352,2.6405228758169934,0.0306175921346995,0.0,ZNF836,protein_coding
Lung,19q13.33 KLK3,ENSG00000197608,LUAD,564,0.9648414526281734,0.0182972027268802,0.0157390457484541,0.0002976497893642,0.0008246491071277,0.0083601,2.8503174603174606,0.0172118907335878,0.0,ZNF841,protein_coding
Lung,19q13.33 KLK3,ENSG00000197608,LUSC,530,0.9573212534650436,0.0174998290052489,0.0238270852687048,0.0004346418409778,0.000917190420025,0.0083601,3.217961972400773,0.0056413062938313,0.0,ZNF841,protein_coding
Lung,19q13.33 KLK3,ENSG00000197608,SCLC,512,0.9563401970888088,0.0164435663222348,0.0259707097811778,0.000445747474481,0.0007997793332972,0.0083601,2.9950270221172626,0.0112758339522445,0.0,ZNF841,protein_coding
Lung,19q13.33 KLK3,ENSG00000197608,PRAD,594,0.9711503375853944,0.0203973698987366,0.0079484873755005,0.0001666073326721,0.0003371978076962,0.0083601,2.6405228758169934,0.0306175921346995,0.0,ZNF841,protein_coding
Lung,19q13.33 KLK3,ENSG00000197619,LUAD,564,0.9468189641048516,0.035493588819403,0.0154450526052315,0.0005773266584282,0.0016650678120853,0.00185677,2.8503174603174606,0.0172118907335878,0.0,ZNF615,protein_coding
Lung,19q13.33 KLK3,ENSG00000197619,LUSC,530,0.9453021845824424,0.0290537075683496,0.0235279386885159,0.0007217328996226,0.0013944362610693,0.00185677,3.217961972400773,0.0056413062938313,0.0,ZNF615,protein_coding
Lung,19q13.33 KLK3,ENSG00000197619,SCLC,512,0.940183107678708,0.032017190650333,0.025531942194857,0.0008680703686393,0.0013996891074623,0.00185677,2.9950270221172626,0.0112758339522445,0.0,ZNF615,protein_coding
Lung,19q13.33 KLK3,ENSG00000197619,PRAD,594,0.9535498996948888,0.0377598403834507,0.0078044346444643,0.0003084722379179,0.0005773530392779,0.00185677,2.6405228758169934,0.0306175921346995,0.0,ZNF615,protein_coding
Lung,19q13.33 KLK3,ENSG00000198093,LUAD,564,0.930778881300552,0.05185011402146,0.0151833975982061,0.0008444655811919,0.0013431414985896,0.00336541,2.8503174603174606,0.0172118907335878,0.0,ZNF649,protein_coding
Lung,19q13.33 KLK3,ENSG00000198093,LUSC,530,0.9259551127051552,0.0482854721156318,0.0230464030183829,0.0012002803519386,0.0015127318088912,0.00336541,3.217961972400773,0.0056413062938313,0.0,ZNF649,protein_coding
Lung,19q13.33 KLK3,ENSG00000198093,SCLC,512,0.9320352880823758,0.0394905423249662,0.0253106771484542,0.0010703258501376,0.0020931665940659,0.00841867,2.9950270221172626,0.0112758339522445,0.0,ZNF649,protein_coding
Lung,19q13.33 KLK3,ENSG00000198093,PRAD,594,0.93719756048619,0.0540648700876257,0.0076705971151653,0.0004418748128844,0.0006250974981341,0.00336541,2.6405228758169934,0.0306175921346995,0.0,ZNF649,protein_coding
Lung,19q13.33 KLK3,ENSG00000198464,LUAD,442,0.9611650502907644,0.0267292599235348,0.011124483975973,0.0003086908182039,0.0006725149915238,0.00406728,2.8503174603174606,0.0172118907335878,0.0,ZNF480,protein_coding
Lung,19q13.33 KLK3,ENSG00000198464,LUSC,406,0.9540296508432068,0.0250703318467497,0.0192892483691841,0.0005057847726253,0.0011049841682338,0.00406728,3.217961972400773,0.0056413062938313,0.0,ZNF480,protein_coding
Lung,19q13.33 KLK3,ENSG00000198464,SCLC,397,0.9539124659471382,0.0229024934475433,0.0215299709267514,0.0005157739806015,0.0011392956979652,0.00568393,2.9950270221172626,0.0112758339522445,0.0,ZNF480,protein_coding
Lung,19q13.33 KLK3,ENSG00000198464,PRAD,466,0.9641930020069144,0.0287830341953997,0.0063203467827472,0.000188159171817,0.0005154578431216,0.00406728,2.6405228758169934,0.0306175921346995,0.0,ZNF480,protein_coding
Lung,19q13.33 KLK3,ENSG00000204611,LUAD,564,0.960122077328156,0.0230016768143816,0.0156620605986673,0.0003743767025986,0.0008398085561962,0.0180318,2.8503174603174606,0.0172118907335878,0.0,ZNF616,protein_coding
Lung,19q13.33 KLK3,ENSG00000204611,LUSC,530,0.95212796279676,0.0224764232882378,0.0236978277398131,0.0005582836297478,0.0011395025454413,0.0144544,3.217961972400773,0.0056413062938313,0.0,ZNF616,protein_coding
Lung,19q13.33 KLK3,ENSG00000204611,SCLC,512,0.952278671015377,0.0202949340867747,0.0258604135547483,0.0005501204866485,0.0010158608564512,0.0180318,2.9950270221172626,0.0112758339522445,0.0,ZNF616,protein_coding
Lung,19q13.33 KLK3,ENSG00000204611,PRAD,594,0.9332189313265186,0.0574658913937911,0.0076380335846557,0.0004691279297497,0.0012080157652847,2.72126e-05,2.6405228758169934,0.0306175921346995,0.0,ZNF616,protein_coding
Lung,19q13.33 KLK3,ENSG00000204653,LUAD,564,0.9159653950275388,0.0662481734515917,0.0149417515355188,0.0010789123374085,0.0017657676479419,0.00214951,2.8503174603174606,0.0172118907335878,0.0,ASPDH,protein_coding
Lung,19q13.33 KLK3,ENSG00000204653,LUSC,530,0.9073493919409988,0.0656663223884613,0.0225833190812733,0.001631621469007,0.0027693451202595,0.00214951,3.217961972400773,0.0056413062938313,0.0,ASPDH,protein_coding
Lung,19q13.33 KLK3,ENSG00000204653,SCLC,512,0.9090713024684578,0.0620922417633043,0.0246870591016402,0.0016837330294705,0.0024656636371268,0.00214951,2.9950270221172626,0.0112758339522445,0.0,ASPDH,protein_coding
Lung,19q13.33 KLK3,ENSG00000204653,PRAD,594,0.9212415179994472,0.0697795759802792,0.0075400031202292,0.0005702500063718,0.0008686528936723,0.00214951,2.6405228758169934,0.0306175921346995,0.0,ASPDH,protein_coding
Lung,19q13.33 KLK3,ENSG00000213023,LUAD,564,0.9034143308025387,0.0783096082158507,0.0147370113955809,0.0012751672467809,0.0022638823392484,0.00112903,2.8503174603174606,0.0172118907335878,0.0,SYT3,protein_coding
Lung,19q13.33 KLK3,ENSG00000213023,LUSC,530,0.8946176972702203,0.0775502118317534,0.0222664357221734,0.0019265337471179,0.0036391214287348,0.00112903,3.217961972400773,0.0056413062938313,0.0,SYT3,protein_coding
Lung,19q13.33 KLK3,ENSG00000213023,SCLC,512,0.9004156957386618,0.0704298548701092,0.0244520044097598,0.001909825218879,0.00279261976259,0.00112903,2.9950270221172626,0.0112758339522445,0.0,SYT3,protein_coding
Lung,19q13.33 KLK3,ENSG00000213023,PRAD,594,0.9088970109690296,0.0819602442900323,0.0074389681367765,0.0006697786886681,0.0010339979154932,0.00112903,2.6405228758169934,0.0306175921346995,0.0,SYT3,protein_coding
Lung,19q13.33 KLK3,ENSG00000221923,LUAD,252,0.9652700760964252,0.0275012582594638,0.0061305749462336,0.0001737402631801,0.0009243504346972,0.000759063,2.4626684892634056,0.0482013599301346,0.0,ZNF880,protein_coding
Lung,19q13.33 KLK3,ENSG00000221923,LUSC,207,0.9580571106442765,0.0257074190463519,0.0145652398138746,0.0003895464589863,0.0012806840365104,0.000759063,3.217961972400773,0.0056413062938313,0.0,ZNF880,protein_coding
Lung,19q13.33 KLK3,ENSG00000221923,SCLC,230,0.9643715847573996,0.025547246957728,0.0078445272644869,0.0002057791549995,0.0020308618653858,0.000759063,2.072736090291861,0.1167036515640011,0.0,ZNF880,protein_coding
Lung,19q13.33 KLK3,ENSG00000221923,PRAD,262,0.9672068759725996,0.0283484812064366,0.0038343327245198,0.0001118844697812,0.0004984256266625,0.000759063,2.168831168831169,0.0951867698080627,0.0,ZNF880,protein_coding
Lung,19q13.33 KLK3,ENSG00000235034,LUAD,564,0.9302799076344708,0.0520762363828392,0.0151752580543087,0.0008478766387213,0.0016207212896601,0.00814097,2.8503174603174606,0.0172118907335878,0.0,C19orf81,protein_coding
Lung,19q13.33 KLK3,ENSG00000235034,LUSC,530,0.9392961572391038,0.0348600479784562,0.0233784526877425,0.0008660439644081,0.0015992981302893,0.00814097,3.217961972400773,0.0056413062938313,0.0,C19orf81,protein_coding
Lung,19q13.33 KLK3,ENSG00000235034,SCLC,512,0.923174152256819,0.0484384629430747,0.0250700410363701,0.0013134079512653,0.0020039358124705,0.00814097,2.9950270221172626,0.0112758339522445,0.0,C19orf81,protein_coding
Lung,19q13.33 KLK3,ENSG00000235034,PRAD,594,0.9362577712237556,0.0548820883612679,0.0076629053059789,0.0004484397283707,0.0007487953806266,0.00814097,2.6405228758169934,0.0306175921346995,0.0,C19orf81,protein_coding
Lung,19q13.33 KLK3,ENSG00000243680,LUAD,564,0.9422546707797008,0.0402580258069842,0.0153705972413391,0.0006552504923742,0.0014614556796015,0.00291687,2.8503174603174606,0.0172118907335878,0.0,RPL37P23,processed_pseudogene
Lung,19q13.33 KLK3,ENSG00000243680,LUSC,530,0.9343324195033896,0.0397646186273942,0.0232549085777039,0.0009880547448407,0.0016599985466715,0.00291687,3.217961972400773,0.0056413062938313,0.0,RPL37P23,processed_pseudogene
Lung,19q13.33 KLK3,ENSG00000243680,SCLC,512,0.9355071737076844,0.0354649320311378,0.0254049608920873,0.0009604356340737,0.0026624977350163,0.0071219,2.9950270221172626,0.0112758339522445,0.0,RPL37P23,processed_pseudogene
Lung,19q13.33 KLK3,ENSG00000243680,PRAD,594,0.9478309460169464,0.0434179107177483,0.0077576272354042,0.0003547198974233,0.0006387961324777,0.00291687,2.6405228758169934,0.0306175921346995,0.0,RPL37P23,processed_pseudogene
Lung,19q13.33 KLK3,ENSG00000244071,LUAD,564,0.9477927399491392,0.0349295481777008,0.015460937393888,0.0005685425406739,0.0012482319385979,0.00470636,2.8503174603174606,0.0172118907335878,0.0,RPL9P33,processed_pseudogene
Lung,19q13.33 KLK3,ENSG00000244071,LUSC,530,0.9408158575407614,0.0332758576204339,0.0234162770111234,0.0008265483653551,0.001665459462326,0.00470636,3.217961972400773,0.0056413062938313,0.0,RPL9P33,processed_pseudogene
Lung,19q13.33 KLK3,ENSG00000244071,SCLC,512,0.9404246090009554,0.0314979645533272,0.0255385004894586,0.0008536845303377,0.0016852414259209,0.00470636,2.9950270221172626,0.0112758339522445,0.0,RPL9P33,processed_pseudogene
Lung,19q13.33 KLK3,ENSG00000244071,PRAD,594,0.9536681645128288,0.0376194956416404,0.0078054025959502,0.00030730128793,0.0005996359616502,0.00470636,2.6405228758169934,0.0306175921346995,0.0,RPL9P33,processed_pseudogene
Lung,19q13.33 KLK3,ENSG00000254415,LUAD,564,0.9411124708720796,0.0415889227821146,0.0153519650230084,0.0006771528123905,0.0012694885104066,0.00420101,2.8503174603174606,0.0172118907335878,0.0,SIGLEC14,protein_coding
Lung,19q13.33 KLK3,ENSG00000254415,LUSC,530,0.9340707152217478,0.0399084000203054,0.0232483949332911,0.0009915123885887,0.0017809774360667,0.00420101,3.217961972400773,0.0056413062938313,0.0,SIGLEC14,protein_coding
Lung,19q13.33 KLK3,ENSG00000254415,SCLC,512,0.936338107725906,0.0354577653120434,0.0254275260276951,0.0009610879969342,0.001815512937421,0.0270893,2.9950270221172626,0.0112758339522445,0.0,SIGLEC14,protein_coding
Lung,19q13.33 KLK3,ENSG00000254415,PRAD,594,0.9466634407968773,0.0445918403558949,0.0077480716597704,0.0003643345379005,0.0006323126495567,0.00420101,2.6405228758169934,0.0306175921346995,0.0,SIGLEC14,protein_coding
Lung,19q13.33 KLK3,ENSG00000254521,LUAD,564,0.8581161949919167,0.1234089618255688,0.0139980822897666,0.0020106514765364,0.0024661094162114,4.84398e-05,2.8503174603174606,0.0172118907335878,0.0,SIGLEC12,protein_coding
Lung,19q13.33 KLK3,ENSG00000254521,LUSC,530,0.8509101949679323,0.1207501969613154,0.021178585243069,0.0030012317938666,0.0041597910338165,4.84398e-05,3.217961972400773,0.0056413062938313,0.0,SIGLEC12,protein_coding
Lung,19q13.33 KLK3,ENSG00000254521,SCLC,512,0.8514933732662099,0.1171478807869225,0.0231234526636124,0.0031762498910838,0.0050590433921708,4.84398e-05,2.9950270221172626,0.0112758339522445,0.0,SIGLEC12,protein_coding
Lung,19q13.33 KLK3,ENSG00000254521,PRAD,594,0.8611158361209756,0.1287389071213612,0.007047897825242,0.0010516321007785,0.0020457268316423,2.96702e-05,2.6405228758169934,0.0306175921346995,0.0,SIGLEC12,protein_coding
Lung,19q13.33 KLK3,ENSG00000254760,LUAD,564,0.952653489240018,0.0301295505781817,0.0155402287170919,0.0004903040383269,0.0011864274263812,0.0102273,2.8503174603174606,0.0172118907335878,0.0,CTD-2616J11.3,antisense
Lung,19q13.33 KLK3,ENSG00000254760,LUSC,530,0.9447361230294022,0.0295284149669169,0.0235138497953228,0.000733454327434,0.0014881578809237,0.0102273,3.217961972400773,0.0056413062938313,0.0,CTD-2616J11.3,antisense
Lung,19q13.33 KLK3,ENSG00000254760,SCLC,512,0.9457543033119022,0.0263792456027612,0.0256832355372934,0.0007148957249814,0.0014683198230613,0.0102273,2.9950270221172626,0.0112758339522445,0.0,CTD-2616J11.3,antisense
Lung,19q13.33 KLK3,ENSG00000254760,PRAD,594,0.9583687748960528,0.032965106882624,0.0078438752616562,0.0002692535747976,0.0005529893848693,0.00240612,2.6405228758169934,0.0306175921346995,0.0,CTD-2616J11.3,antisense
Lung,19q13.33 KLK3,ENSG00000255441,LUAD,564,0.9480458846645858,0.034678684385067,0.0154650668353071,0.0005644526274236,0.0012459114876162,0.0105293,2.8503174603174606,0.0172118907335878,0.0,CTD-2616J11.2,antisense
Lung,19q13.33 KLK3,ENSG00000255441,LUSC,530,0.9419596709958656,0.0321291410621443,0.0234447457624727,0.0007980043793728,0.0016684378001444,0.0105293,3.217961972400773,0.0056413062938313,0.0,CTD-2616J11.2,antisense
Lung,19q13.33 KLK3,ENSG00000255441,SCLC,512,0.9406806472334588,0.0313164145513514,0.0255454535534932,0.0008488308824611,0.0016086537792353,0.0105293,2.9950270221172626,0.0112758339522445,0.0,CTD-2616J11.2,antisense
Lung,19q13.33 KLK3,ENSG00000255441,PRAD,594,0.95368893634775,0.0375951064425341,0.0078055726053311,0.0003070980212102,0.0006032865831744,0.0105293,2.6405228758169934,0.0306175921346995,0.0,CTD-2616J11.2,antisense
Lung,19q13.33 KLK3,ENSG00000256087,LUAD,564,0.9617386112517324,0.0214655652887891,0.0156884304248266,0.0003494005887141,0.0007579924459375,0.0203865,2.8503174603174606,0.0172118907335878,0.0,ZNF432,protein_coding
Lung,19q13.33 KLK3,ENSG00000256087,LUSC,530,0.9532642052008398,0.0213918397419028,0.0237261080527696,0.0005313420687953,0.0010865049356923,0.0203865,3.217961972400773,0.0056413062938313,0.0,ZNF432,protein_coding
Lung,19q13.33 KLK3,ENSG00000256087,SCLC,512,0.9532025179234982,0.0193195964646786,0.0258855018653789,0.0005235809341756,0.0010688028122685,0.0203865,2.9950270221172626,0.0112758339522445,0.0,ZNF432,protein_coding
Lung,19q13.33 KLK3,ENSG00000256087,PRAD,594,0.9676596391257184,0.023835302266875,0.0079199173677843,0.000194692219262,0.00039044902036,0.0203865,2.6405228758169934,0.0306175921346995,0.0,ZNF432,protein_coding
Lung,19q13.33 KLK3,ENSG00000256683,LUAD,564,0.9389449723699708,0.0438714367886715,0.0153166075474444,0.0007145034953738,0.0011524797985391,0.00287261,2.8503174603174606,0.0172118907335878,0.0,ZNF350,protein_coding
Lung,19q13.33 KLK3,ENSG00000256683,LUSC,530,0.9297332426930208,0.0445246725934337,0.0231404381450985,0.0011066943485032,0.0014949522199435,0.00287261,3.217961972400773,0.0056413062938313,0.0,ZNF350,protein_coding
Lung,19q13.33 KLK3,ENSG00000256683,SCLC,512,0.930020946016648,0.04176735835446,0.0252559749688864,0.0011324257363856,0.0018232949236196,0.00287261,2.9950270221172626,0.0112758339522445,0.0,ZNF350,protein_coding
Lung,19q13.33 KLK3,ENSG00000256683,PRAD,594,0.944225023362844,0.047053130529294,0.0077281141625215,0.0003845023226419,0.0006092296226981,0.00287261,2.6405228758169934,0.0306175921346995,0.0,ZNF350,protein_coding
Lung,19q13.33 KLK3,ENSG00000260160,LUAD,564,0.9242434285060336,0.0582814963342338,0.0150767875533748,0.0009492720947746,0.0014490155115826,0.00129426,2.8503174603174606,0.0172118907335878,0.0,CTC-471J1.2,sense_overlapping
Lung,19q13.33 KLK3,ENSG00000260160,LUSC,530,0.9162472604075916,0.0570790326344884,0.0228047810721106,0.0014182082018945,0.0024507176839146,0.00129426,3.217961972400773,0.0056413062938313,0.0,CTC-471J1.2,sense_overlapping
Lung,19q13.33 KLK3,ENSG00000260160,SCLC,512,0.91817979263648,0.0527657253953987,0.0249344124549955,0.0014302347090023,0.0026898348041233,0.00129426,2.9950270221172626,0.0112758339522445,0.0,CTC-471J1.2,sense_overlapping
Lung,19q13.33 KLK3,ENSG00000260160,PRAD,594,0.9301537083827636,0.0608432353381998,0.0076129459283695,0.0004970851654754,0.0008930251851912,0.00129426,2.6405228758169934,0.0306175921346995,0.0,CTC-471J1.2,sense_overlapping
Lung,19q13.33 KLK3,ENSG00000262874,LUAD,564,2.8489199974570877e-06,0.9695474445421522,4.6473212828411646e-08,0.0158011640848115,0.0146484959798258,7.32691e-12,2.8503174603174606,0.0172118907335878,12.737644715391058,C19orf84,protein_coding
Lung,19q13.33 KLK3,ENSG00000262874,LUSC,530,2.813322882389402e-06,0.9574329964551058,7.002172360058068e-08,0.0238111134702083,0.0187530067300798,7.32691e-12,3.217961972400773,0.0056413062938313,12.737644714853454,C19orf84,protein_coding
Lung,19q13.33 KLK3,ENSG00000262874,SCLC,512,2.792353727393364e-06,0.9502967446534564,7.58301371010855e-08,0.0257826739541928,0.0239177132084864,7.32691e-12,2.9950270221172626,0.0112758339522445,12.737644707527048,C19orf84,protein_coding
Lung,19q13.33 KLK3,ENSG00000262874,PRAD,594,2.866308357759228e-06,0.9756910082115982,2.3459617851327437e-08,0.0079693142087595,0.0163367878116667,7.32691e-12,2.6405228758169934,0.0306175921346995,12.737876310022992,C19orf84,protein_coding
Lung,19q13.33 KLK3,ENSG00000267895,LUAD,564,0.9501144060378636,0.0326193286785703,0.0154988097393221,0.0005308685635156,0.0012365869807283,0.00537761,2.8503174603174606,0.0172118907335878,0.0,SIGLEC19P,transcribed_unprocessed_pseudogene
Lung,19q13.33 KLK3,ENSG00000267895,LUSC,530,0.941950761481225,0.0321612062934931,0.0234445240106163,0.0007988262173228,0.0016446819973425,0.00537761,3.217961972400773,0.0056413062938313,0.0,SIGLEC19P,transcribed_unprocessed_pseudogene
Lung,19q13.33 KLK3,ENSG00000267895,SCLC,512,0.9432887003089696,0.0287111636362133,0.0256162787574574,0.0007780846560846,0.0016057726412748,0.00537761,2.9950270221172626,0.0112758339522445,0.0,SIGLEC19P,transcribed_unprocessed_pseudogene
Lung,19q13.33 KLK3,ENSG00000267895,PRAD,594,0.9555340336775756,0.0357444801388018,0.0078206740085486,0.0002919457856879,0.0006088663893856,0.00537761,2.6405228758169934,0.0306175921346995,0.0,SIGLEC19P,transcribed_unprocessed_pseudogene
Lung,19q13.33 KLK3,ENSG00000267927,LUAD,564,0.944617364608714,0.0382355088298739,0.0154091388547442,0.0006226041104715,0.0011153835961961,0.00185563,2.8503174603174606,0.0172118907335878,0.0,CTD-2525I3.2,antisense
Lung,19q13.33 KLK3,ENSG00000267927,LUSC,530,0.9375566886089082,0.0362805514035832,0.0233351584777541,0.0009010721126573,0.001926529397097,0.00185563,3.217961972400773,0.0056413062938313,0.0,CTD-2525I3.2,antisense
Lung,19q13.33 KLK3,ENSG00000267927,SCLC,512,0.938319397033094,0.0333748860012601,0.0254813306149603,0.000904420142633,0.0019199662080522,0.0076,2.9950270221172626,0.0112758339522445,0.0,CTD-2525I3.2,antisense
Lung,19q13.33 KLK3,ENSG00000267927,PRAD,594,0.949940300890926,0.0413697695768194,0.0077748914837264,0.0003380184361914,0.0005770196123365,0.00185563,2.6405228758169934,0.0306175921346995,0.0,CTD-2525I3.2,antisense
Lung,19q13.33 KLK3,ENSG00000267990,LUAD,564,0.951150368628928,0.0317052826554666,0.0155157089537682,0.0005160821512431,0.0011125576105939,0.0116485,2.8503174603174606,0.0172118907335878,0.0,CTD-3187F8.15,unprocessed_pseudogene
Lung,19q13.33 KLK3,ENSG00000267990,LUSC,530,0.942713234551654,0.0312035309264604,0.0234635014550201,0.0007747900573922,0.001844943009473,0.0116485,3.217961972400773,0.0056413062938313,0.0,CTD-3187F8.15,unprocessed_pseudogene
Lung,19q13.33 KLK3,ENSG00000267990,SCLC,512,0.9437637609231406,0.0283134372681435,0.0256291796700999,0.0007673633732263,0.0015262587653895,0.0143815,2.9950270221172626,0.0112758339522445,0.0,CTD-3187F8.15,unprocessed_pseudogene
Lung,19q13.33 KLK3,ENSG00000267990,PRAD,594,0.9567897734107796,0.0345651873268483,0.0078309517493164,0.0002823708829636,0.0005317166300918,0.0116485,2.6405228758169934,0.0306175921346995,0.0,CTD-3187F8.15,unprocessed_pseudogene
Lung,19q13.33 KLK3,ENSG00000268316,LUAD,564,0.9064650592322524,0.0758346478649125,0.0147867766230082,0.0012353800237271,0.0016781362560996,0.000800753,2.8503174603174606,0.0172118907335878,0.0,AC006272.2,lincRNA
Lung,19q13.33 KLK3,ENSG00000268316,LUSC,530,0.9047838616016776,0.0687772673222707,0.0225194647482235,0.0017096103554184,0.0022097959724096,0.000800753,3.217961972400773,0.0056413062938313,0.0,AC006272.2,lincRNA
Lung,19q13.33 KLK3,ENSG00000268316,SCLC,512,0.9162842564488692,0.0550523885190378,0.0248829366095192,0.0014927342853888,0.0022876841371847,0.000800753,2.9950270221172626,0.0112758339522445,0.0,AC006272.2,lincRNA
Lung,19q13.33 KLK3,ENSG00000268316,PRAD,594,0.9118891928966376,0.0792888082168841,0.0074634579807855,0.0006482377193178,0.0007103031863749,0.000800753,2.6405228758169934,0.0306175921346995,0.0,AC006272.2,lincRNA
Lung,19q13.33 KLK3,ENSG00000268520,LUAD,564,0.9122564308485326,0.0699653605905815,0.014881248789981,0.0011395575860369,0.0017574021848678,0.00346719,2.8503174603174606,0.0172118907335878,0.0,CTD-2616J11.10,sense_intronic
Lung,19q13.33 KLK3,ENSG00000268520,LUSC,530,0.9065718355185792,0.067006700420398,0.0225639662223337,0.001665559988384,0.0021919378503048,0.00346719,3.217961972400773,0.0056413062938313,0.0,CTD-2616J11.10,sense_intronic
Lung,19q13.33 KLK3,ENSG00000268520,SCLC,512,0.9095477518304752,0.0608541103962118,0.0246999977276062,0.001649326750194,0.0032488132955127,0.00576433,2.9950270221172626,0.0112758339522445,0.0,CTD-2616J11.10,sense_intronic
Lung,19q13.33 KLK3,ENSG00000268520,PRAD,594,0.9180415076355752,0.0728573230680652,0.0075138122813917,0.0005953167805596,0.0009920402344081,0.00346719,2.6405228758169934,0.0306175921346995,0.0,CTD-2616J11.10,sense_intronic
Lung,19q13.33 KLK3,ENSG00000268581,LUAD,564,0.9469552381331588,0.0358847930526927,0.0154472755851419,0.0005842448250926,0.0011284484039137,0.00771321,2.8503174603174606,0.0172118907335878,0.0,SIGLEC18P,unprocessed_pseudogene
Lung,19q13.33 KLK3,ENSG00000268581,LUSC,530,0.9381253808983988,0.0352409055494869,0.0233493128482167,0.0008747128647362,0.0024096878391612,0.00272803,3.217961972400773,0.0056413062938313,0.0,SIGLEC18P,unprocessed_pseudogene
Lung,19q13.33 KLK3,ENSG00000268581,SCLC,512,0.938877855594576,0.0330465791001267,0.0254964963115077,0.0008957411636664,0.0016833278301229,0.00272803,2.9950270221172626,0.0112758339522445,0.0,SIGLEC18P,unprocessed_pseudogene
Lung,19q13.33 KLK3,ENSG00000268581,PRAD,594,0.9522237457623632,0.0390571792389927,0.0077935805908922,0.0003190613713074,0.0006064330364439,0.00272803,2.6405228758169934,0.0306175921346995,0.0,SIGLEC18P,unprocessed_pseudogene
Lung,19q13.33 KLK3,ENSG00000268849,LUAD,564,0.778355309202118,0.2024813091000865,0.0126969770906032,0.0032998243707143,0.0031665802364777,8.4546e-05,2.8503174603174606,0.0172118907335878,0.0,SIGLEC22P,transcribed_unprocessed_pseudogene
Lung,19q13.33 KLK3,ENSG00000268849,LUSC,530,0.7734415748816459,0.1981120416059227,0.0192504431384581,0.0049266067866448,0.0042693335873282,8.4546e-05,3.217961972400773,0.0056413062938313,0.0,SIGLEC22P,transcribed_unprocessed_pseudogene
Lung,19q13.33 KLK3,ENSG00000268849,SCLC,512,0.7697575134914956,0.1982546138170633,0.0209038049907592,0.0053781659190368,0.0057059017816448,8.4546e-05,2.9950270221172626,0.0112758339522445,0.0,SIGLEC22P,transcribed_unprocessed_pseudogene
Lung,19q13.33 KLK3,ENSG00000268849,PRAD,594,0.7816068024781136,0.208778354663559,0.0063971473433755,0.0017072591043044,0.0015104364106473,8.4546e-05,2.6405228758169934,0.0306175921346995,0.0,SIGLEC22P,transcribed_unprocessed_pseudogene
Lung,19q13.33 KLK3,ENSG00000269072,LUAD,564,0.8576053991681449,0.1233997507224635,0.0139897498960696,0.002009972201157,0.0029951280121648,0.000142453,2.8503174603174606,0.0172118907335878,0.0,CTD-3187F8.14,antisense
Lung,19q13.33 KLK3,ENSG00000269072,LUSC,530,0.8543926969167639,0.1179749910292902,0.0212652623857554,0.0029328844014161,0.0034341652667741,0.000142453,3.217961972400773,0.0056413062938313,0.0,CTD-3187F8.14,antisense
Lung,19q13.33 KLK3,ENSG00000269072,SCLC,512,0.850985628415586,0.1155593091643177,0.0231096641663825,0.0031309546828087,0.007214443570905,0.000142453,2.9950270221172626,0.0112758339522445,0.0,CTD-3187F8.14,antisense
Lung,19q13.33 KLK3,ENSG00000269072,PRAD,594,0.8645867616561935,0.1257142394486907,0.0070763059992705,0.0010273267342652,0.0015953661615796,0.000142453,2.6405228758169934,0.0306175921346995,0.0,CTD-3187F8.14,antisense
Lung,19q13.33 KLK3,ENSG00000269102,LUAD,442,0.9580517276561582,0.0296771602272289,0.0110884505103885,0.0003426421882427,0.0008400194179816,0.00228007,2.8503174603174606,0.0172118907335878,0.0,CTD-2525I3.5,antisense
Lung,19q13.33 KLK3,ENSG00000269102,LUSC,406,0.9515732996203574,0.0271737415967467,0.019239584117368,0.0005479525653978,0.0014654221001299,0.00228007,3.217961972400773,0.0056413062938313,0.0,CTD-2525I3.5,antisense
Lung,19q13.33 KLK3,ENSG00000269102,SCLC,397,0.950054655889721,0.0265135135238074,0.0214428994801123,0.0005970227215853,0.001391908384774,0.024056,2.9950270221172626,0.0112758339522445,0.0,CTD-2525I3.5,antisense
Lung,19q13.33 KLK3,ENSG00000269102,PRAD,466,0.9610728485703656,0.0319281303068226,0.0062998939774547,0.0002088006092452,0.0004903265361121,0.00228007,2.6405228758169934,0.0306175921346995,0.0,CTD-2525I3.5,antisense
Lung,19q13.33 KLK3,ENSG00000269235,LUAD,564,0.9489923545037924,0.0338248884788867,0.0154805061927873,0.0005506193001197,0.0011516315244138,0.0156776,2.8503174603174606,0.0172118907335878,0.0,ZNF350-AS1,antisense
Lung,19q13.33 KLK3,ENSG00000269235,LUSC,530,0.9432048702013104,0.0308621959804637,0.023475737937291,0.0007664486548234,0.0016907472261113,0.019102,3.217961972400773,0.0056413062938313,0.0,ZNF350-AS1,antisense
Lung,19q13.33 KLK3,ENSG00000269235,SCLC,512,0.941921076850721,0.0301129659674222,0.0255791390951989,0.0008161876339924,0.0015706304526654,0.019102,2.9950270221172626,0.0112758339522445,0.0,ZNF350-AS1,antisense
Lung,19q13.33 KLK3,ENSG00000269235,PRAD,594,0.9546180236998896,0.0367005202540781,0.0078131768235488,0.0002998109999441,0.000568468222539,0.0128824,2.6405228758169934,0.0306175921346995,0.0,ZNF350-AS1,antisense
Lung,19q13.33 KLK3,ENSG00000269388,LUAD,564,0.9366529824128216,0.0458621122817715,0.0152792192960459,0.0007466699966425,0.0014590160127181,0.0013231,2.8503174603174606,0.0172118907335878,0.0,AC018755.16,transcribed_processed_pseudogene
Lung,19q13.33 KLK3,ENSG00000269388,LUSC,530,0.9280553231238676,0.045673092026034,0.023098675850045,0.0011347345172868,0.0020381744827662,0.0013231,3.217961972400773,0.0056413062938313,0.0,AC018755.16,transcribed_processed_pseudogene
Lung,19q13.33 KLK3,ENSG00000269388,SCLC,512,0.928577926088156,0.0427901490209408,0.0252167878136404,0.0011597689251894,0.0022553681520728,0.0013231,2.9950270221172626,0.0112758339522445,0.0,AC018755.16,transcribed_processed_pseudogene
Lung,19q13.33 KLK3,ENSG00000269388,PRAD,594,0.9382353712082856,0.0527885325598637,0.0076790911918324,0.0004311877674139,0.0008658172726042,0.000314317,2.6405228758169934,0.0306175921346995,0.0,AC018755.16,transcribed_processed_pseudogene
Lung,19q13.33 KLK3,ENSG00000269392,LUAD,310,0.9631489018846492,0.0261538659785571,0.0095321779924401,0.0002579347951358,0.0009071193492178,0.00468023,2.8503174603174606,0.0172118907335878,0.0,CTB-191K22.6,antisense
Lung,19q13.33 KLK3,ENSG00000269392,LUSC,321,0.9623436398215496,0.0271809364335089,0.0092561141452019,0.000260475688843,0.0009588339108964,0.00468023,2.557111158667763,0.0380289054420105,0.0,CTB-191K22.6,antisense
Lung,19q13.33 KLK3,ENSG00000269392,SCLC,281,0.9555951604100248,0.0243154810398935,0.0181424643128909,0.0004601551415808,0.0014867390956097,0.00468023,2.9950270221172626,0.0112758339522445,0.0,CTB-191K22.6,antisense
Lung,19q13.33 KLK3,ENSG00000269392,PRAD,330,0.9676012587899204,0.0278623400875082,0.0039576267665382,0.0001134956550069,0.0004652787010259,0.00468023,2.6405228758169934,0.0306175921346995,0.0,CTB-191K22.6,antisense
Lung,19q13.33 KLK3,ENSG00000269404,LUAD,503,0.9520667908583688,0.0317739661545748,0.0145608854063263,0.0004848367134267,0.001113520867303,0.00206085,2.8503174603174606,0.0172118907335878,0.0,SPIB,protein_coding
Lung,19q13.33 KLK3,ENSG00000269404,LUSC,465,0.9529031061190756,0.0317938820075483,0.0137665910205305,0.0004582480354216,0.0010781728174233,0.00206085,2.557111158667763,0.0380289054420105,0.0,SPIB,protein_coding
Lung,19q13.33 KLK3,ENSG00000269404,SCLC,459,0.9445749161775064,0.0294872759475668,0.0233893550484346,0.0007283372862037,0.001820115540288,0.00206085,2.9950270221172626,0.0112758339522445,0.0,SPIB,protein_coding
Lung,19q13.33 KLK3,ENSG00000269404,PRAD,531,0.9575983675834192,0.0347770899246404,0.0067977793410236,0.0002462944126666,0.0005804687382502,0.00206085,2.6405228758169934,0.0306175921346995,0.0,SPIB,protein_coding
Lung,19q13.33 KLK3,ENSG00000269535,LUAD,347,0.9679464370118682,0.0236843869661036,0.0076507753311304,0.000186672766668,0.0005317279242296,0.0116923,2.4626684892634056,0.0482013599301346,0.0,CTD-2525I3.6,antisense
Lung,19q13.33 KLK3,ENSG00000269535,LUSC,306,0.9599319889104716,0.0221811979478006,0.016454140369772,0.0003791531500371,0.0010535196219185,0.0116923,3.217961972400773,0.0056413062938313,0.0,CTD-2525I3.6,antisense
Lung,19q13.33 KLK3,ENSG00000269535,SCLC,323,0.9639308307552552,0.0203247850719573,0.0145159746342537,0.0003051506367947,0.0009232589017392,0.0177345,2.397528561436232,0.0564685404865534,0.0,CTD-2525I3.6,antisense
Lung,19q13.33 KLK3,ENSG00000269535,PRAD,364,0.969210162295368,0.025252075159909,0.0050212783890619,0.0001304397601742,0.0003860443954866,0.00949125,2.168831168831169,0.0951867698080627,0.0,CTD-2525I3.6,antisense
Lung,19q13.33 KLK3,ENSG00000269834,LUAD,152,0.98486860600588,0.0104803411420542,0.0042581684737459,4.496478300588102e-05,0.000347919595314,0.00460631,2.4626684892634056,0.0482013599301346,0.0,ZNF528-AS1,processed_transcript
Lung,19q13.33 KLK3,ENSG00000269834,LUSC,113,0.9772900878472288,0.0093069171413326,0.0124184948091329,0.0001173965558809,0.0008671036464246,0.00460631,3.217961972400773,0.0056413062938313,0.0,ZNF528-AS1,processed_transcript
Lung,19q13.33 KLK3,ENSG00000269834,SCLC,132,0.9855531550318036,0.0091284079381183,0.0048466975648307,4.446389270039347e-05,0.0004272755725467,0.00460631,1.8594274252370533,0.1775087856162763,0.0,ZNF528-AS1,processed_transcript
Lung,19q13.33 KLK3,ENSG00000269834,PRAD,158,0.9863285395453186,0.0110088372330175,0.0024460555427861,2.7112022759853474e-05,0.0001894556561178,0.00460631,2.168831168831169,0.0951867698080627,0.0,ZNF528-AS1,processed_transcript
Lung,19q13.33 KLK3,ENSG00000269959,LUAD,564,0.6643657574207816,0.315746385689487,0.0108375143100135,0.0051467320672344,0.0039036105124834,3.30073e-05,2.8503174603174606,0.0172118907335878,0.0,SPACA6P-AS,lincRNA
Lung,19q13.33 KLK3,ENSG00000269959,LUSC,530,0.6639221153750459,0.3057269127136138,0.0165245770921325,0.0076031149561768,0.0062232798630308,3.30073e-05,3.217961972400773,0.0056413062938313,0.0,SPACA6P-AS,lincRNA
Lung,19q13.33 KLK3,ENSG00000269959,SCLC,512,0.8566699036321626,0.1122795409234684,0.0232640283376423,0.0030443604231309,0.0047421666835954,0.000302761,2.9950270221172626,0.0112758339522445,0.0,SPACA6P-AS,lincRNA
Lung,19q13.33 KLK3,ENSG00000269959,PRAD,594,0.667979155651994,0.3187450968560308,0.0054671492973975,0.0026035995090306,0.005204998685547,3.30073e-05,2.6405228758169934,0.0306175921346995,0.0,SPACA6P-AS,lincRNA
Lung,19q13.33 KLK3,ENSG00000273837,LUAD,564,0.9435815419529684,0.0391613270401584,0.0153922419230031,0.0006375946759544,0.0012272944079152,0.00961993,2.8503174603174606,0.0172118907335878,0.0,LLNLR-470E3.1,sense_intronic
Lung,19q13.33 KLK3,ENSG00000273837,LUSC,530,0.935497808048284,0.0384123061952184,0.023283914318598,0.0009542048254336,0.001851766612466,0.00961993,3.217961972400773,0.0056413062938313,0.0,LLNLR-470E3.1,sense_intronic
Lung,19q13.33 KLK3,ENSG00000273837,SCLC,512,0.9375731714753208,0.03422107271506,0.0254610658520117,0.0009275022643059,0.0018171876933011,0.00961993,2.9950270221172626,0.0112758339522445,0.0,LLNLR-470E3.1,sense_intronic
Lung,19q13.33 KLK3,ENSG00000273837,PRAD,594,0.9490068419295103,0.0422490305479799,0.0077672514855889,0.0003451601486058,0.000631715888315,0.00961993,2.6405228758169934,0.0306175921346995,0.0,LLNLR-470E3.1,sense_intronic
Lung,19q13.33 KLK3,ENSG00000275055,LUAD,564,0.9406819224184252,0.0419186808756199,0.0153449416703212,0.0006824294780148,0.0013720255576186,0.000245994,2.8503174603174606,0.0172118907335878,0.0,CTC-471J1.11,antisense
Lung,19q13.33 KLK3,ENSG00000275055,LUSC,530,0.9330155209865564,0.0405754150138853,0.0232221318550131,0.0010077157063472,0.0021792164381978,0.000245994,3.217961972400773,0.0056413062938313,0.0,CTC-471J1.11,antisense
Lung,19q13.33 KLK3,ENSG00000275055,SCLC,512,0.9355450780742048,0.036160093986378,0.0254059902363576,0.0009800674233792,0.0019087702796802,0.00664934,2.9950270221172626,0.0112758339522445,0.0,CTC-471J1.11,antisense
Lung,19q13.33 KLK3,ENSG00000275055,PRAD,594,0.9461053358230642,0.0448067190415228,0.0077435037878696,0.0003657468544313,0.000978694493112,0.000245994,2.6405228758169934,0.0306175921346995,0.0,CTC-471J1.11,antisense
Lung,19q13.33 KLK3,ENSG00000277977,LUAD,167,0.9819816785337508,0.0128958287949824,0.0046926238990282,6.125705373328754e-05,0.0003686117185053,0.0131134,2.4626684892634056,0.0482013599301346,0.0,CTD-3018O17.5,unprocessed_pseudogene
Lung,19q13.33 KLK3,ENSG00000277977,LUSC,127,0.9737694285884708,0.0111915234540818,0.0130185888809259,0.0001477498179254,0.001872709258596,0.0131134,3.217961972400773,0.0056413062938313,0.0,CTD-3018O17.5,unprocessed_pseudogene
Lung,19q13.33 KLK3,ENSG00000277977,SCLC,144,0.9830917654961188,0.011202121338859,0.0052237461030103,5.910020770127548e-05,0.0004232668543105,0.0131134,1.8594274252370533,0.1775087856162763,0.0,CTD-3018O17.5,unprocessed_pseudogene
Lung,19q13.33 KLK3,ENSG00000277977,PRAD,173,0.983657270682088,0.0134533541398157,0.0026462542979053,3.598534458406318e-05,0.0002071355356067,0.0131134,2.168831168831169,0.0951867698080627,0.0,CTD-3018O17.5,unprocessed_pseudogene
Lung,19q13.33 KLK3,ENSG00000283236,LUAD,564,0.955319429645476,0.0278391370894827,0.0155837170621354,0.0004533235379451,0.0008043926649603,0.00675292,2.8503174603174606,0.0172118907335878,0.0,AC074141.3,transcribed_unprocessed_pseudogene
Lung,19q13.33 KLK3,ENSG00000283236,LUSC,530,0.947020399348556,0.0276457270415849,0.0235707039040525,0.0006870074807013,0.001076162225105,0.00675292,3.217961972400773,0.0056413062938313,0.0,AC074141.3,transcribed_unprocessed_pseudogene
Lung,19q13.33 KLK3,ENSG00000283236,SCLC,512,0.9469350270493492,0.0250194292486651,0.025715299685188,0.0006777839349225,0.001652460081875,0.00675292,2.9950270221172626,0.0112758339522445,0.0,AC074141.3,transcribed_unprocessed_pseudogene
Lung,19q13.33 KLK3,ENSG00000283236,PRAD,594,0.961137758519902,0.0303230319840806,0.0078665383144559,0.0002477572959992,0.0004249138855621,0.00675292,2.6405228758169934,0.0306175921346995,0.0,AC074141.3,transcribed_unprocessed_pseudogene
Prostate,5p15.33 TERT/CLPTM1L,ENSG00000028310,LUAD,2044,9.760849437478439e-29,1.9846657839681002e-29,0.7964502627937373,0.1618999512318459,0.0416497859744167,7.78568e-05,12.369718897856943,5.9471990201220945e-34,64.26899767137571,BRD9,protein_coding
Prostate,5p15.33 TERT/CLPTM1L,ENSG00000028310,LUSC,2117,1.825054350428273e-15,3.839898802089225e-16,0.8009650564622549,0.1684918222594023,0.0305431212783407,7.78568e-05,9.378100582096597,7.983018482717922e-20,33.71522866950665,BRD9,protein_coding
Prostate,5p15.33 TERT/CLPTM1L,ENSG00000028310,SCLC,1825,0.7016581924880236,0.13026316459632,0.1333746293259696,0.0247511080766952,0.0099529055129914,7.78568e-05,3.369387996219282,0.0034259114203628,0.0,BRD9,protein_coding
Prostate,5p15.33 TERT/CLPTM1L,ENSG00000028310,PRAD,2235,7.620215722929756e-46,1.6792859528403682e-46,0.7909133832668339,0.1742607298723951,0.0348258868607711,7.78568e-05,15.219047619047618,5.063887795333787e-51,103.65354277829891,BRD9,protein_coding
Prostate,5p15.33 TERT/CLPTM1L,ENSG00000049656,LUAD,2044,1.0597922167185455e-28,1.408655637240919e-29,0.8647523916015815,0.1149209148092878,0.0203266935891309,0.000767057,12.369718897856943,5.9471990201220945e-34,64.26899767137571,CLPTM1L,protein_coding
Prostate,5p15.33 TERT/CLPTM1L,ENSG00000049656,LUSC,2117,1.964417860720715e-15,2.712635816027989e-16,0.862127783952518,0.1190311202950706,0.0188410957524089,0.000767057,9.378100582096597,7.983018482717922e-20,33.71522866950665,CLPTM1L,protein_coding
Prostate,5p15.33 TERT/CLPTM1L,ENSG00000049656,SCLC,1825,0.7488441277060397,0.0863143146938931,0.1423439632359553,0.0164009514769416,0.0060966428871702,0.000767057,3.369387996219282,0.0034259114203628,0.0,CLPTM1L,protein_coding
Prostate,5p15.33 TERT/CLPTM1L,ENSG00000049656,PRAD,2235,8.182035477074653e-46,1.2092213424080124e-46,0.8492254808101879,0.1254815664087664,0.0252929527810456,0.000767057,15.219047619047618,5.063887795333787e-51,103.65354277829891,CLPTM1L,protein_coding
Prostate,5p15.33 TERT/CLPTM1L,ENSG00000063438,LUAD,922,1.0370206251528195e-28,8.930411185673606e-30,0.8461715906136866,0.0727879078542653,0.0810405015320481,0.00574454,12.369718897856943,5.9471990201220945e-34,64.26899767137535,AHRR,protein_coding
Prostate,5p15.33 TERT/CLPTM1L,ENSG00000063438,LUSC,983,0.0002118601639621,1.9503224202225463e-05,0.8629035546743155,0.0793788796390745,0.0574862022984455,0.00574454,6.304073456943312,2.345725560906974e-09,8.31213175485348,AHRR,protein_coding
Prostate,5p15.33 TERT/CLPTM1L,ENSG00000063438,SCLC,759,0.8738695055879204,0.0618375969225374,0.0545951374477602,0.0038574734940994,0.0058402865476825,0.00574454,3.369387996219282,0.0034259114203628,0.0,AHRR,protein_coding
Prostate,5p15.33 TERT/CLPTM1L,ENSG00000063438,PRAD,1021,6.70358675558217e-46,6.49815034029027e-47,0.6957751163036341,0.0672082402559213,0.2370166434404445,0.00574454,15.219047619047618,5.063887795333787e-51,103.65354277829891,AHRR,protein_coding
Prostate,5p15.33 TERT/CLPTM1L,ENSG00000066230,LUAD,1586,1.0209323992597951e-28,1.5181930645381428e-29,0.8330441760150352,0.1238359823787654,0.0431198416061993,0.0011378,12.369718897856943,5.9471990201220945e-34,64.26899767137571,SLC9A3,protein_coding
Prostate,5p15.33 TERT/CLPTM1L,ENSG00000066230,LUSC,1662,1.8118189773929075e-15,2.8538259897841087e-16,0.7951564232519164,0.1251667244126168,0.0796768523354645,0.0011378,9.378100582096597,7.983018482717922e-20,33.71522866950665,SLC9A3,protein_coding
Prostate,5p15.33 TERT/CLPTM1L,ENSG00000066230,SCLC,1441,0.7411059104241761,0.101832473406501,0.1261539797408377,0.0173207395555099,0.0135868968729754,0.0011378,3.369387996219282,0.0034259114203628,0.0,SLC9A3,protein_coding
Prostate,5p15.33 TERT/CLPTM1L,ENSG00000066230,PRAD,1728,7.904817053941002e-46,1.2900869566636426e-46,0.8204525734652193,0.1338543271497769,0.0456930993850038,0.0011378,15.219047619047618,5.063887795333787e-51,103.65354277829891,SLC9A3,protein_coding
Prostate,5p15.33 TERT/CLPTM1L,ENSG00000071539,LUAD,2044,9.837263356064375e-29,1.8417760981553907e-29,0.8026853641472308,0.1502352363742648,0.0470793994785044,0.00055009,12.369718897856943,5.9471990201220945e-34,64.26899767137571,TRIP13,protein_coding
Prostate,5p15.33 TERT/CLPTM1L,ENSG00000071539,LUSC,2117,1.838026351242631e-15,3.5792584686346743e-16,0.8066581030075605,0.1570472991455514,0.0362945978468858,0.00055009,9.378100582096597,7.983018482717922e-20,33.71522866950665,TRIP13,protein_coding
Prostate,5p15.33 TERT/CLPTM1L,ENSG00000071539,SCLC,1825,0.7148907501059311,0.1165098978118227,0.1358899387547169,0.0221361993881972,0.0105732139393317,0.00055009,3.369387996219282,0.0034259114203628,0.0,TRIP13,protein_coding
Prostate,5p15.33 TERT/CLPTM1L,ENSG00000071539,PRAD,2235,7.443076901174401e-46,1.5276752225910235e-46,0.7725278847564894,0.1584906739233784,0.0689814413201322,0.00055009,15.219047619047618,5.063887795333787e-51,103.65354277829891,TRIP13,protein_coding
Prostate,5p15.33 TERT/CLPTM1L,ENSG00000073578,LUAD,701,0.247434145987696,0.0114485527454897,0.5342754250100237,0.0245381339298055,0.1823037423269848,0.00118933,4.510849259951143,3.8153978383859815e-05,0.7697670133785586,SDHA,protein_coding
Prostate,5p15.33 TERT/CLPTM1L,ENSG00000073578,LUSC,749,0.8467588684814132,0.041478115858124,0.0948649510194998,0.0046346550647691,0.0122634095761936,0.00118933,3.581502425759402,0.0016391461501801,0.0,SDHA,protein_coding
Prostate,5p15.33 TERT/CLPTM1L,ENSG00000073578,SCLC,551,0.9298798220285932,0.0339887086220271,0.0327328459234561,0.0011942374940897,0.0022043859318339,0.00118933,2.811364668483197,0.019218428364947,0.0,SDHA,protein_coding
Prostate,5p15.33 TERT/CLPTM1L,ENSG00000073578,PRAD,758,0.6977653341078145,0.034923186540955,0.2319402266763376,0.0115848324185201,0.0237864202563726,0.00118933,4.611111111111112,2.4151288155736075e-05,0.0,SDHA,protein_coding
Prostate,5p15.33 TERT/CLPTM1L,ENSG00000112877,LUAD,1887,1.0058413529277819e-28,1.7197016784671758e-29,0.8207304241290423,0.1402824944161503,0.0389870814548074,0.00397132,12.369718897856943,5.9471990201220945e-34,64.26899767137571,CEP72,protein_coding
Prostate,5p15.33 TERT/CLPTM1L,ENSG00000112877,LUSC,1965,1.8478650732789748e-15,3.2610594391879013e-16,0.8109760415662104,0.143072781545945,0.0459511768878423,0.00397132,9.378100582096597,7.983018482717922e-20,33.715228669506644,CEP72,protein_coding
Prostate,5p15.33 TERT/CLPTM1L,ENSG00000112877,SCLC,1694,0.723372020987604,0.1099975167111148,0.1342953626873427,0.0204093180221955,0.0119257815917427,0.00387673,3.369387996219282,0.0034259114203628,0.0,CEP72,protein_coding
Prostate,5p15.33 TERT/CLPTM1L,ENSG00000112877,PRAD,2065,7.765085309049174e-46,1.4511381231817504e-46,0.8059496104100364,0.1505722792808618,0.0434781103091016,0.00387673,15.219047619047618,5.063887795333787e-51,103.65354277829891,CEP72,protein_coding
Prostate,5p15.33 TERT/CLPTM1L,ENSG00000113430,LUAD,2044,9.737224036306712e-29,1.9677422432574806e-29,0.7945225148971677,0.1605157391224523,0.0449617459803799,0.00114653,12.369718897856943,5.9471990201220945e-34,64.26899767137571,IRX4,protein_coding
Prostate,5p15.33 TERT/CLPTM1L,ENSG00000113430,LUSC,2117,1.829500561280904e-15,3.8133231851071295e-16,0.8029163734330533,0.1673262789014131,0.0297573476655314,0.00114653,9.378100582096597,7.983018482717922e-20,33.71522866950665,IRX4,protein_coding
Prostate,5p15.33 TERT/CLPTM1L,ENSG00000113430,SCLC,1825,0.703454579698907,0.129290928130472,0.1337160954143622,0.0245672823937252,0.0089711143625336,0.00114653,3.369387996219282,0.0034259114203628,0.0,IRX4,protein_coding
Prostate,5p15.33 TERT/CLPTM1L,ENSG00000113430,PRAD,2235,7.481387345341574e-46,1.6549575687954336e-46,0.7765041820310584,0.1717186999250681,0.0517771180438734,0.000231065,15.219047619047618,5.063887795333787e-51,103.65354277829891,IRX4,protein_coding
Prostate,5p15.33 TERT/CLPTM1L,ENSG00000113504,LUAD,2044,1.0002935089772347e-28,1.877816950386845e-29,0.8162035826890072,0.153192515991464,0.0306039013195287,0.00149938,12.369718897856943,5.9471990201220945e-34,64.26899767137571,SLC12A7,protein_coding
Prostate,5p15.33 TERT/CLPTM1L,ENSG00000113504,LUSC,2117,1.8641525168308543e-15,3.5826191214672913e-16,0.8181241427398035,0.1572064139068731,0.0246694433533212,0.00149938,9.378100582096597,7.983018482717922e-20,33.71522866950665,SLC12A7,protein_coding
Prostate,5p15.33 TERT/CLPTM1L,ENSG00000113504,SCLC,1825,0.722453335977789,0.1111740108556567,0.1373274721551726,0.0211245804480974,0.007920600563284,0.00317823,3.369387996219282,0.0034259114203628,0.0,SLC12A7,protein_coding
Prostate,5p15.33 TERT/CLPTM1L,ENSG00000113504,PRAD,2235,7.726520746098724e-46,1.546751020198585e-46,0.8019469377736742,0.1605020093660892,0.0375510528602366,0.00149938,15.219047619047618,5.063887795333787e-51,103.65354277829891,SLC12A7,protein_coding
Prostate,5p15.33 TERT/CLPTM1L,ENSG00000142319,LUAD,2044,1.2080761641422461e-30,1.2127954154446899e-28,0.0098574676780846,0.9895969618320144,0.0005455704899011,2.5708e-08,12.369718897856943,5.9471990201220945e-34,68.87806611450411,SLC6A3,protein_coding
Prostate,5p15.33 TERT/CLPTM1L,ENSG00000142319,LUSC,2117,2.2452365265966438e-17,2.2540699685023613e-15,0.009853712032601,0.9892470533908806,0.0008992345765159,2.5708e-08,9.378100582096597,7.983018482717922e-20,38.32432453084516,SLC6A3,protein_coding
Prostate,5p15.33 TERT/CLPTM1L,ENSG00000142319,SCLC,1825,0.0079459684952904,0.7974798715725978,0.0015104086491704,0.1515473674982098,0.0415163837847314,2.5708e-08,3.369387996219282,0.0034259114203628,4.608791902399972,SLC6A3,protein_coding
Prostate,5p15.33 TERT/CLPTM1L,ENSG00000142319,PRAD,2235,9.497561834689955e-48,9.533547579282885e-46,0.0098576589385221,0.9895002650672372,0.0006420759942406,2.5708e-08,15.219047619047618,5.063887795333787e-51,108.26249410096813,SLC6A3,protein_coding
Prostate,5p15.33 TERT/CLPTM1L,ENSG00000145494,LUAD,2044,1.051653043242843e-28,1.228684038478035e-29,0.8581111183239128,0.1002145309728685,0.0416743507032186,0.00216383,12.369718897856943,5.9471990201220945e-34,64.26899767137571,NDUFS6,protein_coding
Prostate,5p15.33 TERT/CLPTM1L,ENSG00000145494,LUSC,2117,1.995490950763832e-15,2.4013779573229874e-16,0.8757648897817234,0.1053708645985133,0.018864245619761,0.00216383,9.378100582096597,7.983018482717922e-20,33.71522866950665,NDUFS6,protein_coding
Prostate,5p15.33 TERT/CLPTM1L,ENSG00000145494,SCLC,1825,0.7615086105467757,0.0735890130352362,0.1447512902258943,0.0139819912958999,0.0061690948961938,0.00721893,3.369387996219282,0.0034259114203628,0.0,NDUFS6,protein_coding
Prostate,5p15.33 TERT/CLPTM1L,ENSG00000145494,PRAD,2235,8.328502392526724e-46,1.080888444270311e-46,0.864427497111154,0.1121635904423671,0.0234089124464788,0.00124853,15.219047619047618,5.063887795333787e-51,103.65354277829891,NDUFS6,protein_coding
Prostate,5p15.33 TERT/CLPTM1L,ENSG00000145506,LUAD,2044,9.708685088240505e-29,2.1118217130424357e-29,0.7921938392186033,0.1722815435949332,0.0355246171864633,0.00163688,12.369718897856943,5.9471990201220945e-34,64.26899767137571,NKD2,protein_coding
Prostate,5p15.33 TERT/CLPTM1L,ENSG00000145506,LUSC,2117,1.815358822106192e-15,4.033540691031496e-16,0.7967099615999541,0.1769944680346587,0.0262955703653848,0.00163688,9.378100582096597,7.983018482717922e-20,33.71522866950665,NKD2,protein_coding
Prostate,5p15.33 TERT/CLPTM1L,ENSG00000145506,SCLC,1825,0.7010900206003663,0.1311532212394278,0.133266628427924,0.0249206778608386,0.0095694518714432,0.00201221,3.369387996219282,0.0034259114203628,0.0,NKD2,protein_coding
Prostate,5p15.33 TERT/CLPTM1L,ENSG00000145506,PRAD,2235,6.863571251202519e-46,1.6203886640565536e-46,0.712380142106326,0.1680629627466311,0.1195568951470429,0.00163688,15.219047619047618,5.063887795333787e-51,103.65354277829891,NKD2,protein_coding
Prostate,5p15.33 TERT/CLPTM1L,ENSG00000153395,LUAD,2044,9.369381437321831e-29,2.563026428330847e-29,0.7645078797463236,0.2091073679468612,0.0263847523068151,0.000514769,12.369718897856943,5.9471990201220945e-34,64.26899767137571,LPCAT1,protein_coding
Prostate,5p15.33 TERT/CLPTM1L,ENSG00000153395,LUSC,2117,1.722028577799452e-15,5.004854426373048e-16,0.7557499406651025,0.219624367625369,0.0246256917095263,0.000514769,9.378100582096597,7.983018482717922e-20,33.71522866950665,LPCAT1,protein_coding
Prostate,5p15.33 TERT/CLPTM1L,ENSG00000153395,SCLC,1825,0.6594850634705189,0.1716591393991904,0.1253581541954209,0.0326189321185823,0.0108787108162871,0.000514769,3.369387996219282,0.0034259114203628,0.0,LPCAT1,protein_coding
Prostate,5p15.33 TERT/CLPTM1L,ENSG00000153395,PRAD,2235,7.062565271807996e-46,2.1513297494733384e-46,0.7330340238085671,0.2232459547785537,0.0437200214128792,0.000514769,15.219047619047618,5.063887795333787e-51,103.65354277829891,LPCAT1,protein_coding
Prostate,5p15.33 TERT/CLPTM1L,ENSG00000153404,LUAD,255,0.309797787876811,0.0177846363721087,0.5876609935490033,0.0336849248194452,0.0510716573826315,2.67784e-05,4.510849259951143,3.8153978383859815e-05,0.6402304525820384,PLEKHG4B,protein_coding
Prostate,5p15.33 TERT/CLPTM1L,ENSG00000153404,LUSC,285,0.8733967225816838,0.0513709527076023,0.0659861040990141,0.0038757627607504,0.0053704578509491,2.67784e-05,3.581502425759402,0.0016391461501801,0.0,PLEKHG4B,protein_coding
Prostate,5p15.33 TERT/CLPTM1L,ENSG00000153404,SCLC,195,0.9406821311475442,0.0492326366178578,0.00739437876232,0.0003846946681127,0.0023061588041651,2.67784e-05,2.183852235819035,0.0921253348313841,0.0,PLEKHG4B,protein_coding
Prostate,5p15.33 TERT/CLPTM1L,ENSG00000153404,PRAD,273,0.93541996964902,0.0537293455224878,0.009230216754245,0.0005290806436651,0.0010913874305816,2.67784e-05,3.436170212765957,0.0027295108393912,0.0,PLEKHG4B,protein_coding
Prostate,5p15.33 TERT/CLPTM1L,ENSG00000164366,LUAD,701,0.2865238123799153,0.0123446363519859,0.6186802998579823,0.0265994661670311,0.0558517852430853,0.028479,4.510849259951143,3.8153978383859815e-05,0.7697670133785586,CCDC127,protein_coding
Prostate,5p15.33 TERT/CLPTM1L,ENSG00000164366,LUSC,749,0.8538848018499435,0.039936866334689,0.095663290836343,0.0044682007995377,0.0060468401794867,0.028479,3.581502425759402,0.0016391461501801,0.0,CCDC127,protein_coding
Prostate,5p15.33 TERT/CLPTM1L,ENSG00000164366,SCLC,551,0.9339565823836656,0.0297703487451482,0.0328763526061565,0.0010455996136232,0.0023511166514063,0.0456981,2.811364668483197,0.019218428364947,0.0,CCDC127,protein_coding
Prostate,5p15.33 TERT/CLPTM1L,ENSG00000164366,PRAD,758,0.7079983569316377,0.0330976906059253,0.235341727893615,0.0109892430823873,0.0125729814864345,0.028479,4.611111111111112,2.4151288155736075e-05,0.0,CCDC127,protein_coding
Prostate,5p15.33 TERT/CLPTM1L,ENSG00000171368,LUAD,2044,1.021932437852141e-28,1.5788963225927628e-29,0.8338601715949071,0.1287949251884276,0.0373449032166653,0.0082485,12.369718897856943,5.9471990201220945e-34,64.26899767137571,TPPP,protein_coding
Prostate,5p15.33 TERT/CLPTM1L,ENSG00000171368,LUSC,2117,1.819998968504586e-15,2.96719212013395e-16,0.7987463914307209,0.1301506190912769,0.071102989478,0.0082485,9.378100582096597,7.983018482717922e-20,33.71522866950665,TPPP,protein_coding
Prostate,5p15.33 TERT/CLPTM1L,ENSG00000171368,SCLC,1825,0.7322263292829289,0.0986366600344946,0.1391851706377574,0.0187381262224842,0.0112137138223348,0.0082485,3.369387996219282,0.0034259114203628,0.0,TPPP,protein_coding
Prostate,5p15.33 TERT/CLPTM1L,ENSG00000171368,PRAD,2235,7.832926650203796e-46,1.3678042606332452e-46,0.8129909628610575,0.1419213256761498,0.0450877114627926,0.0082485,15.219047619047618,5.063887795333787e-51,103.65354277829891,TPPP,protein_coding
Prostate,5p15.33 TERT/CLPTM1L,ENSG00000171421,LUAD,2044,1.0145945273800916e-28,1.5386069123684656e-29,0.8278727001547879,0.125498169766923,0.0466291300782891,0.000180359,12.369718897856943,5.9471990201220945e-34,64.26899767137571,MRPL36,protein_coding
Prostate,5p15.33 TERT/CLPTM1L,ENSG00000171421,LUSC,2117,1.8562175111045832e-15,2.8461418208602033e-16,0.8146416917606972,0.124848655036053,0.0605096532032474,0.000180359,9.378100582096597,7.983018482717922e-20,33.71522866950665,MRPL36,protein_coding
Prostate,5p15.33 TERT/CLPTM1L,ENSG00000171421,SCLC,1825,0.7343015685609856,0.0983375001067392,0.1395796422942374,0.0186833762377138,0.0090979128003238,0.000180359,3.369387996219282,0.0034259114203628,0.0,MRPL36,protein_coding
Prostate,5p15.33 TERT/CLPTM1L,ENSG00000171421,PRAD,2235,8.042753702325184e-46,1.3168595428211736e-46,0.8347692208170447,0.1366502057194114,0.0285805734635437,0.000180359,15.219047619047618,5.063887795333787e-51,103.65354277829891,MRPL36,protein_coding
Prostate,5p15.33 TERT/CLPTM1L,ENSG00000174358,LUAD,2044,1.0036176163800984e-28,1.7746234877299606e-29,0.8189159349607263,0.1447665864300897,0.0363174786091839,0.000433709,12.369718897856943,5.9471990201220945e-34,64.26899767137571,SLC6A19,protein_coding
Prostate,5p15.33 TERT/CLPTM1L,ENSG00000174358,LUSC,2117,1.8668733416023328e-15,3.3842773083007576e-16,0.819318236256087,0.1484942311294363,0.0321875326144743,0.000433709,9.378100582096597,7.983018482717922e-20,33.71522866950665,SLC6A19,protein_coding
Prostate,5p15.33 TERT/CLPTM1L,ENSG00000174358,SCLC,1825,0.7345437910495562,0.0984747681291611,0.1396256851324361,0.0187099208944209,0.0086458347944254,0.00508319,3.369387996219282,0.0034259114203628,0.0,SLC6A19,protein_coding
Prostate,5p15.33 TERT/CLPTM1L,ENSG00000174358,PRAD,2235,7.76046490741905e-46,1.4825875005747395e-46,0.8054700521379082,0.1538392437628804,0.0406907040992114,0.000433709,15.219047619047618,5.063887795333787e-51,103.65354277829891,SLC6A19,protein_coding
Prostate,5p15.33 TERT/CLPTM1L,ENSG00000180104,LUAD,1312,1.0461875320684191e-28,1.3159011660966126e-29,0.8536514574726167,0.1073337949921659,0.0390147475352172,0.00140235,12.369718897856943,5.9471990201220945e-34,64.26899767137571,EXOC3,protein_coding
Prostate,5p15.33 TERT/CLPTM1L,ENSG00000180104,LUSC,1395,1.9139776632133026e-15,2.5350418410816323e-16,0.8399909990205942,0.1112070590629697,0.0488019419164338,0.00140235,9.378100582096597,7.983018482717922e-20,33.715228669506644,EXOC3,protein_coding
Prostate,5p15.33 TERT/CLPTM1L,ENSG00000180104,SCLC,1168,0.7631063792430874,0.0853371286781786,0.1216336634324703,0.0135857869481847,0.0163370416980789,0.00140235,3.369387996219282,0.0034259114203628,0.0,EXOC3,protein_coding
Prostate,5p15.33 TERT/CLPTM1L,ENSG00000180104,PRAD,1452,7.969193902325399e-46,1.1152244449377193e-46,0.827134341122603,0.1156936112528322,0.0571720476245646,0.00140235,15.219047619047618,5.063887795333787e-51,103.65354277829891,EXOC3,protein_coding
Prostate,5p15.33 TERT/CLPTM1L,ENSG00000185028,LUAD,606,0.2883502324878446,0.0146578270595614,0.6157784904136836,0.0312521623194189,0.0499612877194913,0.00428007,4.510849259951143,3.8153978383859815e-05,0.7587114790492837,LRRC14B,protein_coding
Prostate,5p15.33 TERT/CLPTM1L,ENSG00000185028,LUSC,653,0.8492887807703219,0.0463093912157602,0.0921400603510316,0.0050169002738778,0.0072448673890081,0.00428007,3.581502425759402,0.0016391461501801,0.0,LRRC14B,protein_coding
Prostate,5p15.33 TERT/CLPTM1L,ENSG00000185028,SCLC,502,0.9265923928444086,0.0388127424947484,0.0307377320911642,0.0012849580164346,0.002572174553244,0.00428007,2.811364668483197,0.019218428364947,0.0,LRRC14B,protein_coding
Prostate,5p15.33 TERT/CLPTM1L,ENSG00000185028,PRAD,660,0.8818315983202031,0.047737011762318,0.0621604048361215,0.0033600762184581,0.0049109088628991,0.00428007,3.692660550458716,0.0010940477043907,0.0,LRRC14B,protein_coding
Prostate,5p15.33 TERT/CLPTM1L,ENSG00000185986,LUAD,2044,5.27368652492356e-50,1.2255441291763549e-28,4.303138825745706e-22,1.0,2.3732289632819938e-23,4.19252e-25,12.369718897856943,5.9471990201220945e-34,113.4665250013603,SDHAP3,transcribed_unprocessed_pseudogene
Prostate,5p15.33 TERT/CLPTM1L,ENSG00000185986,LUSC,2117,9.80499981998171e-37,2.2785692530573882e-15,4.303138825745729e-22,0.9999999999999978,3.8715675306815905e-17,4.19252e-25,9.378100582096597,7.983018482717922e-20,82.91275599949122,SDHAP3,transcribed_unprocessed_pseudogene
Prostate,5p15.33 TERT/CLPTM1L,ENSG00000185986,SCLC,1825,3.5389224434015103e-22,0.8224048971481213,6.726957287113662e-23,0.1563054653085495,0.0212896375433291,4.19252e-25,3.369387996219282,0.0034259114203628,49.197527329984574,SDHAP3,transcribed_unprocessed_pseudogene
Prostate,5p15.33 TERT/CLPTM1L,ENSG00000185986,PRAD,2235,3.926087263314526e-67,9.634703223069486e-46,4.0749436411428224e-22,1.0,3.119667514452161e-23,4.19252e-25,15.219047619047618,5.063887795333787e-51,152.90555790796515,SDHAP3,transcribed_unprocessed_pseudogene
Prostate,5p15.33 TERT/CLPTM1L,ENSG00000188002,LUAD,2044,1.1393511911274516e-70,1.2255441291763726e-28,9.29669657748802e-43,1.0,1.4721972815512664e-28,7.58257e-35,12.369718897856943,5.9471990201220945e-34,161.05049753978304,RP11-43F13.1,transcribed_unprocessed_pseudogene
Prostate,5p15.33 TERT/CLPTM1L,ENSG00000188002,LUSC,2117,2.1183166976467905e-57,2.278569253057372e-15,9.296696577487866e-43,0.9999999999999978,5.2774395257545135e-17,7.58257e-35,9.378100582096597,7.983018482717922e-20,130.49672853791398,RP11-43F13.1,transcribed_unprocessed_pseudogene
Prostate,5p15.33 TERT/CLPTM1L,ENSG00000188002,SCLC,1825,7.710072299234668e-43,0.8293346174064272,1.4655683436695599e-43,0.1576309557210312,0.0130344268725415,7.58257e-35,3.369387996219282,0.0034259114203628,96.78149986840732,RP11-43F13.1,transcribed_unprocessed_pseudogene
Prostate,5p15.33 TERT/CLPTM1L,ENSG00000188002,PRAD,2235,8.957091247902287e-88,9.634703223069486e-46,9.29669657748802e-43,1.0,5.060898380735491e-44,7.58257e-35,15.219047619047618,5.063887795333787e-51,200.43504264670625,RP11-43F13.1,transcribed_unprocessed_pseudogene
Prostate,5p15.33 TERT/CLPTM1L,ENSG00000188242,LUAD,1395,1.0071193500072339e-28,1.3627327899248258e-29,0.8217732238528764,0.1111270022974215,0.0670997738497019,0.000128133,12.369718897856943,5.9471990201220945e-34,64.26899767137571,PP7080,antisense
Prostate,5p15.33 TERT/CLPTM1L,ENSG00000188242,LUSC,1477,1.879685501702274e-15,2.786589768413113e-16,0.8249411332045716,0.1222427764036269,0.0528160903917991,0.000128133,9.378100582096597,7.983018482717922e-20,33.715228669506644,PP7080,antisense
Prostate,5p15.33 TERT/CLPTM1L,ENSG00000188242,SCLC,1248,0.7576760068591858,0.0931712253392421,0.1228727552315467,0.0150984498127808,0.0111815627572443,0.000128133,3.369387996219282,0.0034259114203628,0.0,PP7080,antisense
Prostate,5p15.33 TERT/CLPTM1L,ENSG00000188242,PRAD,1538,7.909339494760417e-46,1.2117869084222427e-46,0.8209219642409087,0.1257197849759582,0.053358250783133,0.000128133,15.219047619047618,5.063887795333787e-51,103.65354277829891,PP7080,antisense
Prostate,5p15.33 TERT/CLPTM1L,ENSG00000188818,LUAD,2044,1.0040940294860047e-28,1.7297321877174186e-29,0.8193046709471055,0.1411003400437575,0.0395949890091371,0.00236478,12.369718897856943,5.9471990201220945e-34,64.26899767137571,ZDHHC11,protein_coding
Prostate,5p15.33 TERT/CLPTM1L,ENSG00000188818,LUSC,2117,1.833866488997908e-15,3.2581455770509563e-16,0.8048324563921937,0.1429386225827934,0.0522289210250106,0.00236478,9.378100582096597,7.983018482717922e-20,33.71522866950665,ZDHHC11,protein_coding
Prostate,5p15.33 TERT/CLPTM1L,ENSG00000188818,SCLC,1825,0.7234315904492276,0.1085472671846412,0.1375134235613009,0.0206233123267669,0.0098844064780634,0.00236478,3.369387996219282,0.0034259114203628,0.0,ZDHHC11,protein_coding
Prostate,5p15.33 TERT/CLPTM1L,ENSG00000188818,PRAD,2235,7.036551671188375e-46,1.329385522259167e-46,0.7303340339887112,0.1378470571894142,0.1318189088218746,0.000570415,15.219047619047618,5.063887795333787e-51,103.65354277829891,ZDHHC11,protein_coding
Prostate,5p15.33 TERT/CLPTM1L,ENSG00000206077,LUAD,2044,9.984153575124123e-29,1.7171486157548852e-29,0.8146710785383126,0.1400678997266177,0.0452610217350696,0.00172727,12.369718897856943,5.9471990201220945e-34,64.26899767137571,ZDHHC11B,protein_coding
Prostate,5p15.33 TERT/CLPTM1L,ENSG00000206077,LUSC,2117,1.8287763404819747e-15,3.246804348571665e-16,0.8025985332805289,0.1424381535501903,0.0549633131692786,0.00172727,9.378100582096597,7.983018482717922e-20,33.71522866950665,ZDHHC11B,protein_coding
Prostate,5p15.33 TERT/CLPTM1L,ENSG00000206077,SCLC,1825,0.7219250911116539,0.1097149065934939,0.1372270607811326,0.0208448592745565,0.010288082239163,0.00172727,3.369387996219282,0.0034259114203628,0.0,ZDHHC11B,protein_coding
Prostate,5p15.33 TERT/CLPTM1L,ENSG00000206077,PRAD,2235,7.699001860645595e-46,1.4512035370249974e-46,0.799090712229826,0.1505722097119896,0.0503370780581844,0.00172727,15.219047619047618,5.063887795333787e-51,103.65354277829891,ZDHHC11B,protein_coding
Prostate,5p15.33 TERT/CLPTM1L,ENSG00000215246,LUAD,2044,9.920598428524003e-29,1.8316599088874348e-29,0.8094852068028872,0.149415772035651,0.0410990211614617,0.00125371,12.369718897856943,5.9471990201220945e-34,64.26899767137571,RP11-43F13.3,antisense
Prostate,5p15.33 TERT/CLPTM1L,ENSG00000215246,LUSC,2117,1.815480498558245e-15,3.7405195416333134e-16,0.7967633619747241,0.1641217741068385,0.0391148639184353,0.00125371,9.378100582096597,7.983018482717922e-20,33.71522866950665,RP11-43F13.3,antisense
Prostate,5p15.33 TERT/CLPTM1L,ENSG00000215246,SCLC,1825,0.7050983946535923,0.1271674047436582,0.1340285598202636,0.0241630611918967,0.009542579590589,0.00125371,3.369387996219282,0.0034259114203628,0.0,RP11-43F13.3,antisense
Prostate,5p15.33 TERT/CLPTM1L,ENSG00000215246,PRAD,2235,7.566250590214956e-46,1.6461275859852682e-46,0.7853122628726338,0.1708101225422423,0.0438776145851239,0.00125371,15.219047619047618,5.063887795333787e-51,103.65354277829891,RP11-43F13.3,antisense
Prostate,5p15.33 TERT/CLPTM1L,ENSG00000221990,LUAD,1312,1.039133794356534e-28,1.4032254387614342e-29,0.8478958608001201,0.1144605131808264,0.0376436260190534,3.4121e-06,12.369718897856943,5.9471990201220945e-34,64.26899767137571,EXOC3-AS1,antisense
Prostate,5p15.33 TERT/CLPTM1L,ENSG00000221990,LUSC,1395,1.9145438688445955e-15,2.663385090776854e-16,0.840239490757474,0.1168455705529448,0.042914938689579,3.4121e-06,9.378100582096597,7.983018482717922e-20,33.715228669506644,EXOC3-AS1,antisense
Prostate,5p15.33 TERT/CLPTM1L,ENSG00000221990,SCLC,1168,0.7745030266820682,0.0792663247188602,0.1234502069925261,0.01262432542484,0.0101561161817053,0.00127748,3.369387996219282,0.0034259114203628,0.0,EXOC3-AS1,antisense
Prostate,5p15.33 TERT/CLPTM1L,ENSG00000221990,PRAD,1452,7.351578873648451e-46,1.061540223202832e-46,0.7630311700775291,0.1100519021417114,0.1269169277807594,3.4121e-06,15.219047619047618,5.063887795333787e-51,103.65354277829891,EXOC3-AS1,antisense
Prostate,5p15.33 TERT/CLPTM1L,ENSG00000225138,LUAD,1395,1.0294745759376508e-28,1.3992254516748933e-29,0.8400142854337768,0.1141259124224328,0.0458598021437904,0.000286236,12.369718897856943,5.9471990201220945e-34,64.26899767137571,CTD-2228K2.7,processed_transcript
Prostate,5p15.33 TERT/CLPTM1L,ENSG00000225138,LUSC,1477,1.9145674808207115e-15,2.776862120580829e-16,0.8402498533901147,0.1218307539801366,0.0379193926297464,0.000286236,9.378100582096597,7.983018482717922e-20,33.715228669506644,CTD-2228K2.7,processed_transcript
Prostate,5p15.33 TERT/CLPTM1L,ENSG00000225138,SCLC,1248,0.7605239262159491,0.0924936616351373,0.1233346039569582,0.0149910937642434,0.0086567144277117,0.000286236,3.369387996219282,0.0034259114203628,0.0,CTD-2228K2.7,processed_transcript
Prostate,5p15.33 TERT/CLPTM1L,ENSG00000225138,PRAD,1538,7.898169874737601e-46,1.1912836729763674e-46,0.8197626529716139,0.1235884333888377,0.0566489136395484,0.000286236,15.219047619047618,5.063887795333787e-51,103.65354277829891,CTD-2228K2.7,processed_transcript
Prostate,5p15.33 TERT/CLPTM1L,ENSG00000232615,LUAD,2044,2.5480917135142863e-72,1.2255441291763726e-28,2.0791513360083842e-44,1.0,8.316751551311616e-26,4.3029e-38,12.369718897856943,5.9471990201220945e-34,164.85078196419428,CTD-2012J19.1,processed_pseudogene
Prostate,5p15.33 TERT/CLPTM1L,ENSG00000232615,LUSC,2117,4.73749030668186e-59,2.278569253057372e-15,2.0791513360083498e-44,0.9999999999999978,4.7458465575096083e-17,4.3029e-38,9.378100582096597,7.983018482717922e-20,134.29701296232523,CTD-2012J19.1,processed_pseudogene
Prostate,5p15.33 TERT/CLPTM1L,ENSG00000232615,SCLC,1825,1.0626466143368091e-20,0.8241719847295739,2.0199307840916808e-21,0.15664346706907,0.019184548201356,9.67422e-26,3.369387996219282,0.0034259114203628,45.797563206100655,CTD-2012J19.1,processed_pseudogene
Prostate,5p15.33 TERT/CLPTM1L,ENSG00000232615,PRAD,2235,2.003200607821519e-89,9.634703223069349e-46,2.0791513360007017e-44,1.0,1.2983782720148381e-45,4.3029e-38,15.219047619047618,5.063887795333787e-51,204.2353270711212,CTD-2012J19.1,processed_pseudogene
Prostate,5p15.33 TERT/CLPTM1L,ENSG00000248126,LUAD,2044,9.233781286777815e-29,2.0554559882751027e-29,0.7534433944033809,0.1676389097851532,0.0789176958114657,0.000678291,12.369718897856943,5.9471990201220945e-34,64.26899767137571,CTD-2012J19.2,unprocessed_pseudogene
Prostate,5p15.33 TERT/CLPTM1L,ENSG00000248126,LUSC,2117,1.7774020659546705e-15,4.0283984487466093e-16,0.780051808199266,0.1767518887417029,0.0431963030590288,0.000678291,9.378100582096597,7.983018482717922e-20,33.71522866950665,CTD-2012J19.2,unprocessed_pseudogene
Prostate,5p15.33 TERT/CLPTM1L,ENSG00000248126,SCLC,1825,0.6963794706610986,0.134896909544032,0.1323712240005297,0.0256311446891421,0.0107212511051973,0.000678291,3.369387996219282,0.0034259114203628,0.0,CTD-2012J19.2,unprocessed_pseudogene
Prostate,5p15.33 TERT/CLPTM1L,ENSG00000248126,PRAD,2235,7.329958481688747e-46,1.7713383429099768e-46,0.7607871578376985,0.1837943900888566,0.0554184520734447,0.000678291,15.219047619047618,5.063887795333787e-51,103.65354277829891,CTD-2012J19.2,unprocessed_pseudogene
Prostate,5p15.33 TERT/CLPTM1L,ENSG00000248597,LUAD,2044,8.475657792576017e-29,1.6457828946399665e-29,0.6915832397052962,0.134115673093168,0.1743010872015358,0.00251202,12.369718897856943,5.9471990201220945e-34,64.26899767137571,RP11-259O2.2,lincRNA
Prostate,5p15.33 TERT/CLPTM1L,ENSG00000248597,LUSC,2117,1.779345334318934e-15,3.7287908057622495e-16,0.7809046540636854,0.1635906430171454,0.0555047029191671,0.00218816,9.378100582096597,7.983018482717922e-20,33.71522866950665,RP11-259O2.2,lincRNA
Prostate,5p15.33 TERT/CLPTM1L,ENSG00000248597,SCLC,1825,0.7033597785741106,0.1274011102924498,0.1336980751517688,0.0242056923243585,0.011335343657312,0.00218816,3.369387996219282,0.0034259114203628,0.0,RP11-259O2.2,lincRNA
Prostate,5p15.33 TERT/CLPTM1L,ENSG00000248597,PRAD,2235,7.070991228698007e-46,1.5742070602548195e-46,0.7339085662511237,0.1632864581711609,0.1028049755777154,0.00218816,15.219047619047618,5.063887795333787e-51,103.65354277829891,RP11-259O2.2,lincRNA
Prostate,5p15.33 TERT/CLPTM1L,ENSG00000248925,LUAD,859,0.0642979408689482,0.007128670661917,0.7694652678973952,0.0852362392434481,0.0738718813282914,0.00124268,5.364613772270514,5.632510109314822e-07,2.482168209404737,CTD-2083E4.6,antisense
Prostate,5p15.33 TERT/CLPTM1L,ENSG00000248925,LUSC,906,0.7954884768506925,0.0909945203337955,0.0936106219680841,0.0106987458955086,0.0092076349519191,0.00124268,3.581502425759402,0.0016391461501801,0.0,CTD-2083E4.6,antisense
Prostate,5p15.33 TERT/CLPTM1L,ENSG00000248925,SCLC,686,0.874736057677488,0.0816352451481823,0.0364441772795794,0.0033973866497834,0.0037871332449667,0.00124268,2.811364668483197,0.019218428364947,0.0,CTD-2083E4.6,antisense
Prostate,5p15.33 TERT/CLPTM1L,ENSG00000248925,PRAD,932,5.673429704985121e-16,6.681087866133643e-17,0.8228674948933791,0.0968213924677776,0.0803111126388426,0.00124268,9.711711711711713,3.305589313781247e-21,34.910607572967194,CTD-2083E4.6,antisense
Prostate,5p15.33 TERT/CLPTM1L,ENSG00000248994,LUAD,2044,9.360806813301015e-29,2.401987779076572e-29,0.7638082212177825,0.1959533387713473,0.0402384400108703,0.000352695,12.369718897856943,5.9471990201220945e-34,64.26899767137571,RP11-259O2.1,lincRNA
Prostate,5p15.33 TERT/CLPTM1L,ENSG00000248994,LUSC,2117,1.558910230219388e-15,3.9415255805461175e-16,0.684161882781327,0.1728394804016131,0.1429986368170579,0.000352695,9.378100582096597,7.983018482717922e-20,33.71522866950665,RP11-259O2.1,lincRNA
Prostate,5p15.33 TERT/CLPTM1L,ENSG00000248994,SCLC,1825,0.6668490988262756,0.1556807163720631,0.1267579461403203,0.0295714130155604,0.0211408256457804,0.000352695,3.369387996219282,0.0034259114203628,0.0,RP11-259O2.1,lincRNA
Prostate,5p15.33 TERT/CLPTM1L,ENSG00000248994,PRAD,2235,7.231060296454859e-46,2.010809449667396e-46,0.750522369920092,0.2086640528947469,0.040813577185161,0.000352695,15.219047619047618,5.063887795333787e-51,103.65354277829891,RP11-259O2.1,lincRNA
Prostate,5p15.33 TERT/CLPTM1L,ENSG00000249116,LUAD,2044,9.921103303366721e-29,1.9119062501207706e-29,0.8095264027770427,0.1559701809197634,0.0345034163031939,0.000469772,12.369718897856943,5.9471990201220945e-34,64.26899767137571,CTD-2194D22.3,antisense
Prostate,5p15.33 TERT/CLPTM1L,ENSG00000249116,LUSC,2117,1.833436044418969e-15,3.665577694845211e-16,0.8046435463652717,0.1608373828881993,0.0345190707465268,0.000469772,9.378100582096597,7.983018482717922e-20,33.71522866950665,CTD-2194D22.3,antisense
Prostate,5p15.33 TERT/CLPTM1L,ENSG00000249116,SCLC,1825,0.708858360511885,0.1234782572190092,0.1347432725650116,0.0234618943074104,0.0094582153966835,0.000469772,3.369387996219282,0.0034259114203628,0.0,CTD-2194D22.3,antisense
Prostate,5p15.33 TERT/CLPTM1L,ENSG00000249116,PRAD,2235,7.08473273606515e-46,1.5101772685466067e-46,0.735334817485748,0.156635487316374,0.1080296951978779,0.000469772,15.219047619047618,5.063887795333787e-51,103.65354277829891,CTD-2194D22.3,antisense
Prostate,5p15.33 TERT/CLPTM1L,ENSG00000249201,LUAD,2044,1.3912957870530917e-61,1.2255441291763726e-28,1.1352474006693766e-33,1.0,1.02195934504162e-30,3.75325e-31,12.369718897856943,5.9471990201220945e-34,140.12745513884073,CTD-3080P12.3,antisense
Prostate,5p15.33 TERT/CLPTM1L,ENSG00000249201,LUSC,2117,2.5867398217785446e-48,2.278569253057372e-15,1.135247400669358e-33,0.9999999999999978,2.1557261982356333e-17,3.75325e-31,9.378100582096597,7.983018482717922e-20,109.57368613697167,CTD-3080P12.3,antisense
Prostate,5p15.33 TERT/CLPTM1L,ENSG00000249201,SCLC,1825,9.411256064093465e-34,0.8290048546725848,1.7889376942772234e-34,0.1575678799653286,0.0134272653620866,3.75325e-31,3.369387996219282,0.0034259114203628,75.85845746746502,CTD-3080P12.3,antisense
Prostate,5p15.33 TERT/CLPTM1L,ENSG00000249201,PRAD,2235,1.0937537959208748e-78,9.634703223069624e-46,1.1352231310062293e-33,1.0,9.575937401183552e-35,3.75325e-31,15.219047619047618,5.063887795333787e-51,179.51202162429567,CTD-3080P12.3,antisense
Prostate,5p15.33 TERT/CLPTM1L,ENSG00000249731,LUAD,2044,9.0933635671953e-29,2.584566467988668e-29,0.7419858127268333,0.2108441725700491,0.0471700147031176,0.000169925,12.369718897856943,5.9471990201220945e-34,64.26899767137571,RP11-259O2.3,lincRNA
Prostate,5p15.33 TERT/CLPTM1L,ENSG00000249731,LUSC,2117,1.667698050693523e-15,4.897577293982242e-16,0.7319057994203156,0.2148876950013943,0.053206505578288,0.000169925,9.378100582096597,7.983018482717922e-20,33.71522866950665,RP11-259O2.3,lincRNA
Prostate,5p15.33 TERT/CLPTM1L,ENSG00000249731,SCLC,1825,0.6549955544390734,0.1738608919546843,0.1245047663075073,0.0330347266893152,0.0136040606094198,0.000169925,3.369387996219282,0.0034259114203628,0.0,RP11-259O2.3,lincRNA
Prostate,5p15.33 TERT/CLPTM1L,ENSG00000249731,PRAD,2235,7.03149305783553e-46,2.157903859835854e-46,0.7298089930781897,0.2239257461104322,0.0462652608113779,0.000169925,15.219047619047618,5.063887795333787e-51,103.65354277829891,RP11-259O2.3,lincRNA
Prostate,5p15.33 TERT/CLPTM1L,ENSG00000249908,LUAD,2044,9.771750656091679e-29,1.8311823950812868e-29,0.7973397630861965,0.1493646120200913,0.0532956248937121,0.00141504,12.369718897856943,5.9471990201220945e-34,64.26899767137571,BRD9P2,unprocessed_pseudogene
Prostate,5p15.33 TERT/CLPTM1L,ENSG00000249908,LUSC,2117,1.7937400003770154e-15,3.473580919958906e-16,0.7872220683967222,0.1523853105454365,0.0603926210578391,0.00373605,9.378100582096597,7.983018482717922e-20,33.71522866950665,BRD9P2,unprocessed_pseudogene
Prostate,5p15.33 TERT/CLPTM1L,ENSG00000249908,SCLC,1825,0.7119808840180168,0.1188384769751822,0.1353368171422013,0.0225781346588869,0.0112656872057126,0.00373605,3.369387996219282,0.0034259114203628,0.0,BRD9P2,unprocessed_pseudogene
Prostate,5p15.33 TERT/CLPTM1L,ENSG00000249908,PRAD,2235,7.612165529880124e-46,1.5645034753893536e-46,0.7900778419052322,0.1623345261879877,0.04758763190678,0.00141504,15.219047619047618,5.063887795333787e-51,103.65354277829891,BRD9P2,unprocessed_pseudogene
Prostate,5p15.33 TERT/CLPTM1L,ENSG00000249915,LUAD,860,0.0594705278070511,0.0046450509938283,0.809928004909892,0.0631981042170479,0.0627583120721805,0.00174038,5.364613772270514,5.632510109314822e-07,2.611464502028136,PDCD6,protein_coding
Prostate,5p15.33 TERT/CLPTM1L,ENSG00000249915,LUSC,907,0.8209841889552465,0.0663928312943955,0.0968638554274534,0.0078254274060583,0.0079336969168461,0.00174038,3.581502425759402,0.0016391461501801,0.0,PDCD6,protein_coding
Prostate,5p15.33 TERT/CLPTM1L,ENSG00000249915,SCLC,687,0.8988362043717747,0.0579720258125672,0.0374692729060689,0.0024133376619682,0.0033091592476207,0.00174038,2.811364668483197,0.019218428364947,0.0,PDCD6,protein_coding
Prostate,5p15.33 TERT/CLPTM1L,ENSG00000249915,PRAD,933,6.137186844674077e-16,5.0665081384229e-17,0.8901302787152103,0.0734476091795434,0.0364221121052455,0.00174038,9.711711711711713,3.305589313781247e-21,34.910607572967194,PDCD6,protein_coding
Prostate,5p15.33 TERT/CLPTM1L,ENSG00000250848,LUAD,887,1.0634512397421182e-28,7.820415368988019e-30,0.8677380229926263,0.063743262377585,0.0685187146297887,0.00705529,12.369718897856943,5.9471990201220945e-34,64.26899767137535,CTD-2083E4.5,processed_pseudogene
Prostate,5p15.33 TERT/CLPTM1L,ENSG00000250848,LUSC,938,0.8172457409713696,0.0632215587822479,0.1035220531368139,0.0080003833436072,0.0080102637659613,0.00705529,3.61724965867897,0.0014412455894566,0.0,CTD-2083E4.5,processed_pseudogene
Prostate,5p15.33 TERT/CLPTM1L,ENSG00000250848,SCLC,711,0.900044522779211,0.0529529923991738,0.0412149662394313,0.0024214648727314,0.0033660537094523,0.00705529,3.046074423323685,0.0096646082865365,0.0,CTD-2083E4.5,processed_pseudogene
Prostate,5p15.33 TERT/CLPTM1L,ENSG00000250848,PRAD,969,8.465333223697087e-46,6.794139491659872e-47,0.8786291795118396,0.0704664521172013,0.0509043683709591,0.00705529,15.219047619047618,5.063887795333787e-51,103.65354256141772,CTD-2083E4.5,processed_pseudogene
Prostate,5p15.33 TERT/CLPTM1L,ENSG00000251532,LUAD,2044,1.6348732579982412e-39,1.2255441291591142e-28,1.3339978700701363e-11,0.999999999985932,7.278896853171179e-13,3.9569100000000014e-18,12.369718897856943,5.9471990201220945e-34,89.30925334345307,CTD-2245E15.3,lincRNA
Prostate,5p15.33 TERT/CLPTM1L,ENSG00000251532,LUSC,2117,3.039606530377631e-26,2.278569253019183e-15,1.3339978700665232e-11,0.9999999999832304,3.4273483996268784e-12,3.9569100000000014e-18,9.378100582096597,7.983018482717922e-20,58.75548434158401,CTD-2245E15.3,lincRNA
Prostate,5p15.33 TERT/CLPTM1L,ENSG00000251532,SCLC,1825,3.445163803768922e-09,0.8241879967184527,6.548736268090685e-10,0.1566465297852244,0.0191654693962854,7.8828e-16,3.369387996219282,0.0034259114203628,19.29293776160945,CTD-2245E15.3,lincRNA
Prostate,5p15.33 TERT/CLPTM1L,ENSG00000251532,PRAD,2235,6.476367837494415e-57,9.634703222998942e-46,6.721917310319739e-12,0.999999999992664,6.142661092977332e-13,3.9569100000000014e-18,15.219047619047618,5.063887795333787e-51,129.37919046634372,CTD-2245E15.3,lincRNA
Prostate,5p15.33 TERT/CLPTM1L,ENSG00000271119,LUAD,2044,2.936848365849284e-31,1.2224007467768742e-28,0.0023963628040248,0.997434944148145,0.00016869304783,3.04439e-09,12.369718897856943,5.9471990201220945e-34,70.300232509612,CTD-2012J19.3,lincRNA
Prostate,5p15.33 TERT/CLPTM1L,ENSG00000271119,LUSC,2117,5.4604435845484126e-18,2.2728292338272494e-15,0.0023964352091653,0.9974807440774706,0.0001228207133617,3.04439e-09,9.378100582096597,7.983018482717922e-20,39.74647921025729,CTD-2012J19.3,lincRNA
Prostate,5p15.33 TERT/CLPTM1L,ENSG00000271119,SCLC,1825,0.057288981490026,0.7679899108329107,0.0108897704787006,0.1459654216453235,0.017865915553039,1.29059e-08,3.369387996219282,0.0034259114203628,2.595668286008433,CTD-2012J19.3,lincRNA
Prostate,5p15.33 TERT/CLPTM1L,ENSG00000271119,PRAD,2235,2.210343664000564e-48,9.611138416530052e-46,0.0022941481567466,0.9975540222852116,0.0001518295580416,3.04439e-09,15.219047619047618,5.063887795333787e-51,109.7284874821962,CTD-2012J19.3,lincRNA
Prostate,5p15.33 TERT/CLPTM1L,ENSG00000271781,LUAD,2044,9.16999080700805e-29,2.0195201303563865e-29,0.7482383203263963,0.1646985273685058,0.0870631523050978,0.000439897,12.369718897856943,5.9471990201220945e-34,64.26899767137571,CTD-2589H19.6,antisense
Prostate,5p15.33 TERT/CLPTM1L,ENSG00000271781,LUSC,2117,1.790108301093465e-15,4.0598603571743324e-16,0.7856282176596083,0.1781396276189835,0.0362321547214059,0.000439897,9.378100582096597,7.983018482717922e-20,33.71522866950665,CTD-2589H19.6,antisense
Prostate,5p15.33 TERT/CLPTM1L,ENSG00000271781,SCLC,1825,0.7075307739385315,0.1247938152739033,0.1344909184002419,0.0237119477031304,0.0094725446841929,0.000439897,3.369387996219282,0.0034259114203628,0.0,CTD-2589H19.6,antisense
Prostate,5p15.33 TERT/CLPTM1L,ENSG00000271781,PRAD,2235,7.413710147642395e-46,1.8495212638918207e-46,0.7694798662703891,0.1919259345538559,0.0385941991757551,0.000439897,15.219047619047618,5.063887795333787e-51,103.65354277829891,CTD-2589H19.6,antisense
Prostate,5p15.33 TERT/CLPTM1L,ENSG00000272347,LUAD,2044,9.627787955974875e-29,2.1888136584664082e-29,0.7855929237281105,0.178563490894518,0.0358435853773714,0.000386548,12.369718897856943,5.9471990201220945e-34,64.26899767137571,RP11-43F13.4,lincRNA
Prostate,5p15.33 TERT/CLPTM1L,ENSG00000272347,LUSC,2117,1.7914270336730722e-15,4.172775349588243e-16,0.7862069723223589,0.1831006890749412,0.0306923386026976,0.000386548,9.378100582096597,7.983018482717922e-20,33.71522866950665,RP11-43F13.4,lincRNA
Prostate,5p15.33 TERT/CLPTM1L,ENSG00000272347,SCLC,1825,0.6900764965830037,0.1421075685730857,0.1311731237854717,0.0270028634133466,0.0096399476450922,0.000386548,3.369387996219282,0.0034259114203628,0.0,RP11-43F13.4,lincRNA
Prostate,5p15.33 TERT/CLPTM1L,ENSG00000272347,PRAD,2235,7.403312180026968e-46,1.860049290254781e-46,0.7684006459379424,0.19301866738725,0.0385806866748076,0.000386548,15.219047619047618,5.063887795333787e-51,103.65354277829891,RP11-43F13.4,lincRNA
Prostate,5p15.33 TERT/CLPTM1L,ENSG00000279908,LUAD,2044,8.226389874256086e-29,2.609767820108118e-29,0.6712438726938895,0.2128317580501466,0.1159243692559638,3.00926e-05,12.369718897856943,5.9471990201220945e-34,64.26899767137571,RP11-325I22.3,TEC
Prostate,5p15.33 TERT/CLPTM1L,ENSG00000279908,LUSC,2117,1.6371187144893907e-15,5.320514073886348e-16,0.7184853882727936,0.2334543477381953,0.0480602639890087,3.00926e-05,9.378100582096597,7.983018482717922e-20,33.71522866950665,RP11-325I22.3,TEC
Prostate,5p15.33 TERT/CLPTM1L,ENSG00000279908,SCLC,1825,0.6404899580355887,0.1894343380618786,0.1217474714249282,0.0359962757829559,0.0123319566946484,3.00926e-05,3.369387996219282,0.0034259114203628,0.0,RP11-325I22.3,TEC
Prostate,5p15.33 TERT/CLPTM1L,ENSG00000279908,PRAD,2235,6.842109544363855e-46,2.312355245641096e-46,0.7101526000283017,0.2399528530316676,0.0498945469400306,3.00926e-05,15.219047619047618,5.063887795333787e-51,103.65354277829891,RP11-325I22.3,TEC
Prostate,8p21.2 NKX3-1,ENSG00000008853,LUAD,3338,0.6552397605217657,0.2236733018433445,0.0838187547490957,0.0286037897965019,0.0086643930892919,0.000519154,3.738842027679961,0.0009215349502839,0.0,RHOBTB2,protein_coding
Prostate,8p21.2 NKX3-1,ENSG00000008853,LUSC,3351,0.6021405341258446,0.2121324691954527,0.1297889708412958,0.0457140767723119,0.0102239490650948,0.000519154,3.850693725408988,0.0006028024158824,0.0,RHOBTB2,protein_coding
Prostate,8p21.2 NKX3-1,ENSG00000008853,SCLC,3279,0.6034715499309193,0.2104280417745342,0.1279331839862545,0.0445962028565221,0.0135710214517696,0.000519154,3.3382811484994157,0.003802636970865,0.0,RHOBTB2,protein_coding
Prostate,8p21.2 NKX3-1,ENSG00000008853,PRAD,3500,1.6002647743516592e-52,5.929860926089312e-53,0.7077106036660168,0.2622156197436271,0.0300737765903561,0.000519154,16.1375,2.8232739187853697e-57,118.91853571543142,RHOBTB2,protein_coding
Prostate,8p21.2 NKX3-1,ENSG00000042980,LUAD,2527,0.7636958747203032,0.1414947859605397,0.0733116769360681,0.0135749974212259,0.0079226649618629,0.00802289,3.738842027679961,0.0009215349502839,0.0,ADAM28,protein_coding
Prostate,8p21.2 NKX3-1,ENSG00000042980,LUSC,2578,0.7529657260745659,0.1419670615185371,0.0830228497545166,0.0156470509268686,0.0063973117255114,0.00802289,3.676369724611743,0.0011617274785075,0.0,ADAM28,protein_coding
Prostate,8p21.2 NKX3-1,ENSG00000042980,SCLC,2475,0.7426737876765703,0.1336179585387061,0.0989142143805674,0.0177891198600032,0.0070049195441529,0.00802289,3.118778109813155,0.0077242662144953,0.0,ADAM28,protein_coding
Prostate,8p21.2 NKX3-1,ENSG00000042980,PRAD,2629,1.8206087612416757e-52,3.544396898131644e-53,0.8051568378614101,0.1567113829644117,0.0381317791741781,0.00802289,16.1375,2.8232739187853697e-57,118.91853571543142,ADAM28,protein_coding
Prostate,8p21.2 NKX3-1,ENSG00000104635,LUAD,1219,0.8587199589987143,0.0909016634253971,0.0423067852368314,0.0044748797824969,0.0035967125565602,0.000888975,3.152765870585834,0.0069433819022027,0.0,SLC39A14,protein_coding
Prostate,8p21.2 NKX3-1,ENSG00000104635,LUSC,1168,0.8078019057656661,0.0823722661856761,0.094591429881774,0.0096399763369068,0.0055944218299768,0.000888975,3.850693725408988,0.0006028024158824,0.0,SLC39A14,protein_coding
Prostate,8p21.2 NKX3-1,ENSG00000104635,SCLC,1175,0.8190136819148984,0.0808504798996743,0.0855493014761312,0.0084390130788829,0.0061475236304128,0.000888975,3.3382811484994157,0.003802636970865,0.0,SLC39A14,protein_coding
Prostate,8p21.2 NKX3-1,ENSG00000104635,PRAD,1309,0.1100214689391112,0.0125021500792376,0.7253475924408411,0.0823541790765908,0.0697746094642191,0.000888975,5.164705882352941,1.613518393760982e-06,1.8859754588879625,SLC39A14,protein_coding
Prostate,8p21.2 NKX3-1,ENSG00000104679,LUAD,3355,0.7156461327663439,0.164070010591005,0.0919940748100824,0.0210834810338142,0.0072063007987543,0.00508042,3.738842027679961,0.0009215349502839,0.0,R3HCC1,protein_coding
Prostate,8p21.2 NKX3-1,ENSG00000104679,LUSC,3368,0.6634931463145525,0.1509789916566372,0.1434919827495263,0.0326424508093669,0.0093934284699168,0.00508042,3.850693725408988,0.0006028024158824,0.0,R3HCC1,protein_coding
Prostate,8p21.2 NKX3-1,ENSG00000104679,SCLC,3296,0.6619201108697337,0.1526700349048872,0.1410777798840994,0.0325273933665192,0.0118046809747603,0.00508042,3.3382811484994157,0.003802636970865,0.0,R3HCC1,protein_coding
Prostate,8p21.2 NKX3-1,ENSG00000104679,PRAD,3517,1.5404899000889305e-52,3.712823684592325e-53,0.6812754080492947,0.1640434398865587,0.1546811520641466,0.00508042,16.1375,2.8232739187853697e-57,118.91853571543142,R3HCC1,protein_coding
Prostate,8p21.2 NKX3-1,ENSG00000104689,LUAD,3355,0.2019747799649991,0.6747254539271135,0.0259632270295751,0.0867232360715466,0.0106133030067657,7.35621e-06,3.738842027679961,0.0009215349502839,1.2061630352624828,TNFRSF10A,protein_coding
Prostate,8p21.2 NKX3-1,ENSG00000104689,LUSC,3368,0.1854688697524656,0.6219507706511351,0.0401108828432087,0.1344897386144141,0.0179797381387764,7.35621e-06,3.850693725408988,0.0006028024158824,1.2099738928253156,TNFRSF10A,protein_coding
Prostate,8p21.2 NKX3-1,ENSG00000104689,SCLC,3296,0.1851563198554285,0.6197582091442297,0.0394631347616733,0.1320680845657803,0.0235542516728879,7.35621e-06,3.3382811484994157,0.003802636970865,1.2081289762420724,TNFRSF10A,protein_coding
Prostate,8p21.2 NKX3-1,ENSG00000104689,PRAD,3517,4.31154500777945e-53,1.81582766433117e-52,0.1906763286359926,0.803036129609445,0.0062875417545623,4.18699e-06,16.1375,2.8232739187853697e-57,120.35635804556092,TNFRSF10A,protein_coding
Prostate,8p21.2 NKX3-1,ENSG00000104722,LUAD,169,0.9792947179378204,0.0132703824445167,0.0067817556443577,9.133748531601484e-05,0.000561806487989,0.0102086,2.059160501198884,0.1200231083868567,0.0,NEFM,protein_coding
Prostate,8p21.2 NKX3-1,ENSG00000104722,LUSC,169,0.9768642480807028,0.0132504301896686,0.008823532614812,0.0001187415484955,0.0009430475663209,0.0102086,2.909190033687568,0.0145277694580092,0.0,NEFM,protein_coding
Prostate,8p21.2 NKX3-1,ENSG00000104722,SCLC,168,0.9768923252455626,0.0131455977050125,0.0090857860190618,0.0001215085261059,0.000754782504257,0.0102086,1.735337145897061,0.2218624896617831,0.0,NEFM,protein_coding
Prostate,8p21.2 NKX3-1,ENSG00000104722,PRAD,157,0.9796091820074144,0.0122288882187197,0.0074231584436504,9.201976944020923e-05,0.0006467515607749,0.0102086,3.4466666666666668,0.0026326731146813,0.0,NEFM,protein_coding
Prostate,8p21.2 NKX3-1,ENSG00000120889,LUAD,3355,0.6903992487387914,0.1895651946192457,0.0887486667353203,0.0243610877967066,0.0069258021099356,0.000603632,3.738842027679961,0.0009215349502839,0.0,TNFRSF10B,protein_coding
Prostate,8p21.2 NKX3-1,ENSG00000120889,LUSC,3368,0.6382570908792597,0.1759305427278086,0.1380342449397218,0.0380383132009425,0.0097398082522672,0.000603632,3.850693725408988,0.0006028024158824,0.0,TNFRSF10B,protein_coding
Prostate,8p21.2 NKX3-1,ENSG00000120889,SCLC,3296,0.6388556852050793,0.1755314701515849,0.1361619631357673,0.0373996994236491,0.0120511820839192,0.000603632,3.3382811484994157,0.003802636970865,0.0,TNFRSF10B,protein_coding
Prostate,8p21.2 NKX3-1,ENSG00000120889,PRAD,3517,1.70398441451147e-52,4.932759976609566e-53,0.7535801937026161,0.2181210097890247,0.0282987965083593,0.000603632,16.1375,2.8232739187853697e-57,118.91853571543142,TNFRSF10B,protein_coding
Prostate,8p21.2 NKX3-1,ENSG00000120896,LUAD,1811,0.8211747448474394,0.0952842757774163,0.0706482395880762,0.0081929053480606,0.0046998344390073,0.00138803,3.738842027679961,0.0009215349502839,0.0,SORBS3,protein_coding
Prostate,8p21.2 NKX3-1,ENSG00000120896,LUSC,1772,0.7812319156220504,0.0891181856683419,0.111121004029644,0.0126701495832128,0.0058587450967505,0.00138803,3.850693725408988,0.0006028024158824,0.0,SORBS3,protein_coding
Prostate,8p21.2 NKX3-1,ENSG00000120896,SCLC,1757,0.7937282700040815,0.0903884045051429,0.0986358535957561,0.0112264596369159,0.0060210122581036,0.00138803,3.3382811484994157,0.003802636970865,0.0,SORBS3,protein_coding
Prostate,8p21.2 NKX3-1,ENSG00000120896,PRAD,1929,0.0175189152678981,0.002195068120109,0.8249497791538675,0.1033117359380232,0.0520245015201019,0.00138803,5.626373626373626,1.33650174090616e-07,3.852041341070168,SORBS3,protein_coding
Prostate,8p21.2 NKX3-1,ENSG00000120910,LUAD,1501,0.8380369445906624,0.0992309195458668,0.0525705254230112,0.0062208702450563,0.0039407401954031,0.00174684,3.152765870585834,0.0069433819022027,0.0,PPP3CC,protein_coding
Prostate,8p21.2 NKX3-1,ENSG00000120910,LUSC,1446,0.7867299125983486,0.0912723109183932,0.1028159700842297,0.0119209129800142,0.0072608934190142,0.00174684,3.850693725408988,0.0006028024158824,0.0,PPP3CC,protein_coding
Prostate,8p21.2 NKX3-1,ENSG00000120910,SCLC,1448,0.7950546526078779,0.0932619220099933,0.0898859342934339,0.010532582569604,0.0112649085190908,0.00174684,3.3382811484994157,0.003802636970865,0.0,PPP3CC,protein_coding
Prostate,8p21.2 NKX3-1,ENSG00000120910,PRAD,1610,0.1101132553420325,0.0139885052471829,0.7335820687934894,0.0931432096153026,0.0491729610019924,0.00174684,5.164705882352941,1.613518393760982e-06,1.8964300477440563,PPP3CC,protein_coding
Prostate,8p21.2 NKX3-1,ENSG00000120913,LUAD,1938,0.7825196354995795,0.1305993998632098,0.0693592283384672,0.0115698261087169,0.0059519101900265,0.000612302,3.738842027679961,0.0009215349502839,0.0,PDLIM2,protein_coding
Prostate,8p21.2 NKX3-1,ENSG00000120913,LUSC,1928,0.7418823657814082,0.1244447056966323,0.1089572377227707,0.0182702409998734,0.0064454497993152,0.000612302,3.850693725408988,0.0006028024158824,0.0,PDLIM2,protein_coding
Prostate,8p21.2 NKX3-1,ENSG00000120913,SCLC,1900,0.7538259849469354,0.1259820657791535,0.0975290914476702,0.0162930370177689,0.0063698208084718,0.000612302,3.3382811484994157,0.003802636970865,0.0,PDLIM2,protein_coding
Prostate,8p21.2 NKX3-1,ENSG00000120913,PRAD,2085,7.795747075037081e-07,1.378591737516303e-07,0.8287357611537224,0.1465280276311714,0.024735293781225,0.000612302,7.034090909090908,1.802579265021732e-11,13.876663394012668,PDLIM2,protein_coding
Prostate,8p21.2 NKX3-1,ENSG00000134013,LUAD,3355,0.6101931900457355,0.2669339912599989,0.0784384284404396,0.0343033997294743,0.0101309905243514,0.000904283,3.738842027679961,0.0009215349502839,0.0,LOXL2,protein_coding
Prostate,8p21.2 NKX3-1,ENSG00000134013,LUSC,3368,0.5638308757593613,0.2458501536828659,0.1219382758473237,0.0531541636988395,0.0152265310116094,0.000904283,3.850693725408988,0.0006028024158824,0.0,LOXL2,protein_coding
Prostate,8p21.2 NKX3-1,ENSG00000134013,SCLC,3296,0.5775764941266387,0.2310436998806177,0.1231012748616483,0.0492242481943624,0.0190542829367327,0.000904283,3.3382811484994157,0.003802636970865,0.0,LOXL2,protein_coding
Prostate,8p21.2 NKX3-1,ENSG00000134013,PRAD,3517,1.4068212859842122e-52,6.331004506082568e-53,0.6221610057982194,0.2798881547490651,0.0979508394527154,0.000904283,16.1375,2.8232739187853697e-57,118.91853571543142,LOXL2,protein_coding
Prostate,8p21.2 NKX3-1,ENSG00000134020,LUAD,3254,0.67305405036514,0.2063836908863413,0.083272268834862,0.0255226428259062,0.0117673470877505,5.05893e-05,3.738842027679961,0.0009215349502839,0.0,PEBP4,protein_coding
Prostate,8p21.2 NKX3-1,ENSG00000134020,LUSC,3266,0.6280903971609522,0.1887856043881094,0.1323008518779654,0.0397546983836876,0.0110684481892853,5.05893e-05,3.850693725408988,0.0006028024158824,0.0,PEBP4,protein_coding
Prostate,8p21.2 NKX3-1,ENSG00000134020,SCLC,3194,0.629821502996173,0.1903625144260766,0.129871979988833,0.0392428914489056,0.0107011111400116,5.05893e-05,3.3382811484994157,0.003802636970865,0.0,PEBP4,protein_coding
Prostate,8p21.2 NKX3-1,ENSG00000134020,PRAD,3428,1.6206793298147542e-52,5.222411336745278e-53,0.716738857991126,0.230906667992604,0.0523544740162698,5.05893e-05,16.1375,2.8232739187853697e-57,118.91853571543142,PEBP4,protein_coding
Prostate,8p21.2 NKX3-1,ENSG00000134028,LUAD,2037,0.7985845971664058,0.1283389636631575,0.0588142169589227,0.0094471022848807,0.0048151199266331,0.00260918,3.738842027679961,0.0009215349502839,0.0,ADAMDEC1,protein_coding
Prostate,8p21.2 NKX3-1,ENSG00000134028,LUSC,2106,0.7818520453017608,0.129514670918971,0.071134552215235,0.0117777976697677,0.0057209338942654,0.00260918,3.676369724611743,0.0011617274785075,0.0,ADAMDEC1,protein_coding
Prostate,8p21.2 NKX3-1,ENSG00000134028,SCLC,2033,0.7758169909896844,0.1224302171605077,0.08232845861362,0.0129856602157875,0.0064386730204,0.00260918,2.738497574033796,0.023525167310776,0.0,ADAMDEC1,protein_coding
Prostate,8p21.2 NKX3-1,ENSG00000134028,PRAD,2090,1.874277306520095e-52,3.08298876163509e-53,0.8288915342601705,0.1363091277772447,0.0347993379625847,0.00260918,16.1375,2.8232739187853697e-57,118.91853571543142,ADAMDEC1,protein_coding
Prostate,8p21.2 NKX3-1,ENSG00000147439,LUAD,2350,0.7350728105369692,0.1710816043816478,0.0712703066151953,0.0165815309516953,0.0059937475144924,0.000565362,3.738842027679961,0.0009215349502839,0.0,BIN3,protein_coding
Prostate,8p21.2 NKX3-1,ENSG00000147439,LUSC,2360,0.6866154503343274,0.1609630669273257,0.1157300992661375,0.0271210042453477,0.0095703792268615,0.000565362,3.850693725408988,0.0006028024158824,0.0,BIN3,protein_coding
Prostate,8p21.2 NKX3-1,ENSG00000147439,SCLC,2296,0.6982406242948594,0.1523208084109925,0.1137360490753434,0.0248005546286472,0.0109019635901572,0.000565362,3.3382811484994157,0.003802636970865,0.0,BIN3,protein_coding
Prostate,8p21.2 NKX3-1,ENSG00000147439,PRAD,2531,3.205818860416428e-52,7.93189916375e-53,0.689126816915851,0.1703645841967323,0.1405085988874165,0.000565362,16.087500000000002,6.31875487728017e-57,118.1971273177603,BIN3,protein_coding
Prostate,8p21.2 NKX3-1,ENSG00000147454,LUAD,3355,0.6897780388490599,0.1897713714905165,0.0886688121445496,0.0243871223363773,0.0073946551794966,0.000557117,3.738842027679961,0.0009215349502839,0.0,SLC25A37,protein_coding
Prostate,8p21.2 NKX3-1,ENSG00000147454,LUSC,3368,0.6151532353013645,0.1714931118149755,0.1330376325942203,0.037045110151376,0.0432709101380634,0.000557117,3.850693725408988,0.0006028024158824,0.0,SLC25A37,protein_coding
Prostate,8p21.2 NKX3-1,ENSG00000147454,SCLC,3296,0.6415782805188383,0.1751561200676927,0.1367422411724677,0.0373225498764638,0.0092008083645372,0.000557117,3.3382811484994157,0.003802636970865,0.0,SLC25A37,protein_coding
Prostate,8p21.2 NKX3-1,ENSG00000147454,PRAD,3517,1.7156175931503733e-52,4.943537305602033e-53,0.7587249197561083,0.2186032597670371,0.0226718204768545,0.000557117,16.1375,2.8232739187853697e-57,118.91853571543142,SLC25A37,protein_coding
Prostate,8p21.2 NKX3-1,ENSG00000147457,LUAD,3355,0.442423592384136,0.4324904124826038,0.0568721707447836,0.055582660333955,0.0126311640545215,8.9236e-05,3.738842027679961,0.0009215349502839,0.0,CHMP7,protein_coding
Prostate,8p21.2 NKX3-1,ENSG00000147457,LUSC,3368,0.3945183507566822,0.4001158414414604,0.08532148477433,0.0864984940826044,0.0335458289449226,8.9236e-05,3.850693725408988,0.0006028024158824,0.0140884530870426,CHMP7,protein_coding
Prostate,8p21.2 NKX3-1,ENSG00000147457,SCLC,3296,0.3922497261625796,0.3937205761636597,0.0836018117873037,0.0838687410064837,0.0465591448799733,8.9236e-05,3.3382811484994157,0.003802636970865,0.0037427666509426,CHMP7,protein_coding
Prostate,8p21.2 NKX3-1,ENSG00000147457,PRAD,3517,1.0287261746708497e-52,1.062796555069755e-52,0.4549499768738594,0.4699423567043204,0.0751076664218201,8.9236e-05,16.1375,2.8232739187853697e-57,118.95095828533358,CHMP7,protein_coding
Prostate,8p21.2 NKX3-1,ENSG00000158815,LUAD,100,0.9865557548456892,0.0076951085452192,0.00532196523236,4.112514047137687e-05,0.0003860462362602,0.0121044,3.152765870585834,0.0069433819022027,0.0,FGF17,protein_coding
Prostate,8p21.2 NKX3-1,ENSG00000158815,LUSC,100,0.9886852610643004,0.0073837150537139,0.0035847865085076,2.645217464481386e-05,0.0003197851988329,0.0121044,2.7652662592754256,0.0218544931517832,0.0,FGF17,protein_coding
Prostate,8p21.2 NKX3-1,ENSG00000158815,SCLC,90,0.9852622324932456,0.0068105981574455,0.007258530146079,4.955530664465378e-05,0.0006190838965848,0.0121044,2.5171642503511955,0.0420852510249608,0.0,FGF17,protein_coding
Prostate,8p21.2 NKX3-1,ENSG00000158815,PRAD,108,0.2102765173266149,0.001737647472539,0.7606175323824429,0.0062643584054332,0.0211039444129697,0.0121044,5.164705882352941,1.613518393760982e-06,1.285707232216934,FGF17,protein_coding
Prostate,8p21.2 NKX3-1,ENSG00000158856,LUAD,124,0.9794724123726112,0.0137425080474497,0.0058202731663415,8.077743469934198e-05,0.0008840289788983,0.0032351,3.152765870585834,0.0069433819022027,0.0,DMTN,protein_coding
Prostate,8p21.2 NKX3-1,ENSG00000158856,LUSC,124,0.9795917919999308,0.0137754403435878,0.0058594076523236,8.17058518522693e-05,0.0006916541523053,0.0032351,2.7652662592754256,0.0218544931517832,0.0,DMTN,protein_coding
Prostate,8p21.2 NKX3-1,ENSG00000158856,SCLC,112,0.9784142839122656,0.0128746836339583,0.0078571811611004,0.0001026392672093,0.0007512120254663,0.0032351,2.5171642503511955,0.0420852510249608,0.0,DMTN,protein_coding
Prostate,8p21.2 NKX3-1,ENSG00000158856,PRAD,132,0.2052027693524346,0.0030297094493543,0.7423774993573498,0.010922340166528,0.0384676816743333,0.0032351,5.164705882352941,1.613518393760982e-06,1.2858592639598765,DMTN,protein_coding
Prostate,8p21.2 NKX3-1,ENSG00000158863,LUAD,248,0.9790495053146184,0.0108680190921617,0.00921169747553,0.0001014859088732,0.0007692922088165,0.0442855,3.152765870585834,0.0069433819022027,0.0,FAM160B2,protein_coding
Prostate,8p21.2 NKX3-1,ENSG00000158863,LUSC,217,0.9800091136791788,0.0098890807258609,0.0095049637419834,9.541130375993212e-05,0.0005014305492168,0.0442855,2.7652662592754256,0.0218544931517832,0.0,FAM160B2,protein_coding
Prostate,8p21.2 NKX3-1,ENSG00000158863,SCLC,237,0.9772839324147872,0.0099614999634839,0.0119602460673229,0.0001212382536312,0.0006730833007745,0.0699186,2.5171642503511955,0.0420852510249608,0.0,FAM160B2,protein_coding
Prostate,8p21.2 NKX3-1,ENSG00000158863,PRAD,261,0.2071877886904476,0.0024715761657312,0.7550130454185611,0.0089803237336236,0.0263472659916363,0.0442855,5.164705882352941,1.613518393760982e-06,1.2931094540428931,FAM160B2,protein_coding
Prostate,8p21.2 NKX3-1,ENSG00000158941,LUAD,2134,0.8381221476290928,0.0734020555258192,0.0779486118872903,0.0068229717720472,0.0037042131857503,0.0241679,3.738842027679961,0.0009215349502839,0.0,CCAR2,protein_coding
Prostate,8p21.2 NKX3-1,ENSG00000158941,LUSC,2148,0.7822913058795569,0.0700098954947813,0.1283886158982894,0.0114821035027873,0.0078280792245849,0.0241679,3.850693725408988,0.0006028024158824,0.0,CCAR2,protein_coding
Prostate,8p21.2 NKX3-1,ENSG00000158941,SCLC,2098,0.8020162354645833,0.0700071732474467,0.1136324575409167,0.0099144307761963,0.0044297029708569,0.0241679,3.3382811484994157,0.003802636970865,0.0,CCAR2,protein_coding
Prostate,8p21.2 NKX3-1,ENSG00000158941,PRAD,2303,4.668806385935303e-09,4.4597438074391933e-10,0.8969792010718426,0.0856640167198396,0.017356777093537,0.0241679,7.714285714285714,1.1954278659334717e-13,19.073639785408535,CCAR2,protein_coding
Prostate,8p21.2 NKX3-1,ENSG00000159167,LUAD,3355,0.6937133190851735,0.1858825827401526,0.0891746801257546,0.0238872832107753,0.0073421348381439,0.00160402,3.738842027679961,0.0009215349502839,0.0,STC1,protein_coding
Prostate,8p21.2 NKX3-1,ENSG00000159167,LUSC,3368,0.6406875892917092,0.1733836560539441,0.1385598826772164,0.0374873627678967,0.0098815092092333,0.00160402,3.850693725408988,0.0006028024158824,0.0,STC1,protein_coding
Prostate,8p21.2 NKX3-1,ENSG00000159167,SCLC,3296,0.64423992197071,0.171565684034696,0.1373095278596544,0.0365561774658405,0.0103286886690989,0.00160402,3.3382811484994157,0.003802636970865,0.0,STC1,protein_coding
Prostate,8p21.2 NKX3-1,ENSG00000159167,PRAD,3517,1.7100578721800436e-52,4.802843427556387e-53,0.7562661557145636,0.2123724405112192,0.031361403774217,0.00160402,16.1375,2.8232739187853697e-57,118.91853571543142,STC1,protein_coding
Prostate,8p21.2 NKX3-1,ENSG00000167034,LUAD,3355,0.7133860505803071,0.1667972823995616,0.0917035483051805,0.0214345910784323,0.0066785276365184,0.000480201,3.738842027679961,0.0009215349502839,0.0,NKX3-1,protein_coding
Prostate,8p21.2 NKX3-1,ENSG00000167034,LUSC,3368,0.6618342883097841,0.1534972632177889,0.1431332257291618,0.0331881173465578,0.0083471053967072,0.000480201,3.850693725408988,0.0006028024158824,0.0,NKX3-1,protein_coding
Prostate,8p21.2 NKX3-1,ENSG00000167034,SCLC,3296,0.6663015064762576,0.1502450378435873,0.142011604910431,0.032012919429892,0.0094289313398319,0.000480201,3.3382811484994157,0.003802636970865,0.0,NKX3-1,protein_coding
Prostate,8p21.2 NKX3-1,ENSG00000167034,PRAD,3517,1.784655166912021e-52,4.357538085854854e-53,0.7892565066444641,0.1926923026623075,0.0180511906932284,0.000480201,16.1375,2.8232739187853697e-57,118.91853571543142,NKX3-1,protein_coding
Prostate,8p21.2 NKX3-1,ENSG00000168453,LUAD,351,0.9547458977332468,0.030654276108309,0.0125576212596856,0.0004015501736113,0.001640654725147,0.00125716,3.152765870585834,0.0069433819022027,0.0,HR,protein_coding
Prostate,8p21.2 NKX3-1,ENSG00000168453,LUSC,309,0.955191251543989,0.0270991861399472,0.0156115502249661,0.000441249623867,0.0016567624672302,0.00125716,2.7652662592754256,0.0218544931517832,0.0,HR,protein_coding
Prostate,8p21.2 NKX3-1,ENSG00000168453,SCLC,340,0.9430693467981516,0.0295289696919084,0.0245936566712261,0.000768025683753,0.002040001154961,0.00125716,3.279184478789872,0.0046238600088723,0.0,HR,protein_coding
Prostate,8p21.2 NKX3-1,ENSG00000168453,PRAD,373,0.1963979881100105,0.0066935801730286,0.722174766400296,0.02456278337669,0.0501708819399747,0.00125716,5.164705882352941,1.613518393760982e-06,1.3021240162986647,HR,protein_coding
Prostate,8p21.2 NKX3-1,ENSG00000168476,LUAD,380,0.9623506891084708,0.0231045578324728,0.0132731455143571,0.0003177138868363,0.0009538936578627,0.00648507,3.152765870585834,0.0069433819022027,0.0,REEP4,protein_coding
Prostate,8p21.2 NKX3-1,ENSG00000168476,LUSC,331,0.961036563684064,0.0206540329460339,0.0167010603626185,0.0003576787084202,0.0012506642988634,0.00648507,2.7652662592754256,0.0218544931517832,0.0,REEP4,protein_coding
Prostate,8p21.2 NKX3-1,ENSG00000168476,SCLC,364,0.9388604994927048,0.0213523128124754,0.0369768042229665,0.0008389845162213,0.0019713989556318,0.00648507,3.3382811484994157,0.003802636970865,0.0,REEP4,protein_coding
Prostate,8p21.2 NKX3-1,ENSG00000168476,PRAD,401,0.2031459296694761,0.005161665222183,0.7474039517356592,0.0189652073093505,0.0253232460633309,0.00648507,5.164705882352941,1.613518393760982e-06,1.3026812181989076,REEP4,protein_coding
Prostate,8p21.2 NKX3-1,ENSG00000168481,LUAD,413,0.95461381541934,0.0291390553457105,0.0146652602611526,0.0004465135508746,0.001135355422922,0.00765297,3.152765870585834,0.0069433819022027,0.0,LGI3,protein_coding
Prostate,8p21.2 NKX3-1,ENSG00000168481,LUSC,364,0.953122222125902,0.0269261987134719,0.0178595702920501,0.000502953097856,0.0015890557707198,0.00699352,2.7652662592754256,0.0218544931517832,0.0,LGI3,protein_coding
Prostate,8p21.2 NKX3-1,ENSG00000168481,SCLC,387,0.9323347603409488,0.0264010867672479,0.0379069078956329,0.0010711304381667,0.0022861145580035,0.00765297,3.3382811484994157,0.003802636970865,0.0,LGI3,protein_coding
Prostate,8p21.2 NKX3-1,ENSG00000168481,PRAD,432,0.2008544147940787,0.0065277025441905,0.7391281189661008,0.0239919233846309,0.029497840310999,0.00699352,5.164705882352941,1.613518393760982e-06,1.3028909328240186,LGI3,protein_coding
Prostate,8p21.2 NKX3-1,ENSG00000168484,LUAD,413,0.9197370942926294,0.0633418462424461,0.014129466431106,0.0009712691554094,0.0018203238784088,0.00050337,3.152765870585834,0.0069433819022027,0.0,SFTPC,protein_coding
Prostate,8p21.2 NKX3-1,ENSG00000168484,LUSC,364,0.9351544193662694,0.0444266858463773,0.0175228902431225,0.0008304000544752,0.0020656044897555,0.00050337,2.7652662592754256,0.0218544931517832,0.0,SFTPC,protein_coding
Prostate,8p21.2 NKX3-1,ENSG00000168484,SCLC,387,0.896879612963524,0.060306341590366,0.0364653709464252,0.0024480372647184,0.0039006372349665,0.00050337,3.3382811484994157,0.003802636970865,0.0,SFTPC,protein_coding
Prostate,8p21.2 NKX3-1,ENSG00000168484,PRAD,432,0.1635742226434749,0.0117160509143609,0.6019400052409405,0.0429342912020729,0.1798354299991507,0.00050337,5.164705882352941,1.613518393760982e-06,1.3028909328240186,SFTPC,protein_coding
Prostate,8p21.2 NKX3-1,ENSG00000168487,LUAD,449,0.9396519354513566,0.0388452453339244,0.0187526415157444,0.0007732579654991,0.0019769197334754,0.00135717,3.152765870585834,0.0069433819022027,0.0,BMP1,protein_coding
Prostate,8p21.2 NKX3-1,ENSG00000168487,LUSC,400,0.9417149777372756,0.0366173342398235,0.0188253605886021,0.0007298866642185,0.00211244077008,0.00135717,2.7652662592754256,0.0218544931517832,0.0,BMP1,protein_coding
Prostate,8p21.2 NKX3-1,ENSG00000168487,SCLC,422,0.921360976750252,0.0351098923912687,0.0393627997670766,0.0014973116601452,0.0026690194312572,0.0070064,3.3382811484994157,0.003802636970865,0.0,BMP1,protein_coding
Prostate,8p21.2 NKX3-1,ENSG00000168487,PRAD,471,0.194557864777637,0.0082556743553525,0.7160967200983989,0.0303353795266128,0.0507543612419987,0.0070064,5.164705882352941,1.613518393760982e-06,1.3030856176778831,BMP1,protein_coding
Prostate,8p21.2 NKX3-1,ENSG00000168490,LUAD,610,0.9372825043146064,0.0374098917949326,0.0226875048163865,0.0009038133666343,0.0017162857074401,0.00823535,3.152765870585834,0.0069433819022027,0.0,PHYHIP,protein_coding
Prostate,8p21.2 NKX3-1,ENSG00000168490,LUSC,568,0.939032794842215,0.0355095003177776,0.0229785606402342,0.0008673218409149,0.0016118223588581,0.00823535,2.7652662592754256,0.0218544931517832,0.0,PHYHIP,protein_coding
Prostate,8p21.2 NKX3-1,ENSG00000168490,SCLC,603,0.9131323223725448,0.0357046630010268,0.0465918809749763,0.0018190511414446,0.0027520825100074,0.00823535,3.3382811484994157,0.003802636970865,0.0,PHYHIP,protein_coding
Prostate,8p21.2 NKX3-1,ENSG00000168490,PRAD,656,0.1728373889842023,0.0074794127608152,0.6585901343835141,0.0283672850359847,0.1327257788354834,0.00823535,5.164705882352941,1.613518393760982e-06,1.3377501857498366,PHYHIP,protein_coding
Prostate,8p21.2 NKX3-1,ENSG00000168495,LUAD,658,0.924545529274704,0.0470847414817562,0.0250816845561475,0.0012753333964552,0.002012711290937,0.0100426,3.152765870585834,0.0069433819022027,0.0,POLR3D,protein_coding
Prostate,8p21.2 NKX3-1,ENSG00000168495,LUSC,621,0.8861963491403914,0.0447335395573506,0.0598621888793493,0.0030155393096673,0.0061923831132413,0.00423051,3.850693725408988,0.0006028024158824,0.0,POLR3D,protein_coding
Prostate,8p21.2 NKX3-1,ENSG00000168495,SCLC,644,0.9003708942463412,0.0462000765298114,0.047618546694681,0.0024400453991561,0.0033704371300101,0.00423051,3.3382811484994157,0.003802636970865,0.0,POLR3D,protein_coding
Prostate,8p21.2 NKX3-1,ENSG00000168495,PRAD,708,0.1682830041690383,0.0094041073748627,0.7494091560467312,0.0418479456368627,0.0310557867725048,0.00423051,5.164705882352941,1.613518393760982e-06,1.4936379933536692,POLR3D,protein_coding
Prostate,8p21.2 NKX3-1,ENSG00000173530,LUAD,3355,0.6589323436558283,0.2199635142121839,0.0847036943841751,0.0282674896652161,0.0081329580825964,0.000121017,3.738842027679961,0.0009215349502839,0.0,TNFRSF10D,protein_coding
Prostate,8p21.2 NKX3-1,ENSG00000173530,LUSC,3368,0.6117695461632215,0.2020966768985957,0.1323058507120154,0.0436968054713554,0.0101311207548118,0.000121017,3.850693725408988,0.0006028024158824,0.0,TNFRSF10D,protein_coding
Prostate,8p21.2 NKX3-1,ENSG00000173530,SCLC,3296,0.6128695118515638,0.1997942144320963,0.1306234221786415,0.0425688259475264,0.0141440255901718,0.000121017,3.3382811484994157,0.003802636970865,0.0,TNFRSF10D,protein_coding
Prostate,8p21.2 NKX3-1,ENSG00000173530,PRAD,3517,1.610218854525429e-52,5.594787114040846e-53,0.7121127552359485,0.2473866895774536,0.0405005551865979,0.000121017,16.1375,2.8232739187853697e-57,118.91853571543142,TNFRSF10D,protein_coding
Prostate,8p21.2 NKX3-1,ENSG00000173535,LUAD,3355,0.6870391463872727,0.1923523870959084,0.0883167360744219,0.0247187254800129,0.0075730049623839,0.00352453,3.738842027679961,0.0009215349502839,0.0,TNFRSF10C,protein_coding
Prostate,8p21.2 NKX3-1,ENSG00000173535,LUSC,3368,0.6353956430944467,0.1779156483269021,0.1374154068726555,0.0384665600290288,0.0108067416769666,0.00352453,3.850693725408988,0.0006028024158824,0.0,TNFRSF10C,protein_coding
Prostate,8p21.2 NKX3-1,ENSG00000173535,SCLC,3296,0.6374166797203601,0.1773824719106996,0.1358552619256191,0.0377947114164053,0.0115508750269157,0.00352453,3.3382811484994157,0.003802636970865,0.0,TNFRSF10C,protein_coding
Prostate,8p21.2 NKX3-1,ENSG00000173535,PRAD,3517,1.672938517195209e-52,4.929381098914006e-53,0.7398502715777315,0.2179576870489897,0.0421920413732786,0.00352453,16.1375,2.8232739187853697e-57,118.91853571543142,TNFRSF10C,protein_coding
Prostate,8p21.2 NKX3-1,ENSG00000179388,LUAD,2419,0.7260304302872179,0.1780879513924474,0.0713978418873441,0.0175061938564344,0.0069775825765561,0.000381367,3.738842027679961,0.0009215349502839,0.0,EGR3,protein_coding
Prostate,8p21.2 NKX3-1,ENSG00000179388,LUSC,2420,0.6756474048307497,0.1659701100477583,0.1147909817442111,0.0281825412354904,0.0154089621417905,0.000381367,3.850693725408988,0.0006028024158824,0.0,EGR3,protein_coding
Prostate,8p21.2 NKX3-1,ENSG00000179388,SCLC,2358,0.6806939687013503,0.1649740367163892,0.1148212486712189,0.0278165601621579,0.0116941857488832,0.000381367,3.3382811484994157,0.003802636970865,0.0,EGR3,protein_coding
Prostate,8p21.2 NKX3-1,ENSG00000179388,PRAD,2601,1.6813229367192752e-52,4.38105203046055e-53,0.743558247093952,0.1936874942541725,0.0627542586518754,0.000381367,16.1375,2.8232739187853697e-57,118.91853571543142,EGR3,protein_coding
Prostate,8p21.2 NKX3-1,ENSG00000197181,LUAD,755,0.8956272245453734,0.0719343465599404,0.0272859341558842,0.0021885682087033,0.0029639265300986,0.000455067,3.152765870585834,0.0069433819022027,0.0,PIWIL2,protein_coding
Prostate,8p21.2 NKX3-1,ENSG00000197181,LUSC,722,0.8371495941741256,0.065414542070406,0.0835613718756223,0.0065221005452235,0.0073523913346224,0.000455067,3.850693725408988,0.0006028024158824,0.0,PIWIL2,protein_coding
Prostate,8p21.2 NKX3-1,ENSG00000197181,SCLC,747,0.8684119118217958,0.0701041088936567,0.0522462744791554,0.0042126491442365,0.0050250556611552,0.000455067,3.3382811484994157,0.003802636970865,0.0,PIWIL2,protein_coding
Prostate,8p21.2 NKX3-1,ENSG00000197181,PRAD,814,0.1494543288921173,0.0128607695203685,0.7269459664007174,0.0625065600952541,0.0482323750915424,0.000455067,5.164705882352941,1.613518393760982e-06,1.5818612969027832,PIWIL2,protein_coding
Prostate,8p21.2 NKX3-1,ENSG00000197217,LUAD,3355,0.0063824151168247,0.8664392716028759,0.0008204395256864,0.1113630669485453,0.0149948068060674,1.6592e-07,3.738842027679961,0.0009215349502839,4.91084545131085,ENTPD4,protein_coding
Prostate,8p21.2 NKX3-1,ENSG00000197217,LUSC,3368,0.0059322982531906,0.8059647672559525,0.0012829631222871,0.1742914309234998,0.0125285404450699,1.6592e-07,3.850693725408988,0.0006028024158824,4.911628326767225,ENTPD4,protein_coding
Prostate,8p21.2 NKX3-1,ENSG00000197217,SCLC,3296,0.005924968682634,0.8044895351979202,0.0012628131611389,0.1714473175212021,0.0168753654371046,1.6592e-07,3.3382811484994157,0.003802636970865,4.911032557138455,ENTPD4,protein_coding
Prostate,8p21.2 NKX3-1,ENSG00000197217,PRAD,3517,1.6715317445916735e-54,2.241571524959769e-52,0.0073922813210154,0.9913246290442348,0.0012830896347496,1.6592e-07,16.1375,2.8232739187853697e-57,123.8171413822472,ENTPD4,protein_coding
Prostate,8p21.2 NKX3-1,ENSG00000241852,LUAD,2096,0.8003787375515936,0.1101971428909355,0.0738711958677328,0.0101652907529768,0.005387632936761,0.00349039,3.738842027679961,0.0009215349502839,0.0,C8orf58,protein_coding
Prostate,8p21.2 NKX3-1,ENSG00000241852,LUSC,2110,0.7492385381499451,0.1036840606102127,0.1222866029765789,0.0169148675070661,0.0078759307561969,0.00349039,3.850693725408988,0.0006028024158824,0.0,C8orf58,protein_coding
Prostate,8p21.2 NKX3-1,ENSG00000241852,SCLC,2072,0.7663045151475995,0.1046077076012895,0.1073886416027471,0.014652503714466,0.0070466319338977,0.00899406,3.3382811484994157,0.003802636970865,0.0,C8orf58,protein_coding
Prostate,8p21.2 NKX3-1,ENSG00000241852,PRAD,2266,4.8188532449363616e-08,7.220696470732198e-09,0.8345668762796296,0.1250132764267042,0.0404197918844373,0.00349039,7.452380952380953,8.711249873223268e-13,16.667302360433908,C8orf58,protein_coding
Prostate,8p21.2 NKX3-1,ENSG00000245025,LUAD,3355,0.37648243640058,0.4981596037285928,0.0483956411320746,0.0640239224970341,0.0129383962417184,4.18286e-06,3.738842027679961,0.0009215349502839,0.2800491186083711,RP11-875O11.1,antisense
Prostate,8p21.2 NKX3-1,ENSG00000245025,LUSC,3368,0.349606220173541,0.4637027364652261,0.0756084520132873,0.1002730071083171,0.0108095842396283,4.18286e-06,3.850693725408988,0.0006028024158824,0.2824362568683973,RP11-875O11.1,antisense
Prostate,8p21.2 NKX3-1,ENSG00000245025,SCLC,3296,0.3514860948200269,0.4625564054935706,0.0749136898895344,0.0985740963790642,0.0124697134178038,4.18286e-06,3.3382811484994157,0.003802636970865,0.2745983564166767,RP11-875O11.1,antisense
Prostate,8p21.2 NKX3-1,ENSG00000245025,PRAD,3517,9.391727922654645e-53,1.2566113215380117e-52,0.4153453568520721,0.5557023061352183,0.0289523370127095,4.18286e-06,16.1375,2.8232739187853697e-57,119.20965808633078,RP11-875O11.1,antisense
Prostate,8p21.2 NKX3-1,ENSG00000246582,LUAD,3355,0.4802083165710228,0.3970259427601303,0.0617292790059439,0.0510264346731788,0.0100100269897241,1.48462e-05,3.738842027679961,0.0009215349502839,0.0,RP11-1149O23.3,processed_transcript
Prostate,8p21.2 NKX3-1,ENSG00000246582,LUSC,3368,0.4405510240935226,0.3637818114422591,0.0952768544794347,0.0786524333669187,0.0217378766178647,1.48462e-05,3.850693725408988,0.0006028024158824,0.0,RP11-1149O23.3,processed_transcript
Prostate,8p21.2 NKX3-1,ENSG00000246582,SCLC,3296,0.4450028142806371,0.3647245582590739,0.094845296358194,0.0777175487532926,0.0177097823488023,1.48462e-05,3.3382811484994157,0.003802636970865,0.0,RP11-1149O23.3,processed_transcript
Prostate,8p21.2 NKX3-1,ENSG00000246582,PRAD,3517,7.681298696057563e-53,9.376108812683212e-53,0.3397023182821926,0.4144087190881283,0.245888962629679,6.41881e-06,16.1375,2.8232739187853697e-57,119.11731874678402,RP11-1149O23.3,processed_transcript
Prostate,8p21.2 NKX3-1,ENSG00000248738,LUAD,3096,0.7142841975609725,0.1728171481550658,0.0854959088951678,0.0206785425364093,0.0067242028523844,0.000379076,3.738842027679961,0.0009215349502839,0.0,RP11-87E22.2,antisense
Prostate,8p21.2 NKX3-1,ENSG00000248738,LUSC,3109,0.6639912500181695,0.1626733562653969,0.1316195470724066,0.0322364175941622,0.0094794290498645,0.000379076,3.850693725408988,0.0006028024158824,0.0,RP11-87E22.2,antisense
Prostate,8p21.2 NKX3-1,ENSG00000248738,SCLC,3038,0.6644886913592581,0.1603905153435459,0.1336419242782183,0.0322485001014687,0.009230368917509,0.000379076,3.3382811484994157,0.003802636970865,0.0,RP11-87E22.2,antisense
Prostate,8p21.2 NKX3-1,ENSG00000248738,PRAD,3269,1.745213049646389e-52,4.472095610213021e-53,0.7718133903131462,0.1977461734518202,0.0304404362350335,0.000379076,16.1375,2.8232739187853697e-57,118.91853571543142,RP11-87E22.2,antisense
Prostate,8p21.2 NKX3-1,ENSG00000251034,LUAD,1812,0.7853313723724946,0.1298684094974272,0.0675769952952815,0.0111689951927071,0.0060542276420894,0.00200847,3.738842027679961,0.0009215349502839,0.0,RP11-582J16.4,antisense
Prostate,8p21.2 NKX3-1,ENSG00000251034,LUSC,1773,0.7474946884109674,0.1208434933615267,0.1063303144717867,0.0171817070011788,0.0081497967545401,0.00200847,3.850693725408988,0.0006028024158824,0.0,RP11-582J16.4,antisense
Prostate,8p21.2 NKX3-1,ENSG00000251034,SCLC,1758,0.7600341657527647,0.1210607716181856,0.0944618380380693,0.0150367895343502,0.0094064350566302,0.00200847,3.3382811484994157,0.003802636970865,0.0,RP11-582J16.4,antisense
Prostate,8p21.2 NKX3-1,ENSG00000251034,PRAD,1930,0.0167347918040813,0.0029329109507268,0.7880262089195498,0.1380538715446524,0.0542522167809896,0.00200847,5.626373626373626,1.33650174090616e-07,3.8520414555171154,RP11-582J16.4,antisense
Prostate,8p21.2 NKX3-1,ENSG00000253125,LUAD,2641,0.7279535206576859,0.1708934686517592,0.0761465665477174,0.0178689363265469,0.0071375078162904,0.00757737,3.738842027679961,0.0009215349502839,0.0,RP11-459E5.1,processed_transcript
Prostate,8p21.2 NKX3-1,ENSG00000253125,LUSC,2642,0.6807391125181818,0.1606635357114311,0.1209675833032817,0.028540878759541,0.0090888897075644,0.00757737,3.850693725408988,0.0006028024158824,0.0,RP11-459E5.1,processed_transcript
Prostate,8p21.2 NKX3-1,ENSG00000253125,SCLC,2578,0.680465175513073,0.1548064246453754,0.1245275536245068,0.0283182451411848,0.01188260107586,0.00757737,3.3382811484994157,0.003802636970865,0.0,RP11-459E5.1,processed_transcript
Prostate,8p21.2 NKX3-1,ENSG00000253125,PRAD,2798,1.746820736430672e-52,4.367572189463188e-53,0.7725243832705909,0.1931197521493441,0.0343558645800649,0.000777348,16.1375,2.8232739187853697e-57,118.91853571543142,RP11-459E5.1,processed_transcript
Prostate,8p21.2 NKX3-1,ENSG00000253200,LUAD,2196,0.7521556304872128,0.1565800439667531,0.0708611876207164,0.0147458747648601,0.0056572631604576,0.000396498,3.738842027679961,0.0009215349502839,0.0,RP11-582J16.5,antisense
Prostate,8p21.2 NKX3-1,ENSG00000253200,LUSC,2210,0.7154404138718117,0.1359564069125748,0.1182228832781316,0.0224581814403117,0.0079221144971698,0.000396498,3.850693725408988,0.0006028024158824,0.0,RP11-582J16.5,antisense
Prostate,8p21.2 NKX3-1,ENSG00000253200,SCLC,2144,0.7188712158762796,0.1461424088470337,0.103923370452063,0.021117081223889,0.0099459236007346,0.000396498,3.3382811484994157,0.003802636970865,0.0,RP11-582J16.5,antisense
Prostate,8p21.2 NKX3-1,ENSG00000253200,PRAD,2365,2.1121757563711758e-09,4.730299830632327e-10,0.7963636484884883,0.1783234262958718,0.0253129226304341,0.000396498,7.714285714285714,1.1954278659334717e-13,19.747847903961244,RP11-582J16.5,antisense
Prostate,8p21.2 NKX3-1,ENSG00000253837,LUAD,3355,0.6208845187478559,0.2570729709829416,0.0798127653472013,0.0330367343569713,0.0091930105650297,0.000288681,3.738842027679961,0.0009215349502839,0.0,RP11-177H13.2,processed_transcript
Prostate,8p21.2 NKX3-1,ENSG00000253837,LUSC,3368,0.573881883221969,0.2372679463465948,0.124111981781516,0.051299899690934,0.0134382889589862,0.000288681,3.850693725408988,0.0006028024158824,0.0,RP11-177H13.2,processed_transcript
Prostate,8p21.2 NKX3-1,ENSG00000253837,SCLC,3296,0.5769672439198447,0.2352810597723416,0.1229714228369749,0.0501317800806653,0.0146484933901732,0.000288681,3.3382811484994157,0.003802636970865,0.0,RP11-177H13.2,processed_transcript
Prostate,8p21.2 NKX3-1,ENSG00000253837,PRAD,3517,1.4881515887256818e-52,6.40587560619559e-53,0.6581290022023301,0.2832386172328205,0.0586323805648493,0.000288681,16.1375,2.8232739187853697e-57,118.91853571543142,RP11-177H13.2,processed_transcript
Prostate,8p21.2 NKX3-1,ENSG00000253930,LUAD,3355,0.6722042811560794,0.2055161869798959,0.0864097604905527,0.0264090030702826,0.0094607683031893,0.00143608,3.738842027679961,0.0009215349502839,0.0,RP11-1149O23.2,antisense
Prostate,8p21.2 NKX3-1,ENSG00000253930,LUSC,3368,0.6166740847030419,0.1869003100069151,0.1333665428434404,0.0403977955356361,0.0226612669109666,0.00143608,3.850693725408988,0.0006028024158824,0.0,RP11-1149O23.2,antisense
Prostate,8p21.2 NKX3-1,ENSG00000253930,SCLC,3296,0.626385791321837,0.1888810331046898,0.1335042029082882,0.040246015395011,0.0109829572701738,0.00143608,3.3382811484994157,0.003802636970865,0.0,RP11-1149O23.2,antisense
Prostate,8p21.2 NKX3-1,ENSG00000253930,PRAD,3517,1.6471055289946125e-52,5.294366748955046e-53,0.7284257373587938,0.234103750865192,0.0374705117760141,0.00143608,16.1375,2.8232739187853697e-57,118.91853571543142,RP11-1149O23.2,antisense
Prostate,8p21.2 NKX3-1,ENSG00000254064,LUAD,754,0.9021622327569504,0.0650151730964431,0.0274713821821806,0.0019763762588563,0.0033748357055693,0.0100226,3.152765870585834,0.0069433819022027,0.0,CTD-2530N21.4,antisense
Prostate,8p21.2 NKX3-1,ENSG00000254064,LUSC,721,0.8442982326188232,0.0592468918296603,0.0841975315996511,0.0059020332827025,0.0063553106691628,0.0100226,3.850693725408988,0.0006028024158824,0.0,CTD-2530N21.4,antisense
Prostate,8p21.2 NKX3-1,ENSG00000254064,SCLC,746,0.8778899122568626,0.0609325400786952,0.0527847246261568,0.0036589457070003,0.0047338773312849,0.0100226,3.3382811484994157,0.003802636970865,0.0,CTD-2530N21.4,antisense
Prostate,8p21.2 NKX3-1,ENSG00000254064,PRAD,813,0.149223476674916,0.0116463169435584,0.725817393940977,0.0565905265340586,0.0567222859064898,0.0100226,5.164705882352941,1.613518393760982e-06,1.5818534339307195,CTD-2530N21.4,antisense
Prostate,8p21.2 NKX3-1,ENSG00000254272,LUAD,1600,0.8161933637387752,0.1039378732021341,0.0663047397124976,0.0084384294938405,0.0051255938527525,0.00035866,3.738842027679961,0.0009215349502839,0.0,RP11-382J24.2,processed_pseudogene
Prostate,8p21.2 NKX3-1,ENSG00000254272,LUSC,1557,0.7795911319235834,0.0957661561439565,0.1047913448798869,0.0128657419950485,0.0069856250575247,0.00035866,3.850693725408988,0.0006028024158824,0.0,RP11-382J24.2,processed_pseudogene
Prostate,8p21.2 NKX3-1,ENSG00000254272,SCLC,1559,0.7899762086463413,0.0980644174620385,0.0922251672994428,0.0114401612468161,0.0082940453453609,0.00035866,3.3382811484994157,0.003802636970865,0.0,RP11-382J24.2,processed_pseudogene
Prostate,8p21.2 NKX3-1,ENSG00000254272,PRAD,1716,0.0943225612346527,0.0130306835619336,0.7199279687565203,0.0993848808147432,0.07333390563215,0.00035866,5.164705882352941,1.613518393760982e-06,2.0324307530157686,RP11-382J24.2,processed_pseudogene
Prostate,8p21.2 NKX3-1,ENSG00000261026,LUAD,2376,0.7425967398891252,0.1621910912577242,0.0724114880032815,0.015808453259824,0.0069922275900448,0.00084306,3.738842027679961,0.0009215349502839,0.0,CTD-3247F14.2,sense_overlapping
Prostate,8p21.2 NKX3-1,ENSG00000261026,LUSC,2385,0.6950516420802294,0.1510754799019756,0.1175303388945847,0.0255354275515091,0.0108071115717009,0.00084306,3.850693725408988,0.0006028024158824,0.0,CTD-3247F14.2,sense_overlapping
Prostate,8p21.2 NKX3-1,ENSG00000261026,SCLC,2320,0.6953171347773428,0.1497205147936757,0.1157360712610828,0.0249067752062323,0.0143195039616661,0.00084306,3.3382811484994157,0.003802636970865,0.0,CTD-3247F14.2,sense_overlapping
Prostate,8p21.2 NKX3-1,ENSG00000261026,PRAD,2557,1.7662809392065296e-52,4.228958276564592e-53,0.7811305789918865,0.1869920866217383,0.0318773343863751,0.00067979,16.1375,2.8232739187853697e-57,118.91853571543142,CTD-3247F14.2,sense_overlapping
Prostate,8p21.2 NKX3-1,ENSG00000272163,LUAD,173,0.9780558982552172,0.0143556820621689,0.0068273157909698,9.95482329720534e-05,0.000661555658672,0.0234723,2.059160501198884,0.1200231083868567,0.0,GS1-72M22.1,antisense
Prostate,8p21.2 NKX3-1,ENSG00000272163,LUSC,173,0.97544277334147,0.0143060782750474,0.0092551946303375,0.0001348778340929,0.0008610759190522,0.0234723,2.909190033687568,0.0145277694580092,0.0,GS1-72M22.1,antisense
Prostate,8p21.2 NKX3-1,ENSG00000272163,SCLC,172,0.975586414522509,0.0142203608171602,0.009172476480698,0.0001328120859656,0.0008879360936669,0.0234723,1.735337145897061,0.2218624896617831,0.0,GS1-72M22.1,antisense
Prostate,8p21.2 NKX3-1,ENSG00000272163,PRAD,161,0.9789424206420456,0.0127676739311087,0.0075100275254028,9.726552086622626e-05,0.0006826123805766,0.0234723,3.4466666666666668,0.0026326731146813,0.0,GS1-72M22.1,antisense
Prostate,8p21.2 NKX3-1,ENSG00000275074,LUAD,306,0.964372478873342,0.0225347981909213,0.0118918976592113,0.0002769578844497,0.0009238673920758,0.00367569,3.152765870585834,0.0069433819022027,0.0,NUDT18,protein_coding
Prostate,8p21.2 NKX3-1,ENSG00000275074,LUSC,272,0.9670506311816344,0.0186040843892123,0.0131750509849679,0.0002525434551187,0.0009176899890666,0.00367569,2.7652662592754256,0.0218544931517832,0.0,NUDT18,protein_coding
Prostate,8p21.2 NKX3-1,ENSG00000275074,SCLC,297,0.9636585491168512,0.0206692519483778,0.014368626639841,0.0003071924121361,0.0009963798827936,0.00503524,2.5171642503511955,0.0420852510249608,0.0,NUDT18,protein_coding
Prostate,8p21.2 NKX3-1,ENSG00000275074,PRAD,326,0.2011765434647217,0.0051034198806567,0.7391509085824647,0.0187148279449264,0.0358543001272302,0.00367569,5.164705882352941,1.613518393760982e-06,1.3013192583205235,NUDT18,protein_coding
Prostate,8p21.2 NKX3-1,ENSG00000277586,LUAD,70,0.9889999084224615,0.006839092815281,0.0037642572914816,2.565936013490533e-05,0.0003710821106409,0.0718272,2.0580890508635714,0.1202881372436476,0.0,NEFL,protein_coding
Prostate,8p21.2 NKX3-1,ENSG00000277586,LUSC,71,0.9886692763801832,0.0069316703637878,0.003976774093935,2.7486813552407527e-05,0.0003947923485414,0.0718272,2.75305218491774,0.0226035531408408,0.0,NEFL,protein_coding
Prostate,8p21.2 NKX3-1,ENSG00000277586,SCLC,71,0.9870010944717944,0.0069199745547119,0.0054961135965945,3.798903595897136e-05,0.0005448283409401,0.0718272,1.735337145897061,0.2218624896617831,0.0,NEFL,protein_coding
Prostate,8p21.2 NKX3-1,ENSG00000277586,PRAD,58,0.9924942743794068,0.0056942287767849,0.0016382570146795,9.235153059718366e-06,0.000164004676069,0.0718272,1.696969696969697,0.2369625715621505,0.0,NEFL,protein_coding
Prostate,8q24.21 CASC8/MYC,ENSG00000136997,LUAD,2257,0.7714771858566348,0.1297904856892237,0.079141131059585,0.013308129887962,0.0062830675065943,0.000743473,3.775673543005298,0.0008024384917635,0.0,MYC,protein_coding
Prostate,8q24.21 CASC8/MYC,ENSG00000136997,LUSC,2484,0.7400650735519555,0.1358199868361427,0.0975229703391132,0.0178891402405069,0.0087028290322815,0.000743473,3.725042820257177,0.0009702352342079,0.0,MYC,protein_coding
Prostate,8q24.21 CASC8/MYC,ENSG00000136997,SCLC,2318,0.733060610270078,0.1236093667034657,0.1155814819938521,0.0194811903991758,0.0082673506334282,0.000743473,3.112111450675917,0.0078863738274404,0.0,MYC,protein_coding
Prostate,8q24.21 CASC8/MYC,ENSG00000136997,PRAD,2566,3.057342842702673e-181,5.8255925873481356e-182,0.7979487204782129,0.1519945254293211,0.0500567540924658,0.000743473,29.289256198347108,5.223397559727716e-187,415.4246447016025,MYC,protein_coding
Prostate,8q24.21 CASC8/MYC,ENSG00000168672,LUAD,734,0.91964951369372,0.0610493916799142,0.0166211935451912,0.0011017919680943,0.0015781091130804,0.000251034,2.567295166266712,0.0370494328381923,0.0,FAM84B,protein_coding
Prostate,8q24.21 CASC8/MYC,ENSG00000168672,LUSC,928,0.9006911680325207,0.0721318067062568,0.0233479564005891,0.001867858699089,0.0019612101615444,0.000251034,3.038077225037471,0.0099026130458276,0.0,FAM84B,protein_coding
Prostate,8q24.21 CASC8/MYC,ENSG00000168672,SCLC,856,0.8695439276532083,0.0647478821885157,0.0574447306154642,0.0042734530667904,0.0039900064760213,0.00202646,3.112111450675917,0.0078863738274404,0.0,FAM84B,protein_coding
Prostate,8q24.21 CASC8/MYC,ENSG00000168672,PRAD,955,3.2816041296094723e-181,2.703085808465289e-182,0.8564796135271218,0.0704759247962514,0.0730444616766269,0.000251034,29.289256198347108,5.223397559727716e-187,415.4246447016025,FAM84B,protein_coding
Prostate,8q24.21 CASC8/MYC,ENSG00000207110,LUAD,2257,0.4622909131582692,0.4316708415822661,0.0474236003561001,0.044268127773188,0.0143465171301764,8.54848e-05,3.775673543005298,0.0008024384917635,0.0,RNU1-106P,snRNA
Prostate,8q24.21 CASC8/MYC,ENSG00000207110,LUSC,2484,0.4430663381087832,0.4310028039486837,0.0583856026906651,0.0567851557837466,0.0107600994681212,8.54848e-05,3.725042820257177,0.0009702352342079,0.0,RNU1-106P,snRNA
Prostate,8q24.21 CASC8/MYC,ENSG00000207110,SCLC,2318,0.4355900681954772,0.4179574075015779,0.0686793764642293,0.0658873534944,0.0118857943443155,8.54848e-05,3.112111450675917,0.0078863738274404,0.0,RNU1-106P,snRNA
Prostate,8q24.21 CASC8/MYC,ENSG00000207110,PRAD,2566,1.8655553099257385e-181,1.8377929474639462e-181,0.4868990980483725,0.4796198016294769,0.0334811003221506,8.54848e-05,29.289256198347108,5.223397559727716e-187,415.4246447016025,RNU1-106P,snRNA
Prostate,8q24.21 CASC8/MYC,ENSG00000212993,LUAD,2257,0.742993457079847,0.1572737710306332,0.076219159349318,0.0161263680415371,0.0073872444986644,0.000810519,3.775673543005298,0.0008024384917635,0.0,POU5F1B,protein_coding
Prostate,8q24.21 CASC8/MYC,ENSG00000212993,LUSC,2484,0.7095450317131075,0.1666061312083317,0.0935011549050823,0.021946323127765,0.0084013590457133,0.000683458,3.725042820257177,0.0009702352342079,0.0,POU5F1B,protein_coding
Prostate,8q24.21 CASC8/MYC,ENSG00000212993,SCLC,2318,0.7029657209715309,0.1519840188591133,0.1108364283695884,0.0239530212059449,0.0102608105938224,0.000683458,3.112111450675917,0.0078863738274404,0.0,POU5F1B,protein_coding
Prostate,8q24.21 CASC8/MYC,ENSG00000212993,PRAD,2566,2.953453403636268e-181,7.154055980675391e-182,0.7708341804219344,0.1866742133794692,0.0424916061985964,0.000683458,29.289256198347108,5.223397559727716e-187,415.4246447016025,POU5F1B,protein_coding
Prostate,8q24.21 CASC8/MYC,ENSG00000246228,LUAD,2257,0.732103459496204,0.1686682464512939,0.0751020210310298,0.0172958144448759,0.0068304585765963,0.00267707,3.775673543005298,0.0008024384917635,0.0,CASC8,antisense
Prostate,8q24.21 CASC8/MYC,ENSG00000246228,LUSC,2484,0.6958774644889205,0.1798093567367794,0.0917000947001804,0.0236856680870459,0.0089274159870735,0.00267707,3.725042820257177,0.0009702352342079,0.0,CASC8,antisense
Prostate,8q24.21 CASC8/MYC,ENSG00000246228,SCLC,2318,0.6899654779036776,0.1653102127271744,0.1087866833157528,0.0260545365615467,0.0098830894918484,0.00267707,3.112111450675917,0.0078863738274404,0.0,CASC8,antisense
Prostate,8q24.21 CASC8/MYC,ENSG00000246228,PRAD,2566,2.3484512448218041e-181,6.22492908746693e-182,0.6129321316985403,0.1622422071830318,0.2248256611184278,0.00267707,29.289256198347108,5.223397559727716e-187,415.4246447016025,CASC8,antisense
Prostate,8q24.21 CASC8/MYC,ENSG00000249859,LUAD,2257,1.2396518794136477e-06,0.8739449056945539,1.2716831249909165e-07,0.0896162309016787,0.0364374965835757,2.79573e-11,3.775673543005298,0.0008024384917635,13.465942017894935,PVT1,lincRNA
Prostate,8q24.21 CASC8/MYC,ENSG00000249859,LUSC,2484,1.2413076330299468e-06,0.8751125980087379,1.6357481497766662e-07,0.1153094446917317,0.0095765524170824,2.79573e-11,3.725042820257177,0.0009702352342079,13.4659424737559,PVT1,lincRNA
Prostate,8q24.21 CASC8/MYC,ENSG00000249859,SCLC,2318,1.201783947876521e-06,0.8471585144091678,1.8948497271025778e-07,0.1335519817214817,0.0192881126004297,2.79573e-11,3.112111450675917,0.0078863738274404,13.465836028092925,PVT1,lincRNA
Prostate,8q24.21 CASC8/MYC,ENSG00000249859,PRAD,2566,5.434805371769753e-187,3.831497177486536e-181,1.4184526288252898e-06,0.9999985043721048,7.717526621210728e-08,2.79573e-11,29.289256198347108,5.223397559727716e-187,428.8905871844875,PVT1,lincRNA
Prostate,8q24.21 CASC8/MYC,ENSG00000253438,LUAD,1536,0.8193698123807912,0.1377104902221323,0.0337424674002936,0.0056675458719703,0.0035096841248125,0.00155268,2.6674092225439963,0.0285089849423617,0.0,PCAT1,lincRNA
Prostate,8q24.21 CASC8/MYC,ENSG00000253438,LUSC,1747,0.7652356788107316,0.1590208120859112,0.0579452697400656,0.0120356307892388,0.0057626085740528,0.00155268,3.725042820257177,0.0009702352342079,0.0,PCAT1,lincRNA
Prostate,8q24.21 CASC8/MYC,ENSG00000253438,SCLC,1607,0.7353943640069602,0.143806084245306,0.0932522236752043,0.0182261151600696,0.0093212129124597,0.00155268,3.112111450675917,0.0078863738274404,0.0,PCAT1,lincRNA
Prostate,8q24.21 CASC8/MYC,ENSG00000253438,PRAD,1796,2.9582374381686475e-181,6.27970388795851e-182,0.7720827856422968,0.1638325386401348,0.0640846757175684,0.00155268,29.289256198347108,5.223397559727716e-187,415.4246447016025,PCAT1,lincRNA
Prostate,8q24.21 CASC8/MYC,ENSG00000254286,LUAD,733,0.9046735301149456,0.075819224471163,0.0163425556703056,0.0013678462991397,0.0017968434444462,0.00261196,2.567295166266712,0.0370494328381923,0.0,RP11-89K10.1,antisense
Prostate,8q24.21 CASC8/MYC,ENSG00000254286,LUSC,927,0.8591337633216503,0.1130206254679469,0.0222614095956617,0.0029258710133884,0.0026583306013526,0.00261196,3.038077225037471,0.0099026130458276,0.0,RP11-89K10.1,antisense
Prostate,8q24.21 CASC8/MYC,ENSG00000254286,SCLC,855,0.829013397264967,0.1036024869508225,0.0547545677961081,0.0068369308108267,0.0057926171772752,0.00388931,3.112111450675917,0.0078863738274404,0.0,RP11-89K10.1,antisense
Prostate,8q24.21 CASC8/MYC,ENSG00000254286,PRAD,954,3.095855931921643e-181,4.1750348026711386e-182,0.8080004130246641,0.1088828661651183,0.0831167208102175,0.00261196,29.289256198347108,5.223397559727716e-187,415.4246447016025,RP11-89K10.1,antisense
Prostate,8q24.21 CASC8/MYC,ENSG00000280055,LUAD,2257,0.7363468353102256,0.1621972858269877,0.075537323030349,0.0166295395718968,0.0092890162605408,0.00085201,3.775673543005298,0.0008024384917635,0.0,TMEM75,TEC
Prostate,8q24.21 CASC8/MYC,ENSG00000280055,LUSC,2484,0.7081461447846404,0.167387389126992,0.0933168148878215,0.0220485746175629,0.009101076582983,0.00085201,3.725042820257177,0.0009702352342079,0.0,TMEM75,TEC
Prostate,8q24.21 CASC8/MYC,ENSG00000280055,SCLC,2318,0.6995969810870855,0.1562352661820726,0.110305279999534,0.0246243369766428,0.009238135754665,0.00085201,3.112111450675917,0.0078863738274404,0.0,TMEM75,TEC
Prostate,8q24.21 CASC8/MYC,ENSG00000280055,PRAD,2566,2.860010296405691e-181,6.997637465607778e-182,0.7464460722874101,0.1825632819671543,0.0709906457454356,0.00085201,29.289256198347108,5.223397559727716e-187,415.4246447016025,TMEM75,TEC
Prostate,9q22.33 FOXE1/PTCSC2,ENSG00000081377,LUAD,220,0.9792465471803978,0.0153803439766425,0.0049055102961331,7.66564940119152e-05,0.0003909420528144,0.0412836,2.506033293209242,0.0432784078060129,0.0,CDC14B,protein_coding
Prostate,9q22.33 FOXE1/PTCSC2,ENSG00000081377,LUSC,250,0.9710591610781268,0.0170101798475523,0.0110038999872808,0.0001920221261743,0.0007347369608656,0.0412836,3.130109356014581,0.0074555818143347,0.0,CDC14B,protein_coding
Prostate,9q22.33 FOXE1/PTCSC2,ENSG00000081377,SCLC,248,0.9738348449806172,0.017023453532703,0.0083816615317126,0.0001459043694231,0.0006141355855438,0.0412836,2.2695705640594155,0.0761176375711415,0.0,CDC14B,protein_coding
Prostate,9q22.33 FOXE1/PTCSC2,ENSG00000081377,PRAD,260,0.9740445041117928,0.0177214423753744,0.0075262970212792,0.0001363595527246,0.0005713969388288,0.0412836,3.149425287356322,0.0070168574327947,0.0,CDC14B,protein_coding
Prostate,9q22.33 FOXE1/PTCSC2,ENSG00000081386,LUAD,484,0.9325192266982542,0.0552759449665066,0.0104596849433286,0.000618881296721,0.0011262620951895,0.0037541,2.609860649557374,0.0331840378922007,0.0,ZNF510,protein_coding
Prostate,9q22.33 FOXE1/PTCSC2,ENSG00000081386,LUSC,527,0.9235279209080048,0.058314558968449,0.015655059716152,0.0009869959625562,0.0015154644448377,0.0037541,3.130109356014581,0.0074555818143347,0.0,ZNF510,protein_coding
Prostate,9q22.33 FOXE1/PTCSC2,ENSG00000081386,SCLC,519,0.9206052110496762,0.0579763453961359,0.0182654066976545,0.0011482836818611,0.0020047531746722,0.0037541,2.6159212907816776,0.0326626812235815,0.0,ZNF510,protein_coding
Prostate,9q22.33 FOXE1/PTCSC2,ENSG00000081386,PRAD,545,0.921517127178982,0.0599448718381664,0.0154795379272749,0.0010048934417837,0.0020535696137929,0.0037541,3.18,0.0063697185120852,0.0,ZNF510,protein_coding
Prostate,9q22.33 FOXE1/PTCSC2,ENSG00000095380,LUAD,2566,0.7793322515472975,0.1587269269931342,0.0481232141174594,0.0097972548786481,0.004020352463461,0.000865781,2.737109396680913,0.0236147461621844,0.0,NANS,protein_coding
Prostate,9q22.33 FOXE1/PTCSC2,ENSG00000095380,LUSC,2520,0.747868852116714,0.1523331608540512,0.0776344671021228,0.0158069825680387,0.0063565373590732,0.000865781,3.6535462204007287,0.0012630826576071,0.0,NANS,protein_coding
Prostate,9q22.33 FOXE1/PTCSC2,ENSG00000095380,SCLC,2389,0.747029643542891,0.1436724416428987,0.0843712040098943,0.0162179791772533,0.0087087316270626,0.000865781,3.0035994240921453,0.0109896127232161,0.0,NANS,protein_coding
Prostate,9q22.33 FOXE1/PTCSC2,ENSG00000095380,PRAD,2677,0.7797139160044189,0.1646935924283421,0.0430940248150682,0.009099054209626,0.0033994125425444,0.000865781,3.4080996884735204,0.0030047174462482,0.0,NANS,protein_coding
Prostate,9q22.33 FOXE1/PTCSC2,ENSG00000095383,LUAD,2566,0.5722664825824054,0.3643299816603219,0.0353370496587065,0.022491543175877,0.0055749429226889,0.000152582,2.737109396680913,0.0236147461621844,0.0,TBC1D2,protein_coding
Prostate,9q22.33 FOXE1/PTCSC2,ENSG00000095383,LUSC,2520,0.5524308240151765,0.3446007431102981,0.057346515384106,0.0357623148617096,0.0098596026287097,0.000152582,3.6535462204007287,0.0012630826576071,0.0,TBC1D2,protein_coding
Prostate,9q22.33 FOXE1/PTCSC2,ENSG00000095383,SCLC,2389,0.5520843757944107,0.336615708297424,0.0623536480827095,0.0380071942671789,0.0109390735582767,0.000152582,3.0035994240921453,0.0109896127232161,0.0,TBC1D2,protein_coding
Prostate,9q22.33 FOXE1/PTCSC2,ENSG00000095383,PRAD,2677,0.5626318672567847,0.3805691593184322,0.0310961124992601,0.0210290110169205,0.0046738499086023,0.000152582,3.4080996884735204,0.0030047174462482,0.0,TBC1D2,protein_coding
Prostate,9q22.33 FOXE1/PTCSC2,ENSG00000106785,LUAD,2566,0.7470878096079119,0.1905440650449608,0.0461321426835924,0.0117614864566014,0.0044744962069333,0.000226788,2.737109396680913,0.0236147461621844,0.0,TRIM14,protein_coding
Prostate,9q22.33 FOXE1/PTCSC2,ENSG00000106785,LUSC,2520,0.7231800828123373,0.1770828866072621,0.0750715853309036,0.0183762594331692,0.0062891858163275,0.000226788,3.6535462204007287,0.0012630826576071,0.0,TRIM14,protein_coding
Prostate,9q22.33 FOXE1/PTCSC2,ENSG00000106785,SCLC,2389,0.7237189715059322,0.1673344241773297,0.0817384444092038,0.0188908079534168,0.0083173519541174,0.000226788,3.0035994240921453,0.0109896127232161,0.0,TRIM14,protein_coding
Prostate,9q22.33 FOXE1/PTCSC2,ENSG00000106785,PRAD,2677,0.7480667244692666,0.1961910713586027,0.0413449155208135,0.0108397308895545,0.0035575577617627,0.000226788,3.4080996884735204,0.0030047174462482,0.0,TRIM14,protein_coding
Prostate,9q22.33 FOXE1/PTCSC2,ENSG00000106789,LUAD,2566,0.781228824430748,0.15688394052941,0.048240326148661,0.0096835087231762,0.0039634001680046,0.00071374,2.737109396680913,0.0236147461621844,0.0,CORO2A,protein_coding
Prostate,9q22.33 FOXE1/PTCSC2,ENSG00000106789,LUSC,2520,0.7485793712779749,0.1504898898848032,0.0777082243876338,0.0156143854496824,0.0076081289999055,0.00071374,3.6535462204007287,0.0012630826576071,0.0,CORO2A,protein_coding
Prostate,9q22.33 FOXE1/PTCSC2,ENSG00000106789,SCLC,2389,0.7425193954497514,0.1494507118592356,0.0838618064708666,0.0168720026278992,0.007296083592247,0.00071374,3.0035994240921453,0.0109896127232161,0.0,CORO2A,protein_coding
Prostate,9q22.33 FOXE1/PTCSC2,ENSG00000106789,PRAD,2677,0.7759310967857367,0.1684705588632322,0.0428849521001471,0.0093077972644728,0.0034055949864112,0.00071374,3.4080996884735204,0.0030047174462482,0.0,CORO2A,protein_coding
Prostate,9q22.33 FOXE1/PTCSC2,ENSG00000106799,LUAD,1415,0.8807230382670687,0.0860453935600824,0.0283020691630798,0.0027629054823587,0.0021665935274103,0.00158753,2.546993850727129,0.039023594140322,0.0,TGFBR1,protein_coding
Prostate,9q22.33 FOXE1/PTCSC2,ENSG00000106799,LUSC,1359,0.8490029267224866,0.0807209969746047,0.060063251686775,0.0057061515650893,0.004506673051044,0.00158753,3.6535462204007287,0.0012630826576071,0.0,TGFBR1,protein_coding
Prostate,9q22.33 FOXE1/PTCSC2,ENSG00000106799,SCLC,1252,0.8569410245229773,0.0731200756261846,0.0592819938457274,0.0050527414499327,0.0056041645551778,0.00718567,3.0035994240921453,0.0109896127232161,0.0,TGFBR1,protein_coding
Prostate,9q22.33 FOXE1/PTCSC2,ENSG00000106799,PRAD,1454,0.8819191825453178,0.0892714922938862,0.0243767290964294,0.0024655458770192,0.0019670501873472,0.00158753,3.4080996884735204,0.0030047174462482,0.0,TGFBR1,protein_coding
Prostate,9q22.33 FOXE1/PTCSC2,ENSG00000106803,LUAD,1005,0.915359740693156,0.0625641315857614,0.0194807029674039,0.0013302258090746,0.001265198944604,0.00509888,2.09233295440192,0.1120367209231221,0.0,SEC61B,protein_coding
Prostate,9q22.33 FOXE1/PTCSC2,ENSG00000106803,LUSC,982,0.879170633919061,0.059974680806437,0.0520683940231886,0.0035467277010114,0.0052395635503019,0.00509888,3.6535462204007287,0.0012630826576071,0.0,SEC61B,protein_coding
Prostate,9q22.33 FOXE1/PTCSC2,ENSG00000106803,SCLC,974,0.8848570524107061,0.059140691160441,0.0496175039282029,0.0033131855255974,0.0030715669750523,0.00509888,3.0035994240921453,0.0109896127232161,0.0,SEC61B,protein_coding
Prostate,9q22.33 FOXE1/PTCSC2,ENSG00000106803,PRAD,1034,0.911931473138468,0.0642028782164194,0.020627475164673,0.0014504521836951,0.0017877212967442,0.00509888,3.4080996884735204,0.0030047174462482,0.0,SEC61B,protein_coding
Prostate,9q22.33 FOXE1/PTCSC2,ENSG00000119514,LUAD,2026,0.6926275274232954,0.2551077324684881,0.0343463434586232,0.0126451303798423,0.0052732662697511,0.000193724,2.737109396680913,0.0236147461621844,0.0,GALNT12,protein_coding
Prostate,9q22.33 FOXE1/PTCSC2,ENSG00000119514,LUSC,1943,0.6725363880407199,0.2414505359997325,0.0576563971905519,0.0206918367061408,0.0076648420628547,0.000193724,3.6535462204007287,0.0012630826576071,0.0,GALNT12,protein_coding
Prostate,9q22.33 FOXE1/PTCSC2,ENSG00000119514,SCLC,1816,0.6750530728654356,0.2333949963409914,0.0617444980259979,0.0213392709569575,0.0084681618106175,0.000193724,3.0035994240921453,0.0109896127232161,0.0,GALNT12,protein_coding
Prostate,9q22.33 FOXE1/PTCSC2,ENSG00000119514,PRAD,2074,0.7008014727439968,0.2616048979866653,0.0249653307474632,0.0093160928718265,0.0033122056500481,0.000193724,3.4080996884735204,0.0030047174462482,0.0,GALNT12,protein_coding
Prostate,9q22.33 FOXE1/PTCSC2,ENSG00000119523,LUAD,1005,0.8847455198659416,0.0924609344981562,0.0188291705523319,0.0019657567033506,0.0019986183802193,0.0010539,2.09233295440192,0.1120367209231221,0.0,ALG2,protein_coding
Prostate,9q22.33 FOXE1/PTCSC2,ENSG00000119523,LUSC,982,0.8576889308156008,0.0819055788301274,0.0507961520506671,0.0048460492684928,0.0047632890351119,0.0010539,3.6535462204007287,0.0012630826576071,0.0,ALG2,protein_coding
Prostate,9q22.33 FOXE1/PTCSC2,ENSG00000119523,SCLC,974,0.8553404599579808,0.0871218799679181,0.0479623895365842,0.0048805805188567,0.0046946900186601,0.0010539,3.0035994240921453,0.0109896127232161,0.0,ALG2,protein_coding
Prostate,9q22.33 FOXE1/PTCSC2,ENSG00000119523,PRAD,1034,0.8813802124266976,0.0944490122446498,0.0199364195424642,0.0021342936382464,0.0021000621479419,0.0010539,3.4080996884735204,0.0030047174462482,0.0,ALG2,protein_coding
Prostate,9q22.33 FOXE1/PTCSC2,ENSG00000136842,LUAD,2566,0.7926693702442196,0.1454913440811613,0.0489467717432187,0.0089800749290987,0.0039124390023016,0.000301401,2.737109396680913,0.0236147461621844,0.0,TMOD1,protein_coding
Prostate,9q22.33 FOXE1/PTCSC2,ENSG00000136842,LUSC,2520,0.758523347946981,0.1397438041358267,0.0787404846928855,0.0144979738693541,0.0084943893549524,0.000301401,3.6535462204007287,0.0012630826576071,0.0,TMOD1,protein_coding
Prostate,9q22.33 FOXE1/PTCSC2,ENSG00000136842,SCLC,2389,0.7585909163594351,0.1337912158139564,0.0856769601011687,0.0151038430291158,0.0068370646963238,0.000301401,3.0035994240921453,0.0109896127232161,0.0,TMOD1,protein_coding
Prostate,9q22.33 FOXE1/PTCSC2,ENSG00000136842,PRAD,2677,0.7905482085513298,0.1533611181131279,0.0436928255576057,0.0084721932064343,0.0039256545715024,0.000301401,3.4080996884735204,0.0030047174462482,0.0,TMOD1,protein_coding
Prostate,9q22.33 FOXE1/PTCSC2,ENSG00000136925,LUAD,2566,0.1589328047981239,0.7722895966262017,0.0098139880396369,0.0476770486062106,0.0112865619298268,1.11975e-05,2.737109396680913,0.0236147461621844,1.580878103284055,TSTD2,protein_coding
Prostate,9q22.33 FOXE1/PTCSC2,ENSG00000136925,LUSC,2520,0.1534298461957129,0.7452272617009188,0.0159271833734638,0.0773521864311193,0.008063522298785,1.11975e-05,3.6535462204007287,0.0012630826576071,1.5804457866073245,TSTD2,protein_coding
Prostate,9q22.33 FOXE1/PTCSC2,ENSG00000136925,SCLC,2389,0.151158739040622,0.732703757755121,0.0170722071335613,0.0827368779086818,0.0163284181620138,1.11975e-05,3.0035994240921453,0.0109896127232161,1.5784109332323553,TSTD2,protein_coding
Prostate,9q22.33 FOXE1/PTCSC2,ENSG00000136925,PRAD,2677,0.1511807290490866,0.7923765717081651,0.0083556108919883,0.0437895798908974,0.0042975084598623,1.11975e-05,3.4080996884735204,0.0030047174462482,1.6565607458996894,TSTD2,protein_coding
Prostate,9q22.33 FOXE1/PTCSC2,ENSG00000136929,LUAD,2566,0.7569532656096885,0.1805884307795976,0.0467413275987519,0.0111466372550367,0.0045703387569253,0.00284977,2.737109396680913,0.0236147461621844,0.0,HEMGN,protein_coding
Prostate,9q22.33 FOXE1/PTCSC2,ENSG00000136929,LUSC,2520,0.7283338006589051,0.1714095841085166,0.0756065803871632,0.0177867534480561,0.0068632813973587,0.00284977,3.6535462204007287,0.0012630826576071,0.0,HEMGN,protein_coding
Prostate,9q22.33 FOXE1/PTCSC2,ENSG00000136929,SCLC,2389,0.7292754786145439,0.1624084255511793,0.0823660087888711,0.0183351570383419,0.0076149300070636,0.00284977,3.0035994240921453,0.0109896127232161,0.0,HEMGN,protein_coding
Prostate,9q22.33 FOXE1/PTCSC2,ENSG00000136929,PRAD,2677,0.7559185999082122,0.1879077976803307,0.0417788809895134,0.0103814667656016,0.0040132546563418,0.00284977,3.4080996884735204,0.0030047174462482,0.0,HEMGN,protein_coding
Prostate,9q22.33 FOXE1/PTCSC2,ENSG00000136932,LUAD,2566,4.580961418960819e-06,0.9282908656698728,2.828711204890937e-07,0.0573069055879965,0.0143973649095911,4.24397e-10,2.737109396680913,0.0236147461621844,12.219191502592126,TRMO,protein_coding
Prostate,9q22.33 FOXE1/PTCSC2,ENSG00000136932,LUSC,2520,0.0002912374552321,0.8947613817899631,3.023265987496217e-05,0.0928709812010946,0.0120461668938349,3.86094e-09,3.6535462204007287,0.0012630826576071,8.030173417396535,TRMO,protein_coding
Prostate,9q22.33 FOXE1/PTCSC2,ENSG00000136932,SCLC,2389,4.335871602479591e-06,0.8786227468641974,4.897030669339286e-07,0.0992114633828279,0.0221609641783054,4.24397e-10,3.0035994240921453,0.0109896127232161,12.21918824836183,TRMO,protein_coding
Prostate,9q22.33 FOXE1/PTCSC2,ENSG00000136932,PRAD,2677,4.65522106447244e-06,0.9433391340227296,2.57289510876021e-07,0.0521329073834258,0.0045230460832693,4.24397e-10,3.4080996884735204,0.0030047174462482,12.21919173078909,TRMO,protein_coding
Prostate,9q22.33 FOXE1/PTCSC2,ENSG00000136936,LUAD,2566,0.7610478017798245,0.1770498120936773,0.0469941623049198,0.0109287208952977,0.0039795029262806,0.00031541,2.737109396680913,0.0236147461621844,0.0,XPA,protein_coding
Prostate,9q22.33 FOXE1/PTCSC2,ENSG00000136936,LUSC,2520,0.7299099319716567,0.1686093840781047,0.0757701947885414,0.017494718927838,0.008215770233859,0.00031541,3.6535462204007287,0.0012630826576071,0.0,XPA,protein_coding
Prostate,9q22.33 FOXE1/PTCSC2,ENSG00000136936,SCLC,2389,0.7314320174911813,0.1605770013987602,0.0826095731281028,0.0181286740816116,0.0072527339003442,0.00031541,3.0035994240921453,0.0109896127232161,0.0,XPA,protein_coding
Prostate,9q22.33 FOXE1/PTCSC2,ENSG00000136936,PRAD,2677,0.7601662127687626,0.1839618426103393,0.042013642393998,0.0101636963406551,0.0036946058862449,0.00031541,3.4080996884735204,0.0030047174462482,0.0,XPA,protein_coding
Prostate,9q22.33 FOXE1/PTCSC2,ENSG00000136937,LUAD,2566,0.7891747088110248,0.1491024211039543,0.0487309788768465,0.0092031801035071,0.0037887111046672,0.00325323,2.737109396680913,0.0236147461621844,0.0,NCBP1,protein_coding
Prostate,9q22.33 FOXE1/PTCSC2,ENSG00000136937,LUSC,2520,0.7594205572959666,0.1413233878494545,0.0788336218378413,0.0146646832957991,0.0057577497209384,0.00325323,3.6535462204007287,0.0012630826576071,0.0,NCBP1,protein_coding
Prostate,9q22.33 FOXE1/PTCSC2,ENSG00000136937,SCLC,2389,0.7568819741965779,0.1356278401671934,0.0854839483390388,0.0153114177494491,0.0066948195477407,0.00325323,3.0035994240921453,0.0109896127232161,0.0,NCBP1,protein_coding
Prostate,9q22.33 FOXE1/PTCSC2,ENSG00000136937,PRAD,2677,0.7879409836930874,0.1565769208024608,0.0435487267921055,0.0086505703290629,0.0032827983832833,0.00325323,3.4080996884735204,0.0030047174462482,0.0,NCBP1,protein_coding
Prostate,9q22.33 FOXE1/PTCSC2,ENSG00000136938,LUAD,2566,0.7625363898886455,0.1748909009046826,0.0470860815654807,0.0107946972321998,0.0046919304089912,0.000112592,2.737109396680913,0.0236147461621844,0.0,ANP32B,protein_coding
Prostate,9q22.33 FOXE1/PTCSC2,ENSG00000136938,LUSC,2520,0.7351511328519572,0.1650078798112208,0.0763142712481581,0.0171226671519,0.0064040489367638,0.000112592,3.6535462204007287,0.0012630826576071,0.0,ANP32B,protein_coding
Prostate,9q22.33 FOXE1/PTCSC2,ENSG00000136938,SCLC,2389,0.76926461796235,0.1237302330621507,0.0868824719081826,0.013968215667165,0.0061544614001515,0.00131519,3.0035994240921453,0.0109896127232161,0.0,ANP32B,protein_coding
Prostate,9q22.33 FOXE1/PTCSC2,ENSG00000136938,PRAD,2677,0.7622774895846823,0.1818598249915277,0.0421303305967211,0.0100475296654162,0.0036848251616526,0.000112592,3.4080996884735204,0.0030047174462482,0.0,ANP32B,protein_coding
Prostate,9q22.33 FOXE1/PTCSC2,ENSG00000136943,LUAD,1028,0.9006316752933409,0.073519580654879,0.0222045677357514,0.0018107505120456,0.001833425803983,0.00677909,2.737109396680913,0.0236147461621844,0.0,CTSV,protein_coding
Prostate,9q22.33 FOXE1/PTCSC2,ENSG00000136943,LUSC,1039,0.8950774310106928,0.0738418557443029,0.0268024059685699,0.0022090683974443,0.0020692388789899,0.00677909,3.130109356014581,0.0074555818143347,0.0,CTSV,protein_coding
Prostate,9q22.33 FOXE1/PTCSC2,ENSG00000136943,SCLC,1034,0.8860298872303899,0.0722026965915537,0.0357946040225646,0.0029138482093939,0.0030589639460977,0.00677909,2.6159212907816776,0.0326626812235815,0.0,CTSV,protein_coding
Prostate,9q22.33 FOXE1/PTCSC2,ENSG00000136943,PRAD,1100,0.8946696857533375,0.0778101200128097,0.023574024611657,0.0020483534815474,0.0018978161406484,0.00677909,3.18,0.0063697185120852,0.0,CTSV,protein_coding
Prostate,9q22.33 FOXE1/PTCSC2,ENSG00000158122,LUAD,240,0.9774598084367476,0.0166203623045565,0.0053894503197855,9.120102679410194e-05,0.0004391779121159,0.0153998,2.506033293209242,0.0432784078060129,0.0,AAED1,protein_coding
Prostate,9q22.33 FOXE1/PTCSC2,ENSG00000158122,LUSC,275,0.9697372902851592,0.0178255258808951,0.0116203838921246,0.0002129998799142,0.0006038000619066,0.0153998,3.130109356014581,0.0074555818143347,0.0,AAED1,protein_coding
Prostate,9q22.33 FOXE1/PTCSC2,ENSG00000158122,SCLC,273,0.9718930774821106,0.0178232277506733,0.0094699073600737,0.0001730247562904,0.0006407626508518,0.0153998,2.2695705640594155,0.0761176375711415,0.0,AAED1,protein_coding
Prostate,9q22.33 FOXE1/PTCSC2,ENSG00000158122,PRAD,285,0.9719105039254337,0.01831026837154,0.0091417361564822,0.0001717596342412,0.0004657319123028,0.0153998,3.149425287356322,0.0070168574327947,0.0,AAED1,protein_coding
Prostate,9q22.33 FOXE1/PTCSC2,ENSG00000159712,LUAD,1558,0.8300301118409175,0.1278676741320532,0.0335204345465654,0.0051604636326859,0.0034213158477778,0.00257789,2.737109396680913,0.0236147461621844,0.0,ANKRD18CP,unprocessed_pseudogene
Prostate,9q22.33 FOXE1/PTCSC2,ENSG00000159712,LUSC,1535,0.8267824360165683,0.1272370605736694,0.036820163956376,0.0056629139877008,0.0034974254656855,0.00257789,3.130109356014581,0.0074555818143347,0.0,ANKRD18CP,unprocessed_pseudogene
Prostate,9q22.33 FOXE1/PTCSC2,ENSG00000159712,SCLC,1412,0.8233223276455184,0.1185282312634943,0.0466956756122436,0.0067177293363211,0.0047360361424225,0.00257789,2.6159212907816776,0.0326626812235815,0.0,ANKRD18CP,unprocessed_pseudogene
Prostate,9q22.33 FOXE1/PTCSC2,ENSG00000159712,PRAD,1640,0.8298566815920485,0.1351742725946057,0.0270781670464922,0.004407243680723,0.0034836350861304,0.00257789,3.18,0.0063697185120852,0.0,ANKRD18CP,unprocessed_pseudogene
Prostate,9q22.33 FOXE1/PTCSC2,ENSG00000165138,LUAD,2038,0.8222253742993714,0.1270634889740046,0.041002026422676,0.0063329163787881,0.0033761939251596,0.00357515,2.737109396680913,0.0236147461621844,0.0,ANKS6,protein_coding
Prostate,9q22.33 FOXE1/PTCSC2,ENSG00000165138,LUSC,1953,0.7946996809201895,0.1198764559599873,0.0683186720081302,0.0102987221135028,0.00680646899819,0.00357515,3.6535462204007287,0.0012630826576071,0.0,ANKS6,protein_coding
Prostate,9q22.33 FOXE1/PTCSC2,ENSG00000165138,SCLC,1828,0.7965362301873588,0.1134403592363395,0.0732380088350785,0.0104239815034624,0.0063614202377607,0.00357515,3.0035994240921453,0.0109896127232161,0.0,ANKS6,protein_coding
Prostate,9q22.33 FOXE1/PTCSC2,ENSG00000165138,PRAD,2087,0.8295797716723835,0.132100648350819,0.0308036895543247,0.0049025054482881,0.0026133849741848,0.00357515,3.4080996884735204,0.0030047174462482,0.0,ANKS6,protein_coding
Prostate,9q22.33 FOXE1/PTCSC2,ENSG00000178919,LUAD,2566,0.7322256988701534,0.2049971866762386,0.0452144178802745,0.0126535217939262,0.0049091747794071,0.000667637,2.737109396680913,0.0236147461621844,0.0,FOXE1,protein_coding
Prostate,9q22.33 FOXE1/PTCSC2,ENSG00000178919,LUSC,2520,0.7041053355103469,0.1955886457272257,0.0730914816834441,0.0202966691035666,0.0069178679754164,0.000667637,3.6535462204007287,0.0012630826576071,0.0,FOXE1,protein_coding
Prostate,9q22.33 FOXE1/PTCSC2,ENSG00000178919,SCLC,2389,0.7073569040601262,0.1836152082252196,0.0798904758012291,0.0207295056777783,0.0084079062356467,0.000667637,3.0035994240921453,0.0109896127232161,0.0,FOXE1,protein_coding
Prostate,9q22.33 FOXE1/PTCSC2,ENSG00000178919,PRAD,2677,0.7321561902536816,0.2119382814039509,0.0404655558707755,0.0117098912491335,0.0037300812224585,0.000667637,3.4080996884735204,0.0030047174462482,0.0,FOXE1,protein_coding
Prostate,9q22.33 FOXE1/PTCSC2,ENSG00000188152,LUAD,867,0.7758425877408178,0.2013437103303216,0.0138951160168577,0.0036006896347749,0.0053178962772279,2.41522e-05,2.609860649557374,0.0331840378922007,0.0,NUTM2G,protein_coding
Prostate,9q22.33 FOXE1/PTCSC2,ENSG00000188152,LUSC,880,0.7684036091024673,0.2020869885344218,0.0194728952243971,0.0051163712106095,0.0049201359281041,2.41522e-05,3.130109356014581,0.0074555818143347,0.0,NUTM2G,protein_coding
Prostate,9q22.33 FOXE1/PTCSC2,ENSG00000188152,SCLC,897,0.7565501232971955,0.1991022406293227,0.0259266516332364,0.0068115398395419,0.0116094446007035,2.41522e-05,2.6159212907816776,0.0326626812235815,0.0,NUTM2G,protein_coding
Prostate,9q22.33 FOXE1/PTCSC2,ENSG00000188152,PRAD,934,0.7687089831228965,0.2061238936067749,0.0179327127333283,0.0048061021663336,0.0024283083706665,2.41522e-05,3.18,0.0063697185120852,0.0,NUTM2G,protein_coding
Prostate,9q22.33 FOXE1/PTCSC2,ENSG00000196116,LUAD,2300,0.7882664887960102,0.1563258585296095,0.0431950889114547,0.008562627400455,0.0036499363624702,0.000226494,2.737109396680913,0.0236147461621844,0.0,TDRD7,protein_coding
Prostate,9q22.33 FOXE1/PTCSC2,ENSG00000196116,LUSC,2266,0.77061349238901,0.1487549333839768,0.0630094405389584,0.0121575265973286,0.005464607090726,0.000226494,3.6535462204007287,0.0012630826576071,0.0,TDRD7,protein_coding
Prostate,9q22.33 FOXE1/PTCSC2,ENSG00000196116,SCLC,2131,0.7631798568020206,0.1392136471884328,0.076911840820238,0.0140230197631757,0.0066716354261327,0.000226494,3.0035994240921453,0.0109896127232161,0.0,TDRD7,protein_coding
Prostate,9q22.33 FOXE1/PTCSC2,ENSG00000196116,PRAD,2410,0.7847335872004247,0.1608556643772757,0.0390249023753807,0.0079919790427817,0.0073938670041368,0.000226494,3.4080996884735204,0.0030047174462482,0.0,TDRD7,protein_coding
Prostate,9q22.33 FOXE1/PTCSC2,ENSG00000196312,LUAD,978,0.8571522111198228,0.1183105402291284,0.0188689245806115,0.0026013627206997,0.0030669613497375,2.10977e-06,2.671799139963934,0.0281768285294979,0.0,MFSD14C,protein_coding
Prostate,9q22.33 FOXE1/PTCSC2,ENSG00000196312,LUSC,989,0.8655335751448261,0.1041727804173203,0.0244821123217295,0.0029437188753425,0.0028678132407815,2.10977e-06,3.130109356014581,0.0074555818143347,0.0,MFSD14C,protein_coding
Prostate,9q22.33 FOXE1/PTCSC2,ENSG00000196312,SCLC,997,0.8409198066526248,0.1164176287204269,0.0327747579704779,0.004532008614859,0.0053557980416114,2.10977e-06,2.6159212907816776,0.0326626812235815,0.0,MFSD14C,protein_coding
Prostate,9q22.33 FOXE1/PTCSC2,ENSG00000196312,PRAD,1051,0.8495382123942933,0.121670749508521,0.0207793973816377,0.0029709818635885,0.0050406588519595,2.10977e-06,3.18,0.0063697185120852,0.0,MFSD14C,protein_coding
Prostate,9q22.33 FOXE1/PTCSC2,ENSG00000196597,LUAD,737,0.9344298360861392,0.0492718055135734,0.0143693151306602,0.0007565110017324,0.0011725322678946,0.00462962,2.609860649557374,0.0331840378922007,0.0,ZNF782,protein_coding
Prostate,9q22.33 FOXE1/PTCSC2,ENSG00000196597,LUSC,766,0.9251598899722888,0.0508943683762701,0.0212360588075818,0.0011666829592472,0.0015429998846119,0.00462962,3.130109356014581,0.0074555818143347,0.0,ZNF782,protein_coding
Prostate,9q22.33 FOXE1/PTCSC2,ENSG00000196597,SCLC,769,0.9191493540434448,0.0505527678540507,0.026796317998573,0.0014717546640437,0.0020298054398874,0.00462962,2.6159212907816776,0.0326626812235815,0.0,ZNF782,protein_coding
Prostate,9q22.33 FOXE1/PTCSC2,ENSG00000196597,PRAD,803,0.9241715968096004,0.0530000876980909,0.0202578202136456,0.0011603505624964,0.0014101447161667,0.00462962,3.18,0.0063697185120852,0.0,ZNF782,protein_coding
Prostate,9q22.33 FOXE1/PTCSC2,ENSG00000197816,LUAD,1930,0.8290379717163365,0.1231462337039899,0.0388474857845135,0.0057672482148951,0.0032010605802649,0.00241153,2.737109396680913,0.0236147461621844,0.0,CCDC180,protein_coding
Prostate,9q22.33 FOXE1/PTCSC2,ENSG00000197816,LUSC,1907,0.8234717160954932,0.1187197990949907,0.0472048745011555,0.0068017180880573,0.003801892220303,0.00241153,3.130109356014581,0.0074555818143347,0.0,CCDC180,protein_coding
Prostate,9q22.33 FOXE1/PTCSC2,ENSG00000197816,SCLC,1755,0.8124678292877406,0.1107627632238569,0.0628179690759918,0.0085585053335976,0.0053929330788128,0.00241153,2.6159212907816776,0.0326626812235815,0.0,CCDC180,protein_coding
Prostate,9q22.33 FOXE1/PTCSC2,ENSG00000197816,PRAD,2023,0.8285283428138133,0.1292035805272869,0.0338274149366729,0.0052719956269656,0.0031686660952611,0.00241153,3.4080996884735204,0.0030047174462482,0.0,CCDC180,protein_coding
Prostate,9q22.33 FOXE1/PTCSC2,ENSG00000203279,LUAD,1625,0.7778281291856876,0.1783182382819539,0.0323975284632914,0.0074231479125935,0.0040329561564733,5.35213e-05,2.737109396680913,0.0236147461621844,0.0,RP11-498P14.5,lincRNA
Prostate,9q22.33 FOXE1/PTCSC2,ENSG00000203279,LUSC,1599,0.776555615804418,0.1744992269720574,0.0362355033559751,0.0081378808677052,0.0045717729998443,5.35213e-05,3.130109356014581,0.0074555818143347,0.0,RP11-498P14.5,lincRNA
Prostate,9q22.33 FOXE1/PTCSC2,ENSG00000203279,SCLC,1481,0.7711183372196029,0.1655295260617193,0.0467223303502182,0.0100228850854259,0.0066069212830336,5.35213e-05,2.6159212907816776,0.0326626812235815,0.0,RP11-498P14.5,lincRNA
Prostate,9q22.33 FOXE1/PTCSC2,ENSG00000203279,PRAD,1710,0.7749736272579225,0.185449662196131,0.0294554737034614,0.0070455611501333,0.0030756756923518,5.35213e-05,3.4080996884735204,0.0030047174462482,0.0,RP11-498P14.5,lincRNA
Prostate,9q22.33 FOXE1/PTCSC2,ENSG00000204291,LUAD,1673,0.792341120756166,0.1625137322163698,0.034221784291907,0.0070151770829167,0.0039081856526402,0.000118437,2.737109396680913,0.0236147461621844,0.0,COL15A1,protein_coding
Prostate,9q22.33 FOXE1/PTCSC2,ENSG00000204291,LUSC,1614,0.7657198353206817,0.1563603603826577,0.0596339492661532,0.0121711665679277,0.0061146884625795,0.000118437,3.6535462204007287,0.0012630826576071,0.0,COL15A1,protein_coding
Prostate,9q22.33 FOXE1/PTCSC2,ENSG00000204291,SCLC,1466,0.7701030470394091,0.1498167592834804,0.0596563389707943,0.0115967878046154,0.0088270669017007,0.000118437,3.0035994240921453,0.0109896127232161,0.0,COL15A1,protein_coding
Prostate,9q22.33 FOXE1/PTCSC2,ENSG00000204291,PRAD,1718,0.7985765743932157,0.1680702299283276,0.025375713329283,0.0053379904622142,0.0026394918869593,0.000118437,3.4080996884735204,0.0030047174462482,0.0,COL15A1,protein_coding
Prostate,9q22.33 FOXE1/PTCSC2,ENSG00000213612,LUAD,1196,0.8786459560294645,0.0882707480705667,0.027844513757109,0.0027948785470851,0.0024439035957745,0.00839649,2.737109396680913,0.0236147461621844,0.0,FAM220CP,processed_pseudogene
Prostate,9q22.33 FOXE1/PTCSC2,ENSG00000213612,LUSC,1206,0.8748252804029533,0.088740270701878,0.0305087820610488,0.0030919071440422,0.0028337596900775,0.00839649,3.130109356014581,0.0074555818143347,0.0,FAM220CP,processed_pseudogene
Prostate,9q22.33 FOXE1/PTCSC2,ENSG00000213612,SCLC,1170,0.8682431864011433,0.0850604896648652,0.0393230190039195,0.0038488930951062,0.0035244118349659,0.00839649,2.6159212907816776,0.0326626812235815,0.0,FAM220CP,processed_pseudogene
Prostate,9q22.33 FOXE1/PTCSC2,ENSG00000213612,PRAD,1267,0.8767594270687059,0.0933205888113311,0.0248147043189848,0.0026387629318622,0.0024665168691155,0.00839649,3.18,0.0063697185120852,0.0,FAM220CP,processed_pseudogene
Prostate,9q22.33 FOXE1/PTCSC2,ENSG00000224848,LUAD,259,0.966810078126663,0.0254783314724637,0.0068091526849515,0.0001787177785314,0.0007237199373903,0.00272938,2.572600310352472,0.0365477308407944,0.0,RP11-535M15.1,lincRNA
Prostate,9q22.33 FOXE1/PTCSC2,ENSG00000224848,LUSC,298,0.9550465548910392,0.0310439920799899,0.0119858982170258,0.0003880686932957,0.001535486118649,0.00272938,3.130109356014581,0.0074555818143347,0.0,RP11-535M15.1,lincRNA
Prostate,9q22.33 FOXE1/PTCSC2,ENSG00000224848,SCLC,295,0.9572412016851684,0.0305184290652291,0.0107625697840014,0.0003419926773748,0.0011358067882261,0.00272938,2.6159212907816776,0.0326626812235815,0.0,RP11-535M15.1,lincRNA
Prostate,9q22.33 FOXE1/PTCSC2,ENSG00000224848,PRAD,310,0.9567075937249858,0.0319647865731145,0.0097933897613232,0.0003260010622376,0.0012082288783386,0.00272938,3.149425287356322,0.0070168574327947,0.0,RP11-535M15.1,lincRNA
Prostate,9q22.33 FOXE1/PTCSC2,ENSG00000228038,LUAD,1134,0.8888520852986205,0.0810570624162982,0.0255805790819125,0.0023305893218763,0.0021796838812922,0.00428508,2.737109396680913,0.0236147461621844,0.0,VN1R51P,processed_pseudogene
Prostate,9q22.33 FOXE1/PTCSC2,ENSG00000228038,LUSC,1144,0.884774331802267,0.0813279006459118,0.0288120793911073,0.0026459484943695,0.0024397396663441,0.00428508,3.130109356014581,0.0074555818143347,0.0,VN1R51P,processed_pseudogene
Prostate,9q22.33 FOXE1/PTCSC2,ENSG00000228038,SCLC,1123,0.8763930836451663,0.0790205323782811,0.0380559804569121,0.0034282391960793,0.003102164323561,0.00428508,2.6159212907816776,0.0326626812235815,0.0,VN1R51P,processed_pseudogene
Prostate,9q22.33 FOXE1/PTCSC2,ENSG00000228038,PRAD,1206,0.8859624759727228,0.0855310751333204,0.0242076428671889,0.0023350491268577,0.0019637568999097,0.00428508,3.18,0.0063697185120852,0.0,VN1R51P,processed_pseudogene
Prostate,9q22.33 FOXE1/PTCSC2,ENSG00000228376,LUAD,1113,0.8772365453685395,0.09359879387425,0.0242208335993589,0.0025819362935855,0.0023618908642662,0.00342525,2.737109396680913,0.0236147461621844,0.0,GAS2L1P2,transcribed_processed_pseudogene
Prostate,9q22.33 FOXE1/PTCSC2,ENSG00000228376,LUSC,1123,0.8725372976617563,0.0938017301257135,0.0279481562238043,0.0030018430038387,0.0027109729848873,0.00342525,3.130109356014581,0.0074555818143347,0.0,GAS2L1P2,transcribed_processed_pseudogene
Prostate,9q22.33 FOXE1/PTCSC2,ENSG00000228376,SCLC,1107,0.8667627962938643,0.088994838950294,0.0370280201197755,0.0037984347247696,0.0034159099112963,0.00342525,2.6159212907816776,0.0326626812235815,0.0,GAS2L1P2,transcribed_processed_pseudogene
Prostate,9q22.33 FOXE1/PTCSC2,ENSG00000228376,PRAD,1186,0.8724223586634263,0.0991181169993926,0.0236680267603707,0.0026868799347176,0.0021046176420927,0.00342525,3.18,0.0063697185120852,0.0,GAS2L1P2,transcribed_processed_pseudogene
Prostate,9q22.33 FOXE1/PTCSC2,ENSG00000231521,LUAD,2566,0.7332960923756999,0.2041433732638846,0.0452805139205129,0.0126010296048679,0.0046789908350346,0.000365546,2.737109396680913,0.0236147461621844,0.0,RP11-244N9.4,antisense
Prostate,9q22.33 FOXE1/PTCSC2,ENSG00000231521,LUSC,2520,0.6980347005912879,0.2011300098681508,0.0724613036708436,0.0208713199915491,0.0075026658781682,0.000365546,3.6535462204007287,0.0012630826576071,0.0,RP11-244N9.4,antisense
Prostate,9q22.33 FOXE1/PTCSC2,ENSG00000231521,SCLC,2389,0.6992373531886963,0.1917940153241337,0.0789734355084328,0.0216533045166301,0.0083418914621072,0.000365546,3.0035994240921453,0.0109896127232161,0.0,RP11-244N9.4,antisense
Prostate,9q22.33 FOXE1/PTCSC2,ENSG00000231521,PRAD,2677,0.7236810043655292,0.2195104526406427,0.0399971406437548,0.0121274438631346,0.0046839584869386,0.000365546,3.4080996884735204,0.0030047174462482,0.0,RP11-244N9.4,antisense
Prostate,9q22.33 FOXE1/PTCSC2,ENSG00000233820,LUAD,338,0.9625669323005028,0.0275637065872644,0.0086475700200162,0.0002466534424791,0.0009751376497375,0.00167215,2.609860649557374,0.0331840378922007,0.0,RP11-535M15.2,transcribed_processed_pseudogene
Prostate,9q22.33 FOXE1/PTCSC2,ENSG00000233820,LUSC,382,0.9550451650609628,0.0297023153835059,0.0136869491461717,0.0004245289635446,0.0011410414458148,0.00167215,3.130109356014581,0.0074555818143347,0.0,RP11-535M15.2,transcribed_processed_pseudogene
Prostate,9q22.33 FOXE1/PTCSC2,ENSG00000233820,SCLC,374,0.9549838444394002,0.0290917391797844,0.0143039286204014,0.0004345556388945,0.0011859321215191,0.00167215,2.6159212907816776,0.0326626812235815,0.0,RP11-535M15.2,transcribed_processed_pseudogene
Prostate,9q22.33 FOXE1/PTCSC2,ENSG00000233820,PRAD,396,0.9550965499042308,0.0307658022426558,0.0126359597612845,0.0004059368563064,0.0010957512355223,0.00167215,3.149425287356322,0.0070168574327947,0.0,RP11-535M15.2,transcribed_processed_pseudogene
Prostate,9q22.33 FOXE1/PTCSC2,ENSG00000242375,LUAD,1464,0.8531634752029373,0.1068850001667571,0.0327383071839335,0.0040983663661997,0.003114851080172,0.00054097,2.737109396680913,0.0236147461621844,0.0,RP11-498P14.3,lincRNA
Prostate,9q22.33 FOXE1/PTCSC2,ENSG00000242375,LUSC,1445,0.8503155511457242,0.1056319049964652,0.0362283310417266,0.0044971994295602,0.0033270133865239,0.00054097,3.130109356014581,0.0074555818143347,0.0,RP11-498P14.3,lincRNA
Prostate,9q22.33 FOXE1/PTCSC2,ENSG00000242375,SCLC,1347,0.849378086860279,0.096237691594482,0.0453538905979143,0.0051348687742652,0.0038954621730592,0.00054097,2.6159212907816776,0.0326626812235815,0.0,RP11-498P14.3,lincRNA
Prostate,9q22.33 FOXE1/PTCSC2,ENSG00000242375,PRAD,1544,0.854251142232849,0.1129316265931512,0.0268680665785523,0.0035495470080829,0.0023996175873643,0.00054097,3.18,0.0063697185120852,0.0,RP11-498P14.3,lincRNA
Prostate,9q22.33 FOXE1/PTCSC2,ENSG00000254483,LUAD,1660,0.8424164485543072,0.114061966423457,0.0355334093577994,0.0048079919533426,0.0031801837110938,0.000294401,2.737109396680913,0.0236147461621844,0.0,RP11-23J9.6,unprocessed_pseudogene
Prostate,9q22.33 FOXE1/PTCSC2,ENSG00000254483,LUSC,1632,0.8390255745239779,0.1122410809190559,0.0399588769397699,0.0053420870842054,0.0034323805329907,0.000294401,3.130109356014581,0.0074555818143347,0.0,RP11-23J9.6,unprocessed_pseudogene
Prostate,9q22.33 FOXE1/PTCSC2,ENSG00000254483,SCLC,1516,0.8341505375039868,0.1031125704188221,0.0518623588033698,0.0064064384307348,0.0044680948430862,0.000294401,2.6159212907816776,0.0326626812235815,0.0,RP11-23J9.6,unprocessed_pseudogene
Prostate,9q22.33 FOXE1/PTCSC2,ENSG00000254483,PRAD,1745,0.8408728434777591,0.1192909476071732,0.0322866068474641,0.0045773872958587,0.0029722147717446,0.000294401,3.4080996884735204,0.0030047174462482,0.0,RP11-23J9.6,unprocessed_pseudogene
Prostate,9q22.33 FOXE1/PTCSC2,ENSG00000254633,LUAD,1815,0.8216123888238299,0.131395104941985,0.03685769709646,0.005890166205524,0.0042446429322009,0.00402903,2.737109396680913,0.0236147461621844,0.0,RP11-23J9.7,unitary_pseudogene
Prostate,9q22.33 FOXE1/PTCSC2,ENSG00000254633,LUSC,1789,0.8149824165778524,0.1301814343889856,0.0434172760445043,0.0069307821159,0.0044880908727574,0.00402903,3.130109356014581,0.0074555818143347,0.0,RP11-23J9.7,unitary_pseudogene
Prostate,9q22.33 FOXE1/PTCSC2,ENSG00000254633,SCLC,1652,0.8190697029418885,0.1095666248629893,0.0587060264271747,0.0078482721793489,0.0048093735885985,0.00834481,2.6159212907816776,0.0326626812235815,0.0,RP11-23J9.7,unitary_pseudogene
Prostate,9q22.33 FOXE1/PTCSC2,ENSG00000254633,PRAD,1907,0.8195135519277706,0.1384994714021575,0.0326191207306597,0.0055088393007623,0.0038590166386495,0.00402903,3.4080996884735204,0.0030047174462482,0.0,RP11-23J9.7,unitary_pseudogene
Prostate,9q22.33 FOXE1/PTCSC2,ENSG00000255815,LUAD,645,0.9338160569288598,0.0501508241798758,0.0140040628219375,0.0007508134430711,0.0012782426262556,0.00139309,2.09233295440192,0.1120367209231221,0.0,KRT8P11,processed_pseudogene
Prostate,9q22.33 FOXE1/PTCSC2,ENSG00000255815,LUSC,622,0.9028947429958506,0.0489104494790995,0.0421273671843792,0.0022782802398408,0.0037891601008297,0.000261139,3.6535462204007287,0.0012630826576071,0.0,KRT8P11,processed_pseudogene
Prostate,9q22.33 FOXE1/PTCSC2,ENSG00000255815,SCLC,643,0.912313750173707,0.0502480737815375,0.0326866090267158,0.0017973465441808,0.0029542204738589,0.000261139,3.0035994240921453,0.0109896127232161,0.0,KRT8P11,processed_pseudogene
Prostate,9q22.33 FOXE1/PTCSC2,ENSG00000255815,PRAD,663,0.9314111698777232,0.0529960815739839,0.0135021581230559,0.0007669315397377,0.001323658885499,0.000261139,3.2484076433121016,0.0051124521934864,0.0,KRT8P11,processed_pseudogene
Prostate,9q22.33 FOXE1/PTCSC2,ENSG00000267026,LUAD,1837,0.8286313995682868,0.1238392211564575,0.038508760027183,0.0057518774570518,0.0032687417910208,0.0062238,2.737109396680913,0.0236147461621844,0.0,RP11-92C4.3,antisense
Prostate,9q22.33 FOXE1/PTCSC2,ENSG00000267026,LUSC,1760,0.8033860978192586,0.1163991012064692,0.0650825827365867,0.009423822629758,0.0057083956079272,0.0062238,3.6535462204007287,0.0012630826576071,0.0,RP11-92C4.3,antisense
Prostate,9q22.33 FOXE1/PTCSC2,ENSG00000267026,SCLC,1628,0.8087794215727686,0.1080835850677919,0.0680460708970775,0.0090875307613208,0.0060033917010408,0.00561821,3.0035994240921453,0.0109896127232161,0.0,RP11-92C4.3,antisense
Prostate,9q22.33 FOXE1/PTCSC2,ENSG00000267026,PRAD,1882,0.8368304142409512,0.1284054920912668,0.0279522517429126,0.0042865428071882,0.0025252991176811,0.0062238,3.4080996884735204,0.0030047174462482,0.0,RP11-92C4.3,antisense
Prostate,9q22.33 FOXE1/PTCSC2,ENSG00000269907,LUAD,833,0.9145882549457716,0.0672561404328799,0.0155943644460232,0.0011453479761006,0.0014158921992247,0.0056481,2.609860649557374,0.0331840378922007,0.0,RP11-330M2.4,processed_pseudogene
Prostate,9q22.33 FOXE1/PTCSC2,ENSG00000269907,LUSC,846,0.9064563921127916,0.0676761355111865,0.0222593660711717,0.0016599385901407,0.0019481677147095,0.0056481,3.130109356014581,0.0074555818143347,0.0,RP11-330M2.4,processed_pseudogene
Prostate,9q22.33 FOXE1/PTCSC2,ENSG00000269907,SCLC,862,0.8974951428468857,0.0680648866360494,0.0296926284439844,0.0022493530712226,0.002497989001858,0.0056481,2.6159212907816776,0.0326626812235815,0.0,RP11-330M2.4,processed_pseudogene
Prostate,9q22.33 FOXE1/PTCSC2,ENSG00000269907,PRAD,899,0.9036971699440964,0.07202904349435,0.020838714623628,0.0016591706324592,0.0017759013054659,0.0056481,3.18,0.0063697185120852,0.0,RP11-330M2.4,processed_pseudogene
Prostate,9q22.33 FOXE1/PTCSC2,ENSG00000270412,LUAD,1673,0.646524051581531,0.3000501528928109,0.0279238399385833,0.0129468273145471,0.0125551282725274,5.87793e-05,2.737109396680913,0.0236147461621844,0.0,RP11-92C4.6,antisense
Prostate,9q22.33 FOXE1/PTCSC2,ENSG00000270412,LUSC,1614,0.6307530732207844,0.2900243169064463,0.0491227927407231,0.0225794554518776,0.0075203616801684,5.87793e-05,3.6535462204007287,0.0012630826576071,0.0,RP11-92C4.6,antisense
Prostate,9q22.33 FOXE1/PTCSC2,ENSG00000270412,SCLC,1466,0.681900344890832,0.2391998509228972,0.0528236815520966,0.0185221576668444,0.0075539649673295,5.87793e-05,3.0035994240921453,0.0109896127232161,0.0,RP11-92C4.6,antisense
Prostate,9q22.33 FOXE1/PTCSC2,ENSG00000270412,PRAD,1718,0.6594045796732881,0.3065179363681193,0.0209533589117861,0.0097365817131786,0.0033875433336277,5.87793e-05,3.4080996884735204,0.0030047174462482,0.0,RP11-92C4.6,antisense
Prostate,9q22.33 FOXE1/PTCSC2,ENSG00000271086,LUAD,338,0.9652071192127486,0.0255644473109637,0.0083072584926519,0.0002193239525572,0.0007018510310786,0.024901,2.09233295440192,0.1120367209231221,0.0,NAMA,lincRNA
Prostate,9q22.33 FOXE1/PTCSC2,ENSG00000271086,LUSC,342,0.9359945843846116,0.0255089166164645,0.0345412151146701,0.0009383442507956,0.0030169396334579,0.024901,3.6535462204007287,0.0012630826576071,0.0,NAMA,lincRNA
Prostate,9q22.33 FOXE1/PTCSC2,ENSG00000271086,SCLC,343,0.956042653135484,0.0256496321892871,0.016469728557751,0.0004404682067808,0.001397517910697,0.024901,2.685013515386748,0.0271969950222946,0.0,NAMA,lincRNA
Prostate,9q22.33 FOXE1/PTCSC2,ENSG00000271086,PRAD,357,0.9619916529068993,0.0271208471588765,0.0096749003694499,0.0002718178159004,0.0009407817488738,0.024901,3.2484076433121016,0.0051124521934864,0.0,NAMA,lincRNA
Prostate,15q25.1 CHRNA3/IREB2,ENSG00000041357,LUAD,2520,1.5677390593469726e-42,2.0389693227614365e-42,0.4294658735933602,0.5585425307331682,0.0119915956734716,2.4019e-05,14.599018786645926,5.237396922046819e-47,95.67651490224657,PSMA4,protein_coding
Prostate,15q25.1 CHRNA3/IREB2,ENSG00000041357,LUSC,2466,1.63815759336574e-35,2.1242607951633135e-35,0.4304177651847584,0.5581275105539559,0.0114547242612857,2.4019e-05,13.465568229826784,4.231852513754322e-40,79.51373823397418,PSMA4,protein_coding
Prostate,15q25.1 CHRNA3/IREB2,ENSG00000041357,SCLC,2356,1.1606025949283157e-15,1.4909623219062613e-15,0.4324037081088655,0.5554731389515171,0.0121231529396146,2.4019e-05,9.413770556118612,5.709684785810526e-20,33.8019020204938,PSMA4,protein_coding
Prostate,15q25.1 CHRNA3/IREB2,ENSG00000041357,PRAD,2784,0.4065270542279295,0.5349764690292744,0.0227153669223385,0.0298867946521041,0.0058943151683533,2.4019e-05,3.3908045977011496,0.0031866728191422,0.27457228196638,PSMA4,protein_coding
Prostate,15q25.1 CHRNA3/IREB2,ENSG00000058335,LUAD,2520,9.05108841450319e-43,2.6732200736719988e-42,0.2479451902234612,0.7322811710893732,0.0197736386871655,3.53118e-05,14.599018786645926,5.237396922046819e-47,96.4966832562042,RASGRF1,protein_coding
Prostate,15q25.1 CHRNA3/IREB2,ENSG00000058335,LUSC,2466,9.511606253558816e-36,2.7908165899848757e-35,0.2499127265626956,0.7332563563309235,0.0168309171063809,3.53118e-05,13.465568229826784,4.231852513754322e-40,80.33029068150663,RASGRF1,protein_coding
Prostate,15q25.1 CHRNA3/IREB2,ENSG00000058335,SCLC,2356,6.649731604062141e-16,1.9739505006680105e-15,0.2477479040707109,0.7354144976771265,0.0168375982521599,3.53118e-05,9.413770556118612,5.709684785810526e-20,34.639463998035666,RASGRF1,protein_coding
Prostate,15q25.1 CHRNA3/IREB2,ENSG00000058335,PRAD,2784,0.2296682296901671,0.71238106466853,0.0128330895903696,0.0398001446846629,0.0053174713662703,3.53118e-05,3.3908045977011496,0.0031866728191422,1.131977183488015,RASGRF1,protein_coding
Prostate,15q25.1 CHRNA3/IREB2,ENSG00000080644,LUAD,2520,2.75928335421999e-42,6.5330815930790594e-43,0.755877088821984,0.1789017808653572,0.0652211303126587,0.00059523,14.599018786645926,5.237396922046819e-47,95.41372641706135,CHRNA3,protein_coding
Prostate,15q25.1 CHRNA3/IREB2,ENSG00000080644,LUSC,2466,2.9070522989460204e-35,6.708211059607674e-36,0.7638135420272735,0.1761949197326459,0.0599915382400806,0.00059523,13.465568229826784,4.231852513754322e-40,79.25390706814319,CHRNA3,protein_coding
Prostate,15q25.1 CHRNA3/IREB2,ENSG00000080644,SCLC,2356,2.0701405101032576e-15,4.540069491055763e-16,0.7712686812752776,0.1690889440219786,0.0596423747027413,0.00059523,9.413770556118612,5.709684785810526e-20,33.55144142867919,CHRNA3,protein_coding
Prostate,15q25.1 CHRNA3/IREB2,ENSG00000080644,PRAD,2784,0.7471616732878311,0.1961985394048117,0.0417488857937747,0.0109589837501035,0.0039319177634789,0.00059523,3.3908045977011496,0.0031866728191422,0.0,CHRNA3,protein_coding
Prostate,15q25.1 CHRNA3/IREB2,ENSG00000086666,LUAD,314,0.9726625255476742,0.0145202038705362,0.0119812895669123,0.0001782025791642,0.0006577784357127,0.0353108,2.7120719130866373,0.0252818879512349,0.0,ZFAND6,protein_coding
Prostate,15q25.1 CHRNA3/IREB2,ENSG00000086666,LUSC,311,0.976237203013607,0.0136635024228717,0.0093961677957241,0.0001309374079452,0.0005721893598518,0.0430107,2.965441052621149,0.0123152084839295,0.0,ZFAND6,protein_coding
Prostate,15q25.1 CHRNA3/IREB2,ENSG00000086666,SCLC,316,0.9752238916077276,0.0135800820262169,0.0102950269394021,0.000142600794577,0.0007583986320763,0.0353108,2.842091439506219,0.0176196261642464,0.0,ZFAND6,protein_coding
Prostate,15q25.1 CHRNA3/IREB2,ENSG00000086666,PRAD,350,0.9783241828406344,0.0161351042042535,0.0051844281706646,8.523362125557134e-05,0.0002710511631915,0.0353108,2.370689655172414,0.0601998920071128,0.0,ZFAND6,protein_coding
Prostate,15q25.1 CHRNA3/IREB2,ENSG00000103740,LUAD,2520,4.952235923751684e-43,3.127472920548817e-42,0.1356613726343173,0.856731198659711,0.0076074287059716,3.58462e-06,14.599018786645926,5.237396922046819e-47,97.25668875895856,ACSBG1,protein_coding
Prostate,15q25.1 CHRNA3/IREB2,ENSG00000103740,LUSC,2466,5.164057910764134e-36,3.2550726218381855e-35,0.1356830548072626,0.8552450801650704,0.0090718650276671,3.58462e-06,13.465568229826784,4.231852513754322e-40,81.09497345288925,ACSBG1,protein_coding
Prostate,15q25.1 CHRNA3/IREB2,ENSG00000103740,SCLC,2356,3.655552387947296e-16,2.2980716100867214e-15,0.1361942851620333,0.856180953519935,0.007624761318029,3.58462e-06,9.413770556118612,5.709684785810526e-20,35.389840743106944,ACSBG1,protein_coding
Prostate,15q25.1 CHRNA3/IREB2,ENSG00000103740,PRAD,2784,0.1231415843452624,0.815809436698342,0.0068807382994795,0.0455761001957075,0.0085921404612081,3.58462e-06,3.3908045977011496,0.0031866728191422,1.8908460086213896,ACSBG1,protein_coding
Prostate,15q25.1 CHRNA3/IREB2,ENSG00000103811,LUAD,2520,1.6621154756874104e-48,3.650437482849256e-42,4.55319315113877e-07,0.9999995300237544,1.4656930222588608e-08,4.581e-13,14.599018786645926,5.237396922046819e-47,110.01599281976188,CTSH,protein_coding
Prostate,15q25.1 CHRNA3/IREB2,ENSG00000103811,LUSC,2466,1.732930195920645e-41,3.805969353619388e-35,4.553187954382732e-07,0.9999995300555096,1.4625694945452061e-08,4.581e-13,13.465568229826784,4.231852513754322e-40,93.8561746122193,CTSH,protein_coding
Prostate,15q25.1 CHRNA3/IREB2,ENSG00000103811,SCLC,2356,1.2221083150138406e-21,2.684070528830549e-15,4.55318788215618e-07,0.9999995300258008,1.4655408118171278e-08,4.581e-13,9.413770556118612,5.709684785810526e-20,48.15370898858845,CTSH,protein_coding
Prostate,15q25.1 CHRNA3/IREB2,ENSG00000103811,PRAD,2784,4.281898907399467e-07,0.9404168563587308,2.392581349614317e-08,0.0525402941943524,0.0070423973312126,4.581e-13,3.3908045977011496,0.0031866728191422,14.602267031996016,CTSH,protein_coding
Prostate,15q25.1 CHRNA3/IREB2,ENSG00000103876,LUAD,113,0.9888832973171846,0.0068582089025593,0.0039205028371249,2.687877721033244e-05,0.0003111121659211,0.0131929,2.405613717566661,0.0553826628544189,0.0,FAH,protein_coding
Prostate,15q25.1 CHRNA3/IREB2,ENSG00000103876,LUSC,99,0.9906114219736172,0.0059640808531191,0.0031940766685248,1.901887482317705e-05,0.0002114016299153,0.0131929,2.209494103572039,0.0870796469571469,0.0,FAH,protein_coding
Prostate,15q25.1 CHRNA3/IREB2,ENSG00000103876,SCLC,101,0.9913164878453138,0.005719120988833,0.0027829633091828,1.588998432248052e-05,0.0001655378723478,0.107123,1.8866999601703485,0.1686687798218201,0.0,FAH,protein_coding
Prostate,15q25.1 CHRNA3/IREB2,ENSG00000103876,PRAD,121,0.990655031811728,0.0075386678795263,0.0016699532100932,1.2584215394728986e-05,0.0001237628832576,0.0131929,2.0,0.1353352832366127,0.0,FAH,protein_coding
Prostate,15q25.1 CHRNA3/IREB2,ENSG00000136371,LUAD,769,0.0080765257728624,0.0004275856692131,0.8941886236036041,0.0472899221037617,0.0500173428505585,0.00314989,5.545653683816851,2.0979449294155226e-07,4.70695493982995,MTHFS,protein_coding
Prostate,15q25.1 CHRNA3/IREB2,ENSG00000136371,LUSC,763,0.9142699251693484,0.0476433893669562,0.0336347397974032,0.0017500332047163,0.0027019124615758,0.00314989,3.153602119074753,0.0069250973952169,0.0,MTHFS,protein_coding
Prostate,15q25.1 CHRNA3/IREB2,ENSG00000136371,SCLC,769,0.6113374422322276,0.0312884337573272,0.3219443177077112,0.0164582352254912,0.0189715710772426,0.00314989,4.335332248208116,8.292675155657844e-05,0.0,MTHFS,protein_coding
Prostate,15q25.1 CHRNA3/IREB2,ENSG00000136371,PRAD,848,0.9311547624065356,0.0537130693264615,0.0133666997308158,0.0007700541450309,0.0009954143911561,0.00314989,3.007853403141361,0.0108499907948762,0.0,MTHFS,protein_coding
Prostate,15q25.1 CHRNA3/IREB2,ENSG00000136378,LUAD,2520,1.3319489665416344e-42,2.2683031023097287e-42,0.3648736204453877,0.6213643733409776,0.0137620062136346,8.18708e-06,14.599018786645926,5.237396922046819e-47,95.9460930312142,ADAMTS7,protein_coding
Prostate,15q25.1 CHRNA3/IREB2,ENSG00000136378,LUSC,2466,3.0577123037495123e-35,6.447104138660177e-36,0.8033987094329386,0.1693672226384116,0.0272340679286498,0.000232717,13.465568229826784,4.231852513754322e-40,79.25390706814319,ADAMTS7,protein_coding
Prostate,15q25.1 CHRNA3/IREB2,ENSG00000136378,SCLC,2356,9.86316328615914e-16,1.6587583254952454e-15,0.3674701743090498,0.6179861862701149,0.0145436394208325,8.18708e-06,9.413770556118612,5.709684785810526e-20,34.07126537655668,ADAMTS7,protein_coding
Prostate,15q25.1 CHRNA3/IREB2,ENSG00000136378,PRAD,2784,0.3217207417426161,0.6207906439842806,0.0179766749081182,0.0346828678810327,0.0048290714839523,8.18708e-06,3.3908045977011496,0.0031866728191422,0.6573099902672954,ADAMTS7,protein_coding
Prostate,15q25.1 CHRNA3/IREB2,ENSG00000136381,LUAD,2520,2.8832017901156215e-42,6.7684148887251895e-43,0.7898232605454901,0.1853889260120909,0.024787813442419,0.000477888,14.599018786645926,5.237396922046819e-47,95.41372641706135,IREB2,protein_coding
Prostate,15q25.1 CHRNA3/IREB2,ENSG00000136381,LUSC,2466,3.0115513012176604e-35,6.956926936344729e-36,0.7912701354612328,0.1827638312745107,0.0259660332642564,0.000477888,13.465568229826784,4.231852513754322e-40,79.25390706814319,IREB2,protein_coding
Prostate,15q25.1 CHRNA3/IREB2,ENSG00000136381,SCLC,2356,2.1480845604191005e-15,4.684149584208659e-16,0.8003081617390241,0.1744913531051379,0.0252004851558351,0.000477888,9.413770556118612,5.709684785810526e-20,33.55144142867919,IREB2,protein_coding
Prostate,15q25.1 CHRNA3/IREB2,ENSG00000136381,PRAD,2784,0.7498952896517113,0.1935071995613383,0.0419016310983851,0.0108086453989887,0.0038872342895764,0.000477888,3.3908045977011496,0.0031866728191422,0.0,IREB2,protein_coding
Prostate,15q25.1 CHRNA3/IREB2,ENSG00000136425,LUAD,2349,2.8101511942441734e-42,6.951191091086956e-43,0.7698118066077952,0.1903808712116263,0.0398073221805783,0.000376492,14.599018786645926,5.237396922046819e-47,95.41372641706135,CIB2,protein_coding
Prostate,15q25.1 CHRNA3/IREB2,ENSG00000136425,LUSC,2320,2.9476555449690723e-35,7.116825747862429e-36,0.774481843101154,0.1869524934391457,0.0385656634597003,0.000376492,13.465568229826784,4.231852513754322e-40,79.25390706814319,CIB2,protein_coding
Prostate,15q25.1 CHRNA3/IREB2,ENSG00000136425,SCLC,2200,2.1136141489407847e-15,4.634251469124483e-16,0.7874655799557371,0.1726175912894425,0.0399168287548177,0.000376492,9.413770556118612,5.709684785810526e-20,33.55144142867919,CIB2,protein_coding
Prostate,15q25.1 CHRNA3/IREB2,ENSG00000136425,PRAD,2605,0.7459351679771083,0.1992847927813228,0.0398118583370522,0.0106318399375354,0.004336340966981,0.000376492,3.3908045977011496,0.0031866728191422,0.0,CIB2,protein_coding
Prostate,15q25.1 CHRNA3/IREB2,ENSG00000140379,LUAD,597,0.9137476719189964,0.0512848120191596,0.0305561050339386,0.001712286479094,0.0026991245488113,0.00783135,3.383261300198091,0.0032691393883295,0.0,BCL2A1,protein_coding
Prostate,15q25.1 CHRNA3/IREB2,ENSG00000140379,LUSC,574,0.939172403537926,0.0439698252478424,0.0148290838696221,0.0006929267879132,0.0013357605566959,0.0113337,2.965441052621149,0.0123152084839295,0.0,BCL2A1,protein_coding
Prostate,15q25.1 CHRNA3/IREB2,ENSG00000140379,SCLC,590,0.896123563894956,0.0482764235233333,0.0489795986104449,0.0026346680533899,0.0039857459178756,0.00783135,3.741261704875686,0.0009132329407445,0.0,BCL2A1,protein_coding
Prostate,15q25.1 CHRNA3/IREB2,ENSG00000140379,PRAD,644,0.9336759833671556,0.0548790484954549,0.0099066725624795,0.0005813315103848,0.0009569640645247,0.00783135,2.544871794871795,0.0392349940062933,0.0,BCL2A1,protein_coding
Prostate,15q25.1 CHRNA3/IREB2,ENSG00000140382,LUAD,552,5.445350757299072e-07,1.7005661167479862e-08,0.9234603731270712,0.0287916329986578,0.0477474323335342,0.00963021,7.228215976629395,4.515283671278068e-12,14.343706088702428,HMG20A,protein_coding
Prostate,15q25.1 CHRNA3/IREB2,ENSG00000140382,LUSC,567,1.0252586633452015e-16,3.2924510421063707e-18,0.9227038977118314,0.0295834186414446,0.0477126836467237,0.00963021,9.874720357941834,6.698080361220931e-22,36.735969652506775,HMG20A,protein_coding
Prostate,15q25.1 CHRNA3/IREB2,ENSG00000140382,SCLC,533,0.0010584458245631,3.1117569939385014e-05,0.9240380765915054,0.0271183217378339,0.0477540382761582,0.00963021,6.048334140696486,1.1382679958317974e-08,6.771951650271088,HMG20A,protein_coding
Prostate,15q25.1 CHRNA3/IREB2,ENSG00000140382,PRAD,587,0.9522843932728706,0.0322221272656771,0.014075572003621,0.0004753278240836,0.0009425796337475,0.00963021,3.3908045977011496,0.0031866728191422,0.0,HMG20A,protein_coding
Prostate,15q25.1 CHRNA3/IREB2,ENSG00000140395,LUAD,2520,3.0651391594319523e-42,5.053264511784376e-43,0.8396631180057378,0.1384070162725353,0.0219298657217268,0.00183122,14.599018786645926,5.237396922046819e-47,95.41372641706135,WDR61,protein_coding
Prostate,15q25.1 CHRNA3/IREB2,ENSG00000140395,LUSC,2466,3.2015823361088365e-35,5.170749559237102e-36,0.8411998453284971,0.1358359103004308,0.022964244371072,0.00183122,13.465568229826784,4.231852513754322e-40,79.25390706814319,WDR61,protein_coding
Prostate,15q25.1 CHRNA3/IREB2,ENSG00000140395,SCLC,2356,2.274464506579268e-15,3.4931617256619216e-16,0.8473933204221566,0.1301216392103166,0.0224850403675241,0.00183122,9.413770556118612,5.709684785810526e-20,33.55144142867919,WDR61,protein_coding
Prostate,15q25.1 CHRNA3/IREB2,ENSG00000140395,PRAD,2784,0.8010136241825768,0.1429323454370747,0.0447579520080297,0.0079832667724816,0.0033128115998371,0.00183122,3.3908045977011496,0.0031866728191422,0.0,WDR61,protein_coding
Prostate,15q25.1 CHRNA3/IREB2,ENSG00000140403,LUAD,2520,2.789973066662962e-42,5.725124855323639e-43,0.7642842176015273,0.1567549033257765,0.078960879072696,0.000442393,14.599018786645926,5.237396922046819e-47,95.41372641706135,DNAJA4,protein_coding
Prostate,15q25.1 CHRNA3/IREB2,ENSG00000140403,LUSC,2466,2.9639806781021966e-35,5.939375810281525e-36,0.7787711906877108,0.1559889073428912,0.0652399019693978,0.000442393,13.465568229826784,4.231852513754322e-40,79.25390706814319,DNAJA4,protein_coding
Prostate,15q25.1 CHRNA3/IREB2,ENSG00000140403,SCLC,2356,2.067170906609772e-15,3.8501189765270703e-16,0.7701623012208063,0.1433567380520168,0.0864809607271743,0.00226022,9.413770556118612,5.709684785810526e-20,33.55144142867919,DNAJA4,protein_coding
Prostate,15q25.1 CHRNA3/IREB2,ENSG00000140403,PRAD,2784,0.7720126750140043,0.1718046394232704,0.0431374763358476,0.0095964176450355,0.003448791581842,0.000442393,3.3908045977011496,0.0031866728191422,0.0,DNAJA4,protein_coding
Prostate,15q25.1 CHRNA3/IREB2,ENSG00000166411,LUAD,2350,3.0164642730315976e-42,5.7106441697275715e-43,0.8263291371462617,0.1564199298919185,0.0172509329618196,0.00115419,14.599018786645926,5.237396922046819e-47,95.41372641706135,IDH3A,protein_coding
Prostate,15q25.1 CHRNA3/IREB2,ENSG00000166411,LUSC,2320,3.083527744677371e-35,6.51578361633878e-36,0.8101815882209302,0.1711803377711626,0.0186380740079072,0.000278504,13.465568229826784,4.231852513754322e-40,79.25390706814319,IDH3A,protein_coding
Prostate,15q25.1 CHRNA3/IREB2,ENSG00000166411,SCLC,2201,2.185449693333461e-15,4.5255462560589535e-16,0.8142292248977259,0.1685903162751394,0.0171804588271318,0.000278504,9.413770556118612,5.709684785810526e-20,33.55144142867919,IDH3A,protein_coding
Prostate,15q25.1 CHRNA3/IREB2,ENSG00000166411,PRAD,2606,0.7594408014890455,0.1857666714003487,0.0405440496000304,0.0099131369950776,0.0043353405154976,0.000278504,3.3908045977011496,0.0031866728191422,0.0,IDH3A,protein_coding
Prostate,15q25.1 CHRNA3/IREB2,ENSG00000166426,LUAD,2520,9.907607267313677e-43,2.494887586982508e-42,0.2714086368460555,0.6834034195734067,0.0451879435805377,8.69651e-07,14.599018786645926,5.237396922046819e-47,96.33718619029224,CRABP1,protein_coding
Prostate,15q25.1 CHRNA3/IREB2,ENSG00000166426,LUSC,2466,1.0400335173781284e-35,2.603589237650062e-35,0.273263637198301,0.6840374321060217,0.0426989306956772,8.69651e-07,13.465568229826784,4.231852513754322e-40,80.17148267635368,CRABP1,protein_coding
Prostate,15q25.1 CHRNA3/IREB2,ENSG00000166426,SCLC,2356,7.341805877416764e-16,1.8287019721131816e-15,0.273532395971125,0.6812711449166131,0.0451964591122594,8.69651e-07,9.413770556118612,5.709684785810526e-20,34.463981748117035,CRABP1,protein_coding
Prostate,15q25.1 CHRNA3/IREB2,ENSG00000166426,PRAD,2784,0.3014106529989407,0.6390747870022517,0.0168418153379131,0.0357023831159046,0.0069703615449897,8.69651e-07,3.3908045977011496,0.0031866728191422,0.7515478544707204,CRABP1,protein_coding
Prostate,15q25.1 CHRNA3/IREB2,ENSG00000166557,LUAD,2189,3.0188703826356443e-42,4.579766053595985e-43,0.8269882659450897,0.1254103450296933,0.0476013890252167,0.000272061,14.599018786645926,5.237396922046819e-47,95.41372641706135,TMED3,protein_coding
Prostate,15q25.1 CHRNA3/IREB2,ENSG00000166557,LUSC,2119,3.1639520092555716e-35,4.829848670732434e-36,0.8313126639895658,0.1268600458541767,0.0418272901562573,0.000272061,13.465568229826784,4.231852513754322e-40,79.25390706814319,TMED3,protein_coding
Prostate,15q25.1 CHRNA3/IREB2,ENSG00000166557,SCLC,2033,2.2285239380315402e-15,3.1769834841399083e-16,0.8302773219921395,0.118312916248348,0.0514097617595098,0.000272061,9.413770556118612,5.709684785810526e-20,33.55144142867919,TMED3,protein_coding
Prostate,15q25.1 CHRNA3/IREB2,ENSG00000166557,PRAD,2431,0.8099485721478414,0.1408087663880806,0.0393072261593352,0.0068304177713962,0.0031050175333465,0.000272061,3.3908045977011496,0.0031866728191422,0.0,TMED3,protein_coding
Prostate,15q25.1 CHRNA3/IREB2,ENSG00000167202,LUAD,2247,3.040864124182339e-42,5.163693663866812e-43,0.8330132235875128,0.1414284800590364,0.0255582963534508,0.00172264,14.599018786645926,5.237396922046819e-47,95.41372641706135,TBC1D2B,protein_coding
Prostate,15q25.1 CHRNA3/IREB2,ENSG00000167202,LUSC,2201,3.20866591847668e-35,5.041060300747977e-36,0.8430610213866595,0.1324268416031132,0.0245121370102272,0.00294371,13.465568229826784,4.231852513754322e-40,79.25390706814319,TBC1D2B,protein_coding
Prostate,15q25.1 CHRNA3/IREB2,ENSG00000167202,SCLC,2082,2.2604778587452023e-15,3.532074969570288e-16,0.8421823391492462,0.1315676582684071,0.026250002582344,0.00172264,9.413770556118612,5.709684785810526e-20,33.55144142867919,TBC1D2B,protein_coding
Prostate,15q25.1 CHRNA3/IREB2,ENSG00000167202,PRAD,2481,0.8000255366485683,0.1480631826721158,0.0407940531689281,0.0075463097668029,0.003570917743585,0.00172264,3.3908045977011496,0.0031866728191422,0.0,TBC1D2B,protein_coding
Prostate,15q25.1 CHRNA3/IREB2,ENSG00000169330,LUAD,1942,3.0140546274797955e-42,4.793595543897474e-43,0.8256690397111781,0.1312725253440758,0.0430584349447459,0.00236721,14.599018786645926,5.237396922046819e-47,95.41372641706135,KIAA1024,protein_coding
Prostate,15q25.1 CHRNA3/IREB2,ENSG00000169330,LUSC,1873,3.157356583106956e-35,4.873463662518835e-36,0.8295797485513744,0.1280054205437197,0.0424148309049059,0.00236721,13.465568229826784,4.231852513754322e-40,79.2539070681429,KIAA1024,protein_coding
Prostate,15q25.1 CHRNA3/IREB2,ENSG00000169330,SCLC,1797,2.237050567802588e-15,3.24694617048176e-16,0.8334537788682572,0.1209252499836403,0.0456209711480999,0.00236721,9.413770556118612,5.709684785810526e-20,33.55144107487534,KIAA1024,protein_coding
Prostate,15q25.1 CHRNA3/IREB2,ENSG00000169330,PRAD,2169,0.8160027499243783,0.1419336881441426,0.0332100461752688,0.0057734008314078,0.0030801149248025,0.00236721,3.3072519083969465,0.0042156242655139,0.0,KIAA1024,protein_coding
Prostate,15q25.1 CHRNA3/IREB2,ENSG00000169684,LUAD,2520,3.7257937023106034e-43,2.1921200288740882e-43,0.102064258567237,0.0592121335554358,0.8387236078773271,5.70082e-05,14.599018786645926,5.237396922046819e-47,97.52000503795438,CHRNA5,protein_coding
Prostate,15q25.1 CHRNA3/IREB2,ENSG00000169684,LUSC,2466,4.8896606090597216e-36,2.890898867657985e-36,0.1284734020943216,0.0751605647915939,0.7963660331140845,5.70082e-05,13.465568229826784,4.231852513754322e-40,81.07824409357131,CHRNA5,protein_coding
Prostate,15q25.1 CHRNA3/IREB2,ENSG00000169684,SCLC,2356,3.04019446552052e-16,1.756764009155215e-16,0.11326800112353,0.0646293512048703,0.8221026476715992,5.70082e-05,9.413770556118612,5.709684785810526e-20,35.53354998940194,CHRNA5,protein_coding
Prostate,15q25.1 CHRNA3/IREB2,ENSG00000169684,PRAD,2784,0.576495815238722,0.3659974354895716,0.0322126506370176,0.0204458596618086,0.0048482389728801,5.70082e-05,3.3908045977011496,0.0031866728191422,0.0,CHRNA5,protein_coding
Prostate,15q25.1 CHRNA3/IREB2,ENSG00000169783,LUAD,1475,3.1004440152646546e-42,4.200336598135053e-43,0.8493345175041944,0.1150282323236119,0.0356372501721937,0.000179742,14.599018786645926,5.237396922046819e-47,95.41372641706135,LINGO1,protein_coding
Prostate,15q25.1 CHRNA3/IREB2,ENSG00000169783,LUSC,1427,3.2343591059959066e-35,4.350088134850729e-36,0.8498117786991946,0.1142604757837844,0.035927745517021,0.000179742,13.465568229826784,4.231852513754322e-40,79.25390706814319,LINGO1,protein_coding
Prostate,15q25.1 CHRNA3/IREB2,ENSG00000169783,SCLC,1314,2.301946391672425e-15,2.8533824770637463e-16,0.8576321989771688,0.1062718831549712,0.0360959178678573,0.000179742,9.413770556118612,5.709684785810526e-20,33.55144142867919,LINGO1,protein_coding
Prostate,15q25.1 CHRNA3/IREB2,ENSG00000169783,PRAD,1648,0.8195057657939028,0.1223431240971067,0.0313324341172894,0.0046554217432926,0.0221632542484082,0.000179742,3.3908045977011496,0.0031866728191422,0.0,LINGO1,protein_coding
Prostate,15q25.1 CHRNA3/IREB2,ENSG00000173517,LUAD,551,0.0019070168513629,0.0004960000306921,0.749040225035868,0.194765659154949,0.0537910989271277,0.000184217,5.943628305363278,2.132557636732608e-08,5.973252523901147,PEAK1,protein_coding
Prostate,15q25.1 CHRNA3/IREB2,ENSG00000173517,LUSC,566,8.000157326211209e-09,2.2364528853415e-09,0.7400432668590293,0.2068267890424616,0.0531299338618987,0.000184217,7.760196310712472,8.380167576744314e-14,18.34275800391881,PEAK1,protein_coding
Prostate,15q25.1 CHRNA3/IREB2,ENSG00000173517,SCLC,532,0.3242026245176223,0.086819186379538,0.4332545247925904,0.1159827786535133,0.0397408856567358,0.000184217,4.809196013289037,9.500338322306043e-06,0.2899566677439633,PEAK1,protein_coding
Prostate,15q25.1 CHRNA3/IREB2,ENSG00000173517,PRAD,587,0.7632274722275916,0.2199773900810663,0.0112811501651932,0.0032491878284537,0.0022647996976952,0.000184217,3.3908045977011496,0.0031866728191422,0.0,PEAK1,protein_coding
Prostate,15q25.1 CHRNA3/IREB2,ENSG00000180953,LUAD,722,0.0274068597148436,0.0020465204764354,0.8661080498723451,0.0646340719443114,0.0398044979920642,0.00328423,5.431389993719908,3.927868919036271e-07,3.453216333068262,ST20,protein_coding
Prostate,15q25.1 CHRNA3/IREB2,ENSG00000180953,LUSC,719,0.9047722874540604,0.0629164169017961,0.0277974249552441,0.0019304049795953,0.0025834657093039,0.00328423,3.137061582937872,0.0072949154473187,0.0,ST20,protein_coding
Prostate,15q25.1 CHRNA3/IREB2,ENSG00000180953,SCLC,725,0.7099466235135838,0.0522431827185969,0.2090799052807035,0.0153723052942912,0.0133579831928244,0.00328423,4.335332248208116,8.292675155657844e-05,0.0,ST20,protein_coding
Prostate,15q25.1 CHRNA3/IREB2,ENSG00000180953,PRAD,800,0.911122235989048,0.0740284164356637,0.012651472425335,0.0010267573337491,0.0011711178162039,0.00274774,3.007853403141361,0.0108499907948762,0.0,ST20,protein_coding
Prostate,15q25.1 CHRNA3/IREB2,ENSG00000183476,LUAD,2247,2.767842096365721e-42,7.267778080724005e-43,0.7582216675645763,0.1990505233229327,0.042727809112491,0.00067368,14.599018786645926,5.237396922046819e-47,95.41372641706135,SH2D7,protein_coding
Prostate,15q25.1 CHRNA3/IREB2,ENSG00000183476,LUSC,2201,2.905931025112473e-35,7.335063241487378e-36,0.7635189329008075,0.192681341046471,0.0437997260527213,0.00067368,13.465568229826784,4.231852513754322e-40,79.25390706814319,SH2D7,protein_coding
Prostate,15q25.1 CHRNA3/IREB2,ENSG00000183476,SCLC,2082,2.070186261970076e-15,4.974686117634176e-16,0.7712857269694297,0.1852976064659552,0.0434166665646126,0.00067368,9.413770556118612,5.709684785810526e-20,33.55144142867919,SH2D7,protein_coding
Prostate,15q25.1 CHRNA3/IREB2,ENSG00000183476,PRAD,2481,0.7383952353781175,0.2092249356691537,0.0376514662492955,0.0106645120371835,0.0040638506662497,0.00067368,3.3908045977011496,0.0031866728191422,0.0,SH2D7,protein_coding
Prostate,15q25.1 CHRNA3/IREB2,ENSG00000185787,LUAD,2520,3.1348919597009535e-42,4.504730896734035e-43,0.8587711750031746,0.1233845917994117,0.0178442331974136,0.000525934,14.599018786645926,5.237396922046819e-47,95.41372641706135,MORF4L1,protein_coding
Prostate,15q25.1 CHRNA3/IREB2,ENSG00000185787,LUSC,2466,3.276727810735956e-35,4.645243812755061e-36,0.8609439452757428,0.122034450654864,0.0170216040693931,0.000525934,13.465568229826784,4.231852513754322e-40,79.25390706814319,MORF4L1,protein_coding
Prostate,15q25.1 CHRNA3/IREB2,ENSG00000185787,SCLC,2356,2.3415126808121974e-15,2.9514564906089143e-16,0.8723733431163492,0.1099442232555538,0.0176824336280941,0.00150291,9.413770556118612,5.709684785810526e-20,33.55144142867919,MORF4L1,protein_coding
Prostate,15q25.1 CHRNA3/IREB2,ENSG00000185787,PRAD,2784,0.8163636739832572,0.12783981334803,0.0456156612548616,0.0071402189299057,0.0030406324839455,0.000525934,3.3908045977011496,0.0031866728191422,0.0,MORF4L1,protein_coding
Prostate,15q25.1 CHRNA3/IREB2,ENSG00000188266,LUAD,2520,2.7842909812886058e-42,6.17790938224051e-43,0.7627276691794026,0.1691693242301689,0.0681030065904284,0.000715663,14.599018786645926,5.237396922046819e-47,95.41372641706135,HYKK,protein_coding
Prostate,15q25.1 CHRNA3/IREB2,ENSG00000188266,LUSC,2466,2.9401688032022826e-35,6.65431983350186e-36,0.7725147389148247,0.1747862470776107,0.0526990140075645,0.000659568,13.465568229826784,4.231852513754322e-40,79.25390706814319,HYKK,protein_coding
Prostate,15q25.1 CHRNA3/IREB2,ENSG00000188266,SCLC,2356,2.061779845430412e-15,4.3657237463527275e-16,0.7681537628504944,0.1625837545579603,0.0692624825915427,0.000659568,9.413770556118612,5.709684785810526e-20,33.55144142867919,HYKK,protein_coding
Prostate,15q25.1 CHRNA3/IREB2,ENSG00000188266,PRAD,2784,0.7559303459157294,0.1876405992749003,0.0422388497804098,0.0104810175181983,0.0037091875107623,0.000659568,3.3908045977011496,0.0031866728191422,0.0,HYKK,protein_coding
Prostate,15q25.1 CHRNA3/IREB2,ENSG00000259322,LUAD,2520,2.8166491104666864e-42,6.550038574117821e-43,0.7715918434387973,0.1793824952625645,0.0490256612986381,0.000647115,14.599018786645926,5.237396922046819e-47,95.41372641706135,RP11-762H8.1,antisense
Prostate,15q25.1 CHRNA3/IREB2,ENSG00000259322,LUSC,2466,2.94403133707038e-35,6.779981445256429e-36,0.7735296004899196,0.1780922643451269,0.0483781351649535,0.000647115,13.465568229826784,4.231852513754322e-40,79.25390706814319,RP11-762H8.1,antisense
Prostate,15q25.1 CHRNA3/IREB2,ENSG00000259322,SCLC,2356,2.085837634552933e-15,4.561961649065345e-16,0.777116931872292,0.1699112469326094,0.0529718211950958,0.000647115,9.413770556118612,5.709684785810526e-20,33.55144142867919,RP11-762H8.1,antisense
Prostate,15q25.1 CHRNA3/IREB2,ENSG00000259322,PRAD,2784,0.7517296387210685,0.1916026418662438,0.0420041283657644,0.0107021509034667,0.0039614401434563,0.000647115,3.3908045977011496,0.0031866728191422,0.0,RP11-762H8.1,antisense
Prostate,15q25.1 CHRNA3/IREB2,ENSG00000259362,LUAD,749,1.5379539685338963e-38,1.34767468051307e-39,0.8718887153223805,0.076349897564044,0.0517613871135754,0.00143253,14.050981805080164,1.3446236441171592e-43,86.93068710930955,RP11-307C19.1,lincRNA
Prostate,15q25.1 CHRNA3/IREB2,ENSG00000259362,LUSC,737,1.519776691890188e-31,1.323398249464153e-32,0.8709244695221372,0.0757854778750472,0.0532900526028158,0.00143253,12.817505040583155,2.114557593775898e-36,70.82337444912386,RP11-307C19.1,lincRNA
Prostate,15q25.1 CHRNA3/IREB2,ENSG00000259362,SCLC,727,1.8514945896981758e-13,1.5600167499987292e-14,0.8760840773869981,0.0737662061473502,0.0501497164654508,0.00143253,9.012307489798603,2.306401525016971e-18,29.18531979577439,RP11-307C19.1,lincRNA
Prostate,15q25.1 CHRNA3/IREB2,ENSG00000259362,PRAD,790,0.8983629624449541,0.0818309570522497,0.0162794695428708,0.0014808343383048,0.0020457766216204,0.00143253,3.3908045977011496,0.0031866728191422,0.0,RP11-307C19.1,lincRNA
Prostate,15q25.1 CHRNA3/IREB2,ENSG00000259420,LUAD,862,6.858872975711842e-42,5.748054755431325e-43,0.8455324507384461,0.070775862668023,0.0836916865935307,0.00615672,14.599018786645926,5.237396922046819e-47,94.61524203591428,RP11-307C19.2,lincRNA
Prostate,15q25.1 CHRNA3/IREB2,ENSG00000259420,LUSC,850,1.1432944767339263e-34,9.483108000254436e-36,0.8448494037854659,0.0699912584451247,0.0851593377694093,0.00615672,13.420261505199218,7.781073306399463e-40,77.98538228734891,RP11-307C19.2,lincRNA
Prostate,15q25.1 CHRNA3/IREB2,ENSG00000259420,SCLC,843,3.212801661093525e-15,2.6760237929268563e-16,0.8531939929044872,0.07098886925857,0.0758171378369393,0.00615672,9.413770556118612,5.709684785810526e-20,33.21286471373708,RP11-307C19.2,lincRNA
Prostate,15q25.1 CHRNA3/IREB2,ENSG00000259420,PRAD,910,0.8992349677553654,0.0795591853476806,0.0179637613370014,0.0015876768216958,0.0016544087382567,0.00615672,3.3908045977011496,0.0031866728191422,0.0,RP11-307C19.2,lincRNA
Prostate,15q25.1 CHRNA3/IREB2,ENSG00000259548,LUAD,976,2.2652234725032047e-05,2.0098915917124298e-06,0.8746672227404909,0.0775598837692835,0.0477482313639089,0.0029092,6.304874281831099,2.3339123558247922e-09,10.561340265713982,RP11-38G5.2,lincRNA
Prostate,15q25.1 CHRNA3/IREB2,ENSG00000259548,LUSC,969,0.0969971211445596,0.0083428262471558,0.7729809024474603,0.0664296655870584,0.0552494845737657,0.0029092,5.049008329115089,2.9132462353733844e-06,2.075573043381264,RP11-38G5.2,lincRNA
Prostate,15q25.1 CHRNA3/IREB2,ENSG00000259548,SCLC,973,0.3998323138985978,0.0351093438790258,0.4832019625657381,0.0423905811912913,0.0394657984653467,0.00522756,4.335332248208116,8.292675155657844e-05,0.1893894642544396,RP11-38G5.2,lincRNA
Prostate,15q25.1 CHRNA3/IREB2,ENSG00000259548,PRAD,1066,0.8949528085354169,0.0869220949208578,0.0151775937451344,0.0014726456010015,0.0014748571975895,0.0029092,3.007853403141361,0.0108499907948762,0.0,RP11-38G5.2,lincRNA
Prostate,15q25.1 CHRNA3/IREB2,ENSG00000259562,LUAD,2520,1.400265655803664e-47,3.650424571814377e-42,3.835882697105179e-06,0.9999959930230604,1.710942425514151e-07,1.31453e-11,14.599018786645926,5.237396922046819e-47,107.88483339096952,RP11-762H8.2,transcribed_processed_pseudogene
Prostate,15q25.1 CHRNA3/IREB2,ENSG00000259562,LUSC,2466,1.4599258011300024e-40,3.8059559303608265e-35,3.835882476770047e-06,0.9999960030145584,1.6110296489179698e-07,1.31453e-11,13.465568229826784,4.231852513754322e-40,91.72501410948342,RP11-762H8.2,transcribed_processed_pseudogene
Prostate,15q25.1 CHRNA3/IREB2,ENSG00000259562,SCLC,2356,1.029578363198752e-20,2.684061036776308e-15,3.835882359571099e-06,0.9999959934314876,1.7068615020346598e-07,1.31453e-11,9.413770556118612,5.709684785810526e-20,46.02254849098964,RP11-762H8.2,transcribed_processed_pseudogene
Prostate,15q25.1 CHRNA3/IREB2,ENSG00000259562,PRAD,2784,3.612635189774036e-06,0.9417992577795944,2.0186192539662797e-07,0.0526190026167209,0.0055779251065697,1.31453e-11,3.3908045977011496,0.0031866728191422,12.471109953191052,RP11-762H8.2,transcribed_processed_pseudogene
Prostate,15q25.1 CHRNA3/IREB2,ENSG00000259642,LUAD,708,0.0406823293580353,0.0022046033010852,0.8693651224757597,0.0470708144951674,0.0406771303699521,0.0138816,5.431389993719908,3.927868919036271e-07,3.0619693709118803,ST20-AS1,antisense
Prostate,15q25.1 CHRNA3/IREB2,ENSG00000259642,LUSC,705,0.9271734980749802,0.0501283651229043,0.0199308306941783,0.0010758846312415,0.0016914214766957,0.0138816,2.965441052621149,0.0123152084839295,0.0,ST20-AS1,antisense
Prostate,15q25.1 CHRNA3/IREB2,ENSG00000259642,SCLC,711,0.8311448563334008,0.0433106637272701,0.1131477939509704,0.0058895843172321,0.0065071016711264,0.0138816,4.162130582233749,0.0001730957771038,0.0,ST20-AS1,antisense
Prostate,15q25.1 CHRNA3/IREB2,ENSG00000259642,PRAD,785,0.9307554128301718,0.0548923314187655,0.0126084003534604,0.0007425931142006,0.0010012622834014,0.0138816,3.007853403141361,0.0108499907948762,0.0,ST20-AS1,antisense
Prostate,15q25.1 CHRNA3/IREB2,ENSG00000259792,LUAD,2021,2.9410127202275225e-42,4.942594828098775e-43,0.8056599659306924,0.1353382630360103,0.0590017710332972,0.00144125,14.599018786645926,5.237396922046819e-47,95.41372641706135,RP11-114H24.6,antisense
Prostate,15q25.1 CHRNA3/IREB2,ENSG00000259792,LUSC,1989,3.100578088403299e-35,5.167410437062024e-36,0.8146614812860827,0.1357215237744274,0.0496169949394898,0.00144125,13.465568229826784,4.231852513754322e-40,79.25390706814319,RP11-114H24.6,antisense
Prostate,15q25.1 CHRNA3/IREB2,ENSG00000259792,SCLC,1861,2.193762512149916e-15,3.371419816314857e-16,0.8173263174742715,0.1255512845223949,0.0571223980033309,0.00559213,9.413770556118612,5.709684785810526e-20,33.55144142867919,RP11-114H24.6,antisense
Prostate,15q25.1 CHRNA3/IREB2,ENSG00000259792,PRAD,2239,0.8023249762956843,0.1489477221547357,0.0381774755119185,0.0070839964620417,0.0034658295756194,0.00559213,3.3908045977011496,0.0031866728191422,0.0,RP11-114H24.6,antisense
Prostate,15q25.1 CHRNA3/IREB2,ENSG00000260139,LUAD,1745,2.8260749881340283e-42,7.060215087334098e-43,0.774173964974045,0.1933748267543006,0.0324512082716543,0.000369218,14.599018786645926,5.237396922046819e-47,95.41372641706135,CSPG4P13,transcribed_unprocessed_pseudogene
Prostate,15q25.1 CHRNA3/IREB2,ENSG00000260139,LUSC,1698,2.9553478160642023e-35,7.246669083813375e-36,0.7765029490969201,0.1903695006657707,0.033127550237309,0.000369218,13.465568229826784,4.231852513754322e-40,79.25390706814319,CSPG4P13,transcribed_unprocessed_pseudogene
Prostate,15q25.1 CHRNA3/IREB2,ENSG00000260139,SCLC,1581,2.098462302971165e-15,4.971946734048928e-16,0.7818204828220687,0.1852059888621904,0.0329735283157383,0.000369218,9.413770556118612,5.709684785810526e-20,33.55144142867919,CSPG4P13,transcribed_unprocessed_pseudogene
Prostate,15q25.1 CHRNA3/IREB2,ENSG00000260139,PRAD,1930,0.7577395409447502,0.1984815536982764,0.0314191501691825,0.0082257674552931,0.0041339877324977,0.000369218,3.3908045977011496,0.0031866728191422,0.0,CSPG4P13,transcribed_unprocessed_pseudogene
Prostate,15q25.1 CHRNA3/IREB2,ENSG00000260776,LUAD,1825,2.7794309910981937e-42,6.237645001124617e-43,0.7613963252160456,0.17080602498042,0.0677976498035343,0.000268877,14.599018786645926,5.237396922046819e-47,95.41372641706135,RP11-114H24.2,transcribed_unprocessed_pseudogene
Prostate,15q25.1 CHRNA3/IREB2,ENSG00000260776,LUSC,1773,2.864974046778163e-35,6.347320976237898e-36,0.7527576904203727,0.1666921535549481,0.0805501560246792,0.000268877,13.465568229826784,4.231852513754322e-40,79.25390706814319,RP11-114H24.2,transcribed_unprocessed_pseudogene
Prostate,15q25.1 CHRNA3/IREB2,ENSG00000260776,SCLC,1658,2.0826494017386235e-15,4.342365169604153e-16,0.7759290974686416,0.1617204000707951,0.0623505024605606,0.000268877,9.413770556118612,5.709684785810526e-20,33.55144142867919,RP11-114H24.2,transcribed_unprocessed_pseudogene
Prostate,15q25.1 CHRNA3/IREB2,ENSG00000260776,PRAD,2013,0.7658744383583266,0.1859008078717721,0.0336385360974947,0.0081586589397179,0.0064275587326886,0.000268877,3.3908045977011496,0.0031866728191422,0.0,RP11-114H24.2,transcribed_unprocessed_pseudogene
Prostate,15q25.1 CHRNA3/IREB2,ENSG00000260988,LUAD,2370,2.857935832760164e-42,6.423395309267479e-43,0.782901913282283,0.1759210828813755,0.0411770038363415,0.0015005,14.599018786645926,5.237396922046819e-47,95.41372641706135,RP11-285A1.1,lincRNA
Prostate,15q25.1 CHRNA3/IREB2,ENSG00000260988,LUSC,2335,3.0219613207302846e-35,6.275910271267293e-36,0.794005316345111,0.1648552835324819,0.0411394001224071,0.00547286,13.465568229826784,4.231852513754322e-40,79.25390706814319,RP11-285A1.1,lincRNA
Prostate,15q25.1 CHRNA3/IREB2,ENSG00000260988,SCLC,2220,2.147206580596093e-15,4.32161642405386e-16,0.7999810543098558,0.1609706698611938,0.0390482758289479,0.0015005,9.413770556118612,5.709684785810526e-20,33.55144142867919,RP11-285A1.1,lincRNA
Prostate,15q25.1 CHRNA3/IREB2,ENSG00000260988,PRAD,2626,0.7612607269963254,0.1843314274387234,0.0408889978816746,0.0098972271672665,0.0036216205160099,0.0015005,3.3908045977011496,0.0031866728191422,0.0,RP11-285A1.1,lincRNA
Prostate,15q25.1 CHRNA3/IREB2,ENSG00000261143,LUAD,1948,2.7789319029792456e-42,5.927339729061894e-43,0.761259605196393,0.1622968876699669,0.07644350713364,0.000389558,14.599018786645926,5.237396922046819e-47,95.41372641706135,ADAMTS7P3,transcribed_unprocessed_pseudogene
Prostate,15q25.1 CHRNA3/IREB2,ENSG00000261143,LUSC,1917,2.9212856232695915e-35,6.480854551684956e-36,0.7675532772464685,0.1702190043144612,0.0622277184390702,0.000389558,13.465568229826784,4.231852513754322e-40,79.25390706814319,ADAMTS7P3,transcribed_unprocessed_pseudogene
Prostate,15q25.1 CHRNA3/IREB2,ENSG00000261143,SCLC,1788,2.0691919372565075e-15,4.084611766744903e-16,0.7709152731249438,0.1521026944428461,0.0769820324322077,0.000389558,9.413770556118612,5.709684785810526e-20,33.55144142867919,ADAMTS7P3,transcribed_unprocessed_pseudogene
Prostate,15q25.1 CHRNA3/IREB2,ENSG00000261143,PRAD,2166,0.7626709333924893,0.1902257138074978,0.0348470347148635,0.0086879941343476,0.0035683239508018,0.000389558,3.3908045977011496,0.0031866728191422,0.0,ADAMTS7P3,transcribed_unprocessed_pseudogene
Prostate,15q25.1 CHRNA3/IREB2,ENSG00000261229,LUAD,929,5.345964582633535e-05,5.048525486478151e-06,0.858535043203825,0.0810163918719807,0.0603900567528815,0.00260514,6.14480671853773,6.3214020875718925e-09,9.68405569192709,RP11-38G5.4,lincRNA
Prostate,15q25.1 CHRNA3/IREB2,ENSG00000261229,LUSC,921,0.2736731270019915,0.0270900291816758,0.5964794393638593,0.0589998379653422,0.043757566487131,0.00260514,4.492967464571945,4.135247353354048e-05,0.7791103450587276,RP11-38G5.4,lincRNA
Prostate,15q25.1 CHRNA3/IREB2,ENSG00000261229,SCLC,926,0.4057479429579871,0.0394243353632849,0.4789159067287907,0.0465042635253565,0.0294075514245806,0.00260514,4.335332248208116,8.292675155657844e-05,0.165792885279135,RP11-38G5.4,lincRNA
Prostate,15q25.1 CHRNA3/IREB2,ENSG00000261229,PRAD,1017,0.887750069510771,0.094379328519195,0.0147478256751422,0.001566328401843,0.0015564478930486,0.00260514,3.007853403141361,0.0108499907948762,0.0,RP11-38G5.4,lincRNA
Prostate,15q25.1 CHRNA3/IREB2,ENSG00000261762,LUAD,2520,2.929723892868862e-42,5.320575040345638e-43,0.8025675086275931,0.1456999085527218,0.0517325828196852,0.00101328,14.599018786645926,5.237396922046819e-47,95.41372641706135,RP11-650L12.2,antisense
Prostate,15q25.1 CHRNA3/IREB2,ENSG00000261762,LUSC,2466,3.0832696827809613e-35,5.4591964374023365e-36,0.8101137837403469,0.143391177857499,0.046495038402154,0.00101328,13.465568229826784,4.231852513754322e-40,79.25390706814319,RP11-650L12.2,antisense
Prostate,15q25.1 CHRNA3/IREB2,ENSG00000261762,SCLC,2356,2.1799234940355906e-15,3.642555497193879e-16,0.8121703383515558,0.1356578904725033,0.0521717711759383,0.00101328,9.413770556118612,5.709684785810526e-20,33.55144142867919,RP11-650L12.2,antisense
Prostate,15q25.1 CHRNA3/IREB2,ENSG00000261762,PRAD,2784,0.7867196207014013,0.1567634917410615,0.0439592510839775,0.0087556155821709,0.0038020208913885,0.00101328,3.3908045977011496,0.0031866728191422,0.0,RP11-650L12.2,antisense
Prostate,15q25.1 CHRNA3/IREB2,ENSG00000278600,LUAD,708,0.0404296907341828,0.0024244534473426,0.8639663360337475,0.0517681900733001,0.0414113297114267,0.00477805,5.431389993719908,3.927868919036271e-07,3.0619693709118803,RP11-81A1.6,sense_intronic
Prostate,15q25.1 CHRNA3/IREB2,ENSG00000278600,LUSC,705,0.925061410494896,0.0521038457808592,0.0198854285552503,0.0011182105390645,0.0018311046299297,0.00477805,2.965441052621149,0.0123152084839295,0.0,RP11-81A1.6,sense_intronic
Prostate,15q25.1 CHRNA3/IREB2,ENSG00000278600,SCLC,711,0.825952329696059,0.0485428437632576,0.1124409100310738,0.0066019115439599,0.0064620049656495,0.00477805,4.162130582233749,0.0001730957771038,0.0,RP11-81A1.6,sense_intronic
Prostate,15q25.1 CHRNA3/IREB2,ENSG00000278600,PRAD,785,0.9250299362813365,0.0603150139012311,0.0125308406642585,0.0008157438258636,0.0013084653273102,0.00477805,3.007853403141361,0.0108499907948762,0.0,RP11-81A1.6,sense_intronic
Prostate,15q25.1 CHRNA3/IREB2,ENSG00000279373,LUAD,2520,2.918440529574656e-42,5.814406269910598e-43,0.7994765481483435,0.1592383509613787,0.0412851008902777,0.00207733,14.599018786645926,5.237396922046819e-47,95.41372641706135,RP11-650L12.4,TEC
Prostate,15q25.1 CHRNA3/IREB2,ENSG00000279373,LUSC,2466,3.0619592963005166e-35,5.9068420437333685e-36,0.8045145856160131,0.1551590122976489,0.040326402086338,0.00207733,13.465568229826784,4.231852513754322e-40,79.25390706814319,RP11-650L12.4,TEC
Prostate,15q25.1 CHRNA3/IREB2,ENSG00000279373,SCLC,2356,2.1727950960064814e-15,3.9570203747073206e-16,0.8095145233860095,0.1473829234235532,0.0431025531904346,0.00207733,9.413770556118612,5.709684785810526e-20,33.55144142867919,RP11-650L12.4,TEC
Prostate,15q25.1 CHRNA3/IREB2,ENSG00000279373,PRAD,2784,0.7754116859537018,0.168283635123796,0.0433274016553689,0.0093995468072706,0.0035777304598625,0.0120287,3.3908045977011496,0.0031866728191422,0.0,RP11-650L12.4,TEC
Prostate,18p11.32 TYMS,ENSG00000079101,LUAD,2131,0.0518023643808182,0.7353639297469766,0.0133430051797241,0.1894014335634675,0.0100892671290133,6.42272e-07,4.16644509438979,0.0001700135595081,2.652929726542021,CLUL1,protein_coding
Prostate,18p11.32 TYMS,ENSG00000079101,LUSC,2109,0.0606096123376109,0.8510598816104289,0.0047770692622622,0.0670615150805372,0.0164919217091608,6.42272e-07,3.2633672633672632,0.0048694078151723,2.642028992338448,CLUL1,protein_coding
Prostate,18p11.32 TYMS,ENSG00000079101,SCLC,1947,0.0537989992534026,0.7634409644885265,0.010856823858448,0.1540471673345549,0.0178560450650679,6.42272e-07,3.830520909757888,0.0006513618584391,2.652580933696885,CLUL1,protein_coding
Prostate,18p11.32 TYMS,ENSG00000079101,PRAD,2347,0.0627047750306498,0.8919268652476203,0.0025034275766388,0.0356020557075858,0.0072628764375051,6.42272e-07,3.5,0.0021874911181828,2.654946538058196,CLUL1,protein_coding
Prostate,18p11.32 TYMS,ENSG00000079134,LUAD,2131,0.5854997980571031,0.1943588886600434,0.1508102367832496,0.0500427443397826,0.0192883321598211,0.000198173,4.16644509438979,0.0001700135595081,0.0,THOC1,protein_coding
Prostate,18p11.32 TYMS,ENSG00000079134,LUSC,2109,0.6955315672380852,0.2249341824380073,0.0548197281361641,0.0177216499537802,0.0069928722339633,0.000198173,3.2633672633672632,0.0048694078151723,0.0,THOC1,protein_coding
Prostate,18p11.32 TYMS,ENSG00000079134,SCLC,1947,0.6247641441482443,0.1997643973515361,0.1260795620777745,0.040304057485927,0.0090878389365179,0.000198173,3.830520909757888,0.0006513618584391,0.0,THOC1,protein_coding
Prostate,18p11.32 TYMS,ENSG00000079134,PRAD,2347,0.714430965649463,0.2435074275595759,0.0285229662356232,0.0097179781794356,0.003820662375902,0.000198173,3.5,0.0021874911181828,0.0,THOC1,protein_coding
Prostate,18p11.32 TYMS,ENSG00000101557,LUAD,2034,0.7039855392501289,0.0896674133397963,0.1750083392057564,0.0222819481179246,0.0090567600863937,0.00539056,4.16644509438979,0.0001700135595081,0.0,USP14,protein_coding
Prostate,18p11.32 TYMS,ENSG00000101557,LUSC,2013,0.8157117991777166,0.1104565436185926,0.0612566788240269,0.008290558223136,0.0042844201565276,0.000338081,3.2633672633672632,0.0048694078151723,0.0,USP14,protein_coding
Prostate,18p11.32 TYMS,ENSG00000101557,SCLC,1866,0.7365065114414299,0.0917484915359141,0.146267539400928,0.0182136560303879,0.0072638015913399,0.000338081,3.830520909757888,0.0006513618584391,0.0,USP14,protein_coding
Prostate,18p11.32 TYMS,ENSG00000101557,PRAD,2247,0.8395054638414065,0.1215101450330374,0.0321299027168038,0.0046482806647914,0.0022062077439606,0.00319574,3.5,0.0021874911181828,0.0,USP14,protein_coding
Prostate,18p11.32 TYMS,ENSG00000132199,LUAD,2131,0.0001656533656262,0.7803222867671638,4.266820138442753e-05,0.2009731851315443,0.0184962065342809,1.57332e-08,4.16644509438979,0.0001700135595081,8.457564855254931,ENOSF1,protein_coding
Prostate,18p11.32 TYMS,ENSG00000132199,LUSC,2109,0.0001947132391903,0.9172104618060484,1.534671802073843e-05,0.0722815008830734,0.0102979773536673,1.57332e-08,3.2633672633672632,0.0048694078151723,8.457564328181567,ENOSF1,protein_coding
Prostate,18p11.32 TYMS,ENSG00000132199,SCLC,1947,0.0001547185272196,0.728794621248151,3.122273315438574e-05,0.1469492014173029,0.1240702360741719,1.57332e-08,3.830520909757888,0.0006513618584391,8.457539731960258,ENOSF1,protein_coding
Prostate,18p11.32 TYMS,ENSG00000132199,PRAD,2347,0.0001974765519676,0.954987774741456,7.884060594966203e-06,0.0381202778983675,0.0066865867476138,1.57332e-08,3.5,0.0021874911181828,8.483833964984614,ENOSF1,protein_coding
Prostate,18p11.32 TYMS,ENSG00000132204,LUAD,2131,0.6413937612655651,0.1413074543610051,0.1652071364136066,0.0363815879786135,0.0157100599812093,0.00162,4.16644509438979,0.0001700135595081,0.0,LINC00470,lincRNA
Prostate,18p11.32 TYMS,ENSG00000132204,LUSC,2109,0.7574338419801084,0.1638449609003422,0.0596986812020085,0.0129076573354017,0.0061148585821391,0.00162,3.2633672633672632,0.0048694078151723,0.0,LINC00470,lincRNA
Prostate,18p11.32 TYMS,ENSG00000132204,SCLC,1947,0.6830838729463158,0.1385371574004428,0.1378486847718751,0.0279446912445856,0.0125855936367806,0.00162,3.830520909757888,0.0006513618584391,0.0,LINC00470,lincRNA
Prostate,18p11.32 TYMS,ENSG00000132204,PRAD,2347,0.773129474285024,0.1856902533390163,0.0308664474960856,0.0074106007824909,0.002903224097383,0.00162,3.5,0.0021874911181828,0.0,LINC00470,lincRNA
Prostate,18p11.32 TYMS,ENSG00000141433,LUAD,2131,0.2656562740358759,0.5189337665549485,0.068426472089746,0.1336511445172613,0.0133323428021681,6.96073e-07,4.16644509438979,0.0001700135595081,0.6695729872992597,ADCYAP1,protein_coding
Prostate,18p11.32 TYMS,ENSG00000141433,LUSC,2109,0.307494886188789,0.603359172864166,0.0242358317841236,0.0475376018214544,0.0173725073414668,6.96073e-07,3.2633672633672632,0.0048694078151723,0.6740542057984005,ADCYAP1,protein_coding
Prostate,18p11.32 TYMS,ENSG00000141433,SCLC,1947,0.2810318656664925,0.5355007436630228,0.0567132011095757,0.1080471925680375,0.0187069969928714,6.96073e-07,3.830520909757888,0.0006513618584391,0.6447342147605895,ADCYAP1,protein_coding
Prostate,18p11.32 TYMS,ENSG00000141433,PRAD,2347,0.3041573084829884,0.6502615179095479,0.0121431867560384,0.0259535786075486,0.0074844082438767,6.96073e-07,3.5,0.0021874911181828,0.7598295875360552,ADCYAP1,protein_coding
Prostate,18p11.32 TYMS,ENSG00000158270,LUAD,2131,0.6219830917061816,0.1528209082774851,0.1602074290147553,0.0393372270707788,0.0256513439307989,0.000142537,4.16644509438979,0.0001700135595081,0.0,COLEC12,protein_coding
Prostate,18p11.32 TYMS,ENSG00000158270,LUSC,2109,0.7348672630086018,0.1859873217263665,0.0579200506085853,0.014652394205258,0.0065729704511881,0.000142537,3.2633672633672632,0.0048694078151723,0.0,COLEC12,protein_coding
Prostate,18p11.32 TYMS,ENSG00000158270,SCLC,1947,0.6649260988809634,0.1596583183387343,0.1341843832527988,0.0322105794430158,0.0090206200844874,0.000142537,3.830520909757888,0.0006513618584391,0.0,COLEC12,protein_coding
Prostate,18p11.32 TYMS,ENSG00000158270,PRAD,2347,0.7584963213977821,0.2004955897949679,0.0302822330012056,0.0080018687771082,0.0027239870289359,0.000142537,3.5,0.0021874911181828,0.0,COLEC12,protein_coding
Prostate,18p11.32 TYMS,ENSG00000173213,LUAD,1735,0.6915816563066536,0.1089870704507712,0.1614122371467285,0.0254245273424466,0.0125945087533998,0.000405653,4.16644509438979,0.0001700135595081,0.0,TUBB8P12,transcribed_unprocessed_pseudogene
Prostate,18p11.32 TYMS,ENSG00000173213,LUSC,1679,0.815807939288,0.1194511466372722,0.0522544329403616,0.0076462889903621,0.004840192144004,0.000405653,3.2633672633672632,0.0048694078151723,0.0,TUBB8P12,transcribed_unprocessed_pseudogene
Prostate,18p11.32 TYMS,ENSG00000173213,SCLC,1587,0.7344863672814915,0.1002651274252463,0.1366230813772703,0.0186405051021559,0.0099849188138358,0.00156034,3.830520909757888,0.0006513618584391,0.0,TUBB8P12,transcribed_unprocessed_pseudogene
Prostate,18p11.32 TYMS,ENSG00000173213,PRAD,1900,0.8230232987524594,0.1410756660082573,0.0277498601573586,0.0047532474909159,0.0033979275910088,0.000405653,3.5,0.0021874911181828,0.0,TUBB8P12,transcribed_unprocessed_pseudogene
Prostate,18p11.32 TYMS,ENSG00000176105,LUAD,2131,0.675986032366821,0.1119987634227703,0.1741172481044427,0.0288390467386073,0.0090589093673584,0.00088877,4.16644509438979,0.0001700135595081,0.0,YES1,protein_coding
Prostate,18p11.32 TYMS,ENSG00000176105,LUSC,2109,0.7919439263913121,0.1296184346875789,0.0624186633487436,0.0102103306155865,0.0058086449567789,0.00088877,3.2633672633672632,0.0048694078151723,0.0,YES1,protein_coding
Prostate,18p11.32 TYMS,ENSG00000176105,SCLC,1947,0.7482200841576303,0.0782074277008627,0.1509933971594979,0.015775725654799,0.00680336532721,0.00213847,3.830520909757888,0.0006513618584391,0.0,YES1,protein_coding
Prostate,18p11.32 TYMS,ENSG00000176105,PRAD,2347,0.814200660792431,0.1443188064818927,0.0325061749467887,0.0057585731668318,0.0032157846120557,0.00088877,3.5,0.0021874911181828,0.0,YES1,protein_coding
Prostate,18p11.32 TYMS,ENSG00000176890,LUAD,2131,0.6470164521634596,0.1368062477173502,0.1666554022345075,0.0352236004689802,0.0142982974157022,0.000259523,4.16644509438979,0.0001700135595081,0.0,TYMS,protein_coding
Prostate,18p11.32 TYMS,ENSG00000176890,LUSC,2109,0.7615113531025894,0.1597617528690495,0.0600200584934724,0.0125858248784657,0.0061210106564228,0.000259523,3.2633672633672632,0.0048694078151723,0.0,TYMS,protein_coding
Prostate,18p11.32 TYMS,ENSG00000176890,SCLC,1947,0.6896855308291062,0.1331461958252631,0.1391809221331985,0.0268582330550783,0.0111291181573538,0.000259523,3.830520909757888,0.0006513618584391,0.0,TYMS,protein_coding
Prostate,18p11.32 TYMS,ENSG00000176890,PRAD,2347,0.7800219847909806,0.1785837772158848,0.0311416243205691,0.0071266588566924,0.0031259548158729,0.000259523,3.5,0.0021874911181828,0.0,TYMS,protein_coding
Prostate,18p11.32 TYMS,ENSG00000176912,LUAD,2131,0.6459806285625006,0.1348938535462942,0.166388599747052,0.0347273038109287,0.0180096143332244,0.000773239,4.16644509438979,0.0001700135595081,0.0,TYMSOS,processed_transcript
Prostate,18p11.32 TYMS,ENSG00000176912,LUSC,2109,0.763096855948985,0.157935252409412,0.06014502310916,0.0124416052955626,0.0063812632368804,0.000773239,3.2633672633672632,0.0048694078151723,0.0,TYMSOS,processed_transcript
Prostate,18p11.32 TYMS,ENSG00000176912,SCLC,1947,0.6929408041778283,0.1297837226744014,0.1398378475379204,0.0261795453979871,0.0112580802118627,0.000773239,3.830520909757888,0.0006513618584391,0.0,TYMSOS,processed_transcript
Prostate,18p11.32 TYMS,ENSG00000176912,PRAD,2347,0.7792172013102447,0.1784178677481488,0.03110949411744,0.0071190246240605,0.0041364122001059,0.000773239,3.5,0.0021874911181828,0.0,TYMSOS,processed_transcript
Prostate,18p11.32 TYMS,ENSG00000263006,LUAD,1864,0.6892177435377721,0.1072602670228362,0.1645165969467067,0.0255896600496955,0.0134157324429893,0.012802,4.16644509438979,0.0001700135595081,0.0,ROCK1P1,transcribed_unprocessed_pseudogene
Prostate,18p11.32 TYMS,ENSG00000263006,LUSC,1842,0.8075223895713475,0.1233765578614817,0.0559540506334957,0.0085442849110123,0.0046027170226628,0.012802,3.2633672633672632,0.0048694078151723,0.0,ROCK1P1,transcribed_unprocessed_pseudogene
Prostate,18p11.32 TYMS,ENSG00000263006,SCLC,1730,0.72493013164016,0.1031900927996006,0.1401480329109387,0.0199375607843041,0.0117941818649965,0.012802,3.830520909757888,0.0006513618584391,0.0,ROCK1P1,transcribed_unprocessed_pseudogene
Prostate,18p11.32 TYMS,ENSG00000263006,PRAD,2071,0.8206048063392822,0.1417889733464864,0.0296192984055603,0.0051149263401522,0.002871995568519,0.00397569,3.5,0.0021874911181828,0.0,ROCK1P1,transcribed_unprocessed_pseudogene
Prostate,18p11.32 TYMS,ENSG00000263884,LUAD,2131,0.6702581177520163,0.1118443260720721,0.1726418792619607,0.0287918625997405,0.0164638143142101,0.000694573,4.16644509438979,0.0001700135595081,0.0,RP11-705O1.8,lincRNA
Prostate,18p11.32 TYMS,ENSG00000263884,LUSC,2109,0.7885656321408271,0.1333982095275218,0.062152396250169,0.0105086747770154,0.0053750873044665,0.000694573,3.2633672633672632,0.0048694078151723,0.0,RP11-705O1.8,lincRNA
Prostate,18p11.32 TYMS,ENSG00000263884,SCLC,1947,0.7160509746568834,0.1074469241762761,0.1445015597576963,0.0216728326864974,0.0103277087226467,0.000694573,3.830520909757888,0.0006513618584391,0.0,RP11-705O1.8,lincRNA
Prostate,18p11.32 TYMS,ENSG00000263884,PRAD,2347,0.8073115779837465,0.1518012790845999,0.032231134969808,0.0060579213561908,0.0025980866056545,0.000694573,3.5,0.0021874911181828,0.0,RP11-705O1.8,lincRNA
Prostate,18p11.32 TYMS,ENSG00000264635,LUAD,2131,0.6613777640680097,0.1227747792149058,0.1703545202462136,0.031609857160828,0.0138830793100426,0.00326159,4.16644509438979,0.0001700135595081,0.0,RP11-769O8.3,sense_intronic
Prostate,18p11.32 TYMS,ENSG00000264635,LUSC,2109,0.7794533723012967,0.1424377737440393,0.0614341950489025,0.0112210678218483,0.0054535910839132,0.00326159,3.2633672633672632,0.0048694078151723,0.0,RP11-769O8.3,sense_intronic
Prostate,18p11.32 TYMS,ENSG00000264635,SCLC,1947,0.705933582203189,0.1177287233534923,0.1424598350174428,0.0237479330537303,0.0101299263721454,0.00326159,3.830520909757888,0.0006513618584391,0.0,RP11-769O8.3,sense_intronic
Prostate,18p11.32 TYMS,ENSG00000264635,PRAD,2347,0.8002233019773527,0.1582823111695201,0.0319481423968092,0.0063160381824927,0.0032302062738252,0.00326159,3.5,0.0021874911181828,0.0,RP11-769O8.3,sense_intronic
Prostate,18p11.32 TYMS,ENSG00000265179,LUAD,2131,0.5812398915650018,0.2037999531036415,0.1497129904496383,0.0524810507684295,0.0127661141132888,0.00010741,4.16644509438979,0.0001700135595081,0.0,RP11-672L10.2,processed_transcript
Prostate,18p11.32 TYMS,ENSG00000265179,LUSC,2109,0.6780954450220792,0.2420777292663103,0.0534454648752944,0.0190725373420737,0.0073088234942423,0.00010741,3.2633672633672632,0.0048694078151723,0.0,RP11-672L10.2,processed_transcript
Prostate,18p11.32 TYMS,ENSG00000265179,SCLC,1947,0.6162923080603215,0.2050055320001413,0.1243699162954991,0.0413578500049615,0.0129743936390764,0.00010741,3.830520909757888,0.0006513618584391,0.0,RP11-672L10.2,processed_transcript
Prostate,18p11.32 TYMS,ENSG00000265179,PRAD,2347,0.6755144196378295,0.2826391448119781,0.0269692607255494,0.0112804981791939,0.0035966766454487,6.80017e-05,3.5,0.0021874911181828,0.0,RP11-672L10.2,processed_transcript
Prostate,18p11.32 TYMS,ENSG00000265490,LUAD,2131,3.8183086325742334e-14,0.7890206020414854,9.835016696861206e-15,0.2032243967699953,0.0077550011884714,3.65549e-19,4.16644509438979,0.0001700135595081,30.65942089679894,RP11-806L2.6,antisense
Prostate,18p11.32 TYMS,ENSG00000265490,LUSC,2109,4.441979318891422e-14,0.9178967793613586,3.501035899995836e-15,0.0723361252721984,0.0097670953663949,3.65549e-19,3.2633672633672632,0.0048694078151723,30.65942089679895,RP11-806L2.6,antisense
Prostate,18p11.32 TYMS,ENSG00000265490,SCLC,1947,3.8493235711902595e-14,0.7954295720577719,7.768067913259869e-15,0.1604763407810719,0.0440940871611098,3.65549e-19,3.830520909757888,0.0006513618584391,30.65942089679894,RP11-806L2.6,antisense
Prostate,18p11.32 TYMS,ENSG00000265490,PRAD,2347,4.6320574879484744e-14,0.9571747985598288,1.849304211080976e-15,0.0382096637609407,0.0046155376791821,3.65549e-19,3.5,0.0021874911181828,30.659420899095004,RP11-806L2.6,antisense
Prostate,18p11.32 TYMS,ENSG00000266171,LUAD,2131,0.6566014435148324,0.126326287600605,0.1691242584494245,0.0325230958641126,0.0154249145710254,0.00222007,4.16644509438979,0.0001700135595081,0.0,RP11-769O8.1,antisense
Prostate,18p11.32 TYMS,ENSG00000266171,LUSC,2109,0.7735602713037517,0.1482378509147027,0.0609697183669207,0.0116781121865023,0.0055540472281225,0.00222007,3.2633672633672632,0.0048694078151723,0.0,RP11-769O8.1,antisense
Prostate,18p11.32 TYMS,ENSG00000266171,SCLC,1947,0.7005957981233781,0.122125969801619,0.1413826517546841,0.024634181101172,0.0112613992191466,0.00222007,3.830520909757888,0.0006513618584391,0.0,RP11-769O8.1,antisense
Prostate,18p11.32 TYMS,ENSG00000266171,PRAD,2347,0.7919230338684741,0.1668680550503052,0.0316167622097803,0.006659112884261,0.0029330359871793,0.000287467,3.5,0.0021874911181828,0.0,RP11-769O8.1,antisense
Prostate,18p11.32 TYMS,ENSG00000266456,LUAD,2131,0.5962727025825518,0.1880679538254791,0.1535850699902251,0.0484279974988033,0.0136462761029406,1.5691e-05,4.16644509438979,0.0001700135595081,0.0,RP11-806L2.2,antisense
Prostate,18p11.32 TYMS,ENSG00000266456,LUSC,2109,0.7279776162603137,0.1928351294539152,0.0573770291563813,0.0151920728485361,0.0066181522808536,1.93487e-05,3.2633672633672632,0.0048694078151723,0.0,RP11-806L2.2,antisense
Prostate,18p11.32 TYMS,ENSG00000266456,SCLC,1947,0.6340723380453185,0.1885514576469848,0.1279579877545203,0.0380389561051761,0.011379260448,1.5691e-05,3.830520909757888,0.0006513618584391,0.0,RP11-806L2.2,antisense
Prostate,18p11.32 TYMS,ENSG00000266456,PRAD,2347,0.7176014314614741,0.240583311886502,0.028649544020819,0.0096014921274598,0.003564220503745,1.5691e-05,3.5,0.0021874911181828,0.0,RP11-806L2.2,antisense
Prostate,18p11.32 TYMS,ENSG00000273355,LUAD,2131,0.1236703206226692,0.6321326102971411,0.0318544095114208,0.1627721229185334,0.0495705366502354,2.98296e-06,4.16644509438979,0.0001700135595081,1.6314798782390358,RP11-672L10.6,lincRNA
Prostate,18p11.32 TYMS,ENSG00000273355,LUSC,2109,0.3509952029562856,0.5649020387066536,0.0276643972890663,0.0445119710780266,0.011926389969968,1.33965e-05,3.2633672633672632,0.0048694078151723,0.4758797767125546,RP11-672L10.6,lincRNA
Prostate,18p11.32 TYMS,ENSG00000273355,SCLC,1947,0.1348062958071525,0.685889908300663,0.0272043760831764,0.1384012542321926,0.0136981655768153,2.98296e-06,3.830520909757888,0.0006513618584391,1.62687822913189,RP11-672L10.6,lincRNA
Prostate,18p11.32 TYMS,ENSG00000273355,PRAD,2347,0.1519818344224081,0.8047135003128894,0.0060677279402603,0.0321222945855399,0.0051146427389022,2.98296e-06,3.5,0.0021874911181828,1.6667253105131614,RP11-672L10.6,lincRNA
Prostate,19q13.33 KLK3,ENSG00000062822,LUAD,353,0.9656437393661612,0.0231642351549607,0.0101216407288119,0.0002419734175802,0.000828411332486,0.0123671,2.8503174603174606,0.0172118907335878,0.0,POLD1,protein_coding
Prostate,19q13.33 KLK3,ENSG00000062822,LUSC,358,0.965648391338551,0.0232853954847923,0.010090169342132,0.0002425782675104,0.0007334655670141,0.0123671,2.557111158667763,0.0380289054420105,0.0,POLD1,protein_coding
Prostate,19q13.33 KLK3,ENSG00000062822,SCLC,325,0.957061839132897,0.0211847203860848,0.0197672065894351,0.0004360001180308,0.001550233773552,0.0123671,2.9950270221172626,0.0112758339522445,0.0,POLD1,protein_coding
Prostate,19q13.33 KLK3,ENSG00000062822,PRAD,376,0.9704505521199546,0.0246522965392185,0.0044790089085489,0.0001134753246437,0.000304667107634,0.0123671,2.6405228758169934,0.0306175921346995,0.0,POLD1,protein_coding
Prostate,19q13.33 KLK3,ENSG00000086967,LUAD,526,0.937255454836286,0.0460186297777363,0.0146325796603626,0.0007170738283196,0.0013762618972952,0.00303781,2.8503174603174606,0.0172118907335878,0.0,MYBPC2,protein_coding
Prostate,19q13.33 KLK3,ENSG00000086967,LUSC,487,0.93579626677224,0.0432136483277764,0.0183690287843943,0.000846479234549,0.00177457688104,0.00303781,3.217961972400773,0.0056413062938313,0.0,MYBPC2,protein_coding
Prostate,19q13.33 KLK3,ENSG00000086967,SCLC,480,0.9329532334135296,0.0402197392656397,0.0238389663704756,0.0010257387215574,0.0019623222287973,0.00303781,2.9950270221172626,0.0112758339522445,0.0,MYBPC2,protein_coding
Prostate,19q13.33 KLK3,ENSG00000086967,PRAD,553,0.9432269602850052,0.0487026286171951,0.0070008233964245,0.0003607720540126,0.0007088156473625,0.00303781,2.6405228758169934,0.0306175921346995,0.0,MYBPC2,protein_coding
Prostate,19q13.33 KLK3,ENSG00000105366,LUAD,561,0.94423967122703,0.0386894858781306,0.0152813364108999,0.000624976339896,0.001164530144043,0.0212221,2.8503174603174606,0.0172118907335878,0.0,SIGLEC8,protein_coding
Prostate,19q13.33 KLK3,ENSG00000105366,LUSC,526,0.9370084392140656,0.0370976124495224,0.0231511289217224,0.0009147609203919,0.0018280584942971,0.0212221,3.217961972400773,0.0056413062938313,0.0,SIGLEC8,protein_coding
Prostate,19q13.33 KLK3,ENSG00000105366,SCLC,510,0.9370073587486686,0.0349156264224096,0.0253415821977576,0.0009425083223231,0.0017929243088409,0.0212221,2.9950270221172626,0.0112758339522445,0.0,SIGLEC8,protein_coding
Prostate,19q13.33 KLK3,ENSG00000105366,PRAD,589,0.949922026024341,0.0414499755006226,0.0076499406170883,0.0003331612922291,0.0006448965657187,0.00286317,2.6405228758169934,0.0306175921346995,0.0,SIGLEC8,protein_coding
Prostate,19q13.33 KLK3,ENSG00000105374,LUAD,561,0.9457833568964036,0.0369973385231491,0.0153063190299798,0.0005974400390166,0.0013155455114508,9.98626e-05,2.8503174603174606,0.0172118907335878,0.0,NKG7,protein_coding
Prostate,19q13.33 KLK3,ENSG00000105374,LUSC,526,0.9392124890081588,0.0350752617829736,0.0232055854653324,0.000864980081433,0.001641683662102,9.98626e-05,3.217961972400773,0.0056413062938313,0.0,NKG7,protein_coding
Prostate,19q13.33 KLK3,ENSG00000105374,SCLC,510,0.940526800577562,0.0313646462835629,0.0254367663215154,0.0008464388139343,0.0018253480034253,0.0304396,2.9950270221172626,0.0112758339522445,0.0,NKG7,protein_coding
Prostate,19q13.33 KLK3,ENSG00000105374,PRAD,589,0.9517148624797406,0.039719306383475,0.0076643787415282,0.0003192865463834,0.0005821658488726,9.98626e-05,2.6405228758169934,0.0306175921346995,0.0,NKG7,protein_coding
Prostate,19q13.33 KLK3,ENSG00000105379,LUAD,561,0.9291823132755443,0.0534378869769216,0.015037651931919,0.0008633464679834,0.0014788013476313,0.00273307,2.8503174603174606,0.0172118907335878,0.0,ETFB,protein_coding
Prostate,19q13.33 KLK3,ENSG00000105379,LUSC,526,0.9270151210496184,0.0468963824465284,0.0229042190887918,0.0011566644014282,0.002027613013633,0.00273307,3.217961972400773,0.0056413062938313,0.0,ETFB,protein_coding
Prostate,19q13.33 KLK3,ENSG00000105379,SCLC,510,0.9221606838219286,0.0486964143991351,0.0249400504173436,0.0013141171320635,0.002888734229529,0.00273307,2.9950270221172626,0.0112758339522445,0.0,ETFB,protein_coding
Prostate,19q13.33 KLK3,ENSG00000105379,PRAD,589,0.9353141233024173,0.0559449959117326,0.0075322998157368,0.0004497791210783,0.0007588018490348,0.00273307,2.6405228758169934,0.0306175921346995,0.0,ETFB,protein_coding
Prostate,19q13.33 KLK3,ENSG00000105383,LUAD,561,0.9411508992938156,0.0415453577857505,0.0152313485058729,0.000670958143591,0.0014014362709697,0.00140645,2.8503174603174606,0.0172118907335878,0.0,CD33,protein_coding
Prostate,19q13.33 KLK3,ENSG00000105383,LUSC,526,0.9336068929463276,0.0401697711660173,0.0230670852430511,0.0009903283948778,0.0021659222497258,0.00140645,3.217961972400773,0.0056413062938313,0.0,CD33,protein_coding
Prostate,19q13.33 KLK3,ENSG00000105383,SCLC,510,0.9356108411259418,0.0363752220188169,0.0253038130534744,0.0009820482738729,0.0017280755278937,0.00140645,2.9950270221172626,0.0112758339522445,0.0,CD33,protein_coding
Prostate,19q13.33 KLK3,ENSG00000105383,PRAD,589,0.9469406406504344,0.0443942071739963,0.007625930834767,0.0003568343768541,0.0006823869639479,0.00140645,2.6405228758169934,0.0306175921346995,0.0,CD33,protein_coding
Prostate,19q13.33 KLK3,ENSG00000105472,LUAD,561,0.933437091501982,0.0491656857417783,0.0151065101883694,0.0007941885192586,0.0014965240486117,0.00366304,2.8503174603174606,0.0172118907335878,0.0,CLEC11A,protein_coding
Prostate,19q13.33 KLK3,ENSG00000105472,LUSC,526,0.9268226662867488,0.0472451446536177,0.0228994640141945,0.0011654417707598,0.0018672832746787,0.00366304,3.217961972400773,0.0056413062938313,0.0,CLEC11A,protein_coding
Prostate,19q13.33 KLK3,ENSG00000105472,SCLC,510,0.9258433458603388,0.0454050492265895,0.0250396488696733,0.0012255036764464,0.0024864523669516,0.00366304,2.9950270221172626,0.0112758339522445,0.0,CLEC11A,protein_coding
Prostate,19q13.33 KLK3,ENSG00000105472,PRAD,589,0.9391340729484272,0.0520329347234186,0.0075630627490636,0.0004181814460259,0.0008517481330644,0.00366304,2.6405228758169934,0.0306175921346995,0.0,CLEC11A,protein_coding
Prostate,19q13.33 KLK3,ENSG00000105492,LUAD,561,0.943217625315292,0.0396862461359652,0.0152647958779393,0.0006410819356276,0.001190250735176,0.0378071,2.8503174603174606,0.0172118907335878,0.0,SIGLEC6,protein_coding
Prostate,19q13.33 KLK3,ENSG00000105492,LUSC,526,0.9360304917970668,0.0382074502083941,0.0231269662933169,0.0009423175127271,0.0016927741884949,0.0378071,3.217961972400773,0.0056413062938313,0.0,SIGLEC6,protein_coding
Prostate,19q13.33 KLK3,ENSG00000105492,SCLC,510,0.9363596136806894,0.0355780827834261,0.0253240637815678,0.0009604397331462,0.0017778000211704,0.0378071,2.9950270221172626,0.0112758339522445,0.0,SIGLEC6,protein_coding
Prostate,19q13.33 KLK3,ENSG00000105492,PRAD,589,0.94886800649527,0.0425280816580212,0.0076414523553302,0.000341867834055,0.0006205916573234,0.0041099,2.6405228758169934,0.0306175921346995,0.0,SIGLEC6,protein_coding
Prostate,19q13.33 KLK3,ENSG00000105497,LUAD,561,0.936672003066968,0.0460937858847561,0.0151588631802955,0.0007446394833163,0.001330708384664,0.00458722,2.8503174603174606,0.0172118907335878,0.0,ZNF175,protein_coding
Prostate,19q13.33 KLK3,ENSG00000105497,LUSC,526,0.9265634271610124,0.044537120895266,0.022893058865457,0.0010954896741119,0.0049109034041525,0.00458722,3.217961972400773,0.0056413062938313,0.0,ZNF175,protein_coding
Prostate,19q13.33 KLK3,ENSG00000105497,SCLC,510,0.930103459928166,0.0415093331681452,0.0251548646465972,0.0011205177564019,0.0021118245006896,0.00458722,2.9950270221172626,0.0112758339522445,0.0,ZNF175,protein_coding
Prostate,19q13.33 KLK3,ENSG00000105497,PRAD,589,0.94273085496578,0.0485374410813131,0.0075920284621343,0.0003901336378239,0.0007495418529485,0.00458722,2.6405228758169934,0.0306175921346995,0.0,ZNF175,protein_coding
Prostate,19q13.33 KLK3,ENSG00000105501,LUAD,561,0.8524420467849942,0.1287456645219103,0.0137957068365808,0.0020806513948278,0.0029359304616864,0.00019981,2.8503174603174606,0.0172118907335878,0.0,SIGLEC5,protein_coding
Prostate,19q13.33 KLK3,ENSG00000105501,LUSC,526,0.8845362303959203,0.0867080310605001,0.021854672219395,0.0021375745295299,0.0047634917946542,0.00019981,3.217961972400773,0.0056413062938313,0.0,SIGLEC5,protein_coding
Prostate,19q13.33 KLK3,ENSG00000105501,SCLC,510,0.8510677414836261,0.1182198047920936,0.0230173252379464,0.003192779799174,0.0045023486871595,0.00019981,2.9950270221172626,0.0112758339522445,0.0,SIGLEC5,protein_coding
Prostate,19q13.33 KLK3,ENSG00000105501,PRAD,589,0.8583427391969554,0.1317629953321683,0.0069124315513001,0.0010591950763016,0.0019226388432744,0.00019981,2.6405228758169934,0.0306175921346995,0.0,SIGLEC5,protein_coding
Prostate,19q13.33 KLK3,ENSG00000105509,LUAD,561,0.9312954454967608,0.0510769451976177,0.015071850330204,0.0008248855102667,0.0017308734651503,0.000387552,2.8503174603174606,0.0172118907335878,0.0,HAS1,protein_coding
Prostate,19q13.33 KLK3,ENSG00000105509,LUSC,526,0.9262945165525616,0.0469291601015573,0.0228864147586335,0.0011567687282464,0.0027331398590009,0.000387552,3.217961972400773,0.0056413062938313,0.0,HAS1,protein_coding
Prostate,19q13.33 KLK3,ENSG00000105509,SCLC,510,0.926081903847742,0.045341421876424,0.0250461007259904,0.0012239627014642,0.0023066108483792,0.00625036,2.9950270221172626,0.0112758339522445,0.0,HAS1,protein_coding
Prostate,19q13.33 KLK3,ENSG00000105509,PRAD,589,0.9374713547798568,0.0538382123429025,0.0075496724971229,0.0004328636133888,0.0007078967667287,0.000387552,2.6405228758169934,0.0306175921346995,0.0,HAS1,protein_coding
Prostate,19q13.33 KLK3,ENSG00000105568,LUAD,561,0.9487885632080374,0.0343311317946976,0.0153549545300881,0.0005546356532599,0.0009707148139167,0.00552479,2.8503174603174606,0.0172118907335878,0.0,PPP2R1A,protein_coding
Prostate,19q13.33 KLK3,ENSG00000105568,LUSC,526,0.9415038607084478,0.0331407423203564,0.0232621995142789,0.0008175489916454,0.0012756484652712,0.00552479,3.217961972400773,0.0056413062938313,0.0,PPP2R1A,protein_coding
Prostate,19q13.33 KLK3,ENSG00000105568,SCLC,510,0.9408195468960222,0.031317929931441,0.0254446837138636,0.0008454282961543,0.0015724111625187,0.00552479,2.9950270221172626,0.0112758339522445,0.0,PPP2R1A,protein_coding
Prostate,19q13.33 KLK3,ENSG00000105568,PRAD,589,0.9546350788599136,0.0368733943155713,0.0076878959158702,0.0002964427394424,0.0005071881692024,0.00552479,2.6405228758169934,0.0306175921346995,0.0,PPP2R1A,protein_coding
Prostate,19q13.33 KLK3,ENSG00000129437,LUAD,561,0.940257068458674,0.0424990748460711,0.0152168829733366,0.0006864537759989,0.0013405199459195,0.0125489,2.8503174603174606,0.0172118907335878,0.0,KLK14,protein_coding
Prostate,19q13.33 KLK3,ENSG00000129437,LUSC,526,0.933684528348524,0.0404046419996085,0.0230690034191634,0.0009964520122508,0.0018453742204531,0.0125489,3.217961972400773,0.0056413062938313,0.0,KLK14,protein_coding
Prostate,19q13.33 KLK3,ENSG00000129437,SCLC,510,0.9334475388134686,0.0383871165026075,0.0252453060387127,0.0010363047703059,0.0018837338749049,0.0125489,2.9950270221172626,0.0112758339522445,0.0,KLK14,protein_coding
Prostate,19q13.33 KLK3,ENSG00000129437,PRAD,589,0.9460313250202748,0.0452907575431343,0.0076186079067978,0.0003640416222959,0.000695267907497,0.0125489,2.6405228758169934,0.0306175921346995,0.0,KLK14,protein_coding
Prostate,19q13.33 KLK3,ENSG00000129450,LUAD,561,0.935243324732844,0.0475016987150819,0.015135741810889,0.0007674036663627,0.0013518310748221,0.000855622,2.8503174603174606,0.0172118907335878,0.0,SIGLEC9,protein_coding
Prostate,19q13.33 KLK3,ENSG00000129450,LUSC,526,0.9277051398552412,0.0464287169538068,0.0229212677232105,0.0011453376349864,0.0017995378327548,0.000855622,3.217961972400773,0.0056413062938313,0.0,SIGLEC9,protein_coding
Prostate,19q13.33 KLK3,ENSG00000129450,SCLC,510,0.928964805411426,0.04288872348912,0.0251240694700584,0.0011580711828752,0.0018643304465199,0.000855622,2.9950270221172626,0.0112758339522445,0.0,SIGLEC9,protein_coding
Prostate,19q13.33 KLK3,ENSG00000129450,PRAD,589,0.941198599216318,0.0499406292056975,0.0075796888540692,0.000401303597337,0.0008797791265781,0.000855622,2.6405228758169934,0.0306175921346995,0.0,SIGLEC9,protein_coding
Prostate,19q13.33 KLK3,ENSG00000129451,LUAD,561,0.9384333943222508,0.0443006052287187,0.0151873690916053,0.0007155867641632,0.0013630445932619,0.00610755,2.8503174603174606,0.0172118907335878,0.0,KLK10,protein_coding
Prostate,19q13.33 KLK3,ENSG00000129451,LUSC,526,0.9312458662212554,0.0425938181268596,0.0230087501931068,0.0010502851587703,0.002101280300008,0.00610755,3.217961972400773,0.0056413062938313,0.0,KLK10,protein_coding
Prostate,19q13.33 KLK3,ENSG00000129451,SCLC,510,0.9311594165757316,0.0403944298833774,0.0251834232400082,0.001090304335998,0.0021724259648846,0.00610755,2.9950270221172626,0.0112758339522445,0.0,KLK10,protein_coding
Prostate,19q13.33 KLK3,ENSG00000129451,PRAD,589,0.9440668277391432,0.0472331752568656,0.0076027873582355,0.0003796620793634,0.0007175475663922,0.00610755,2.6405228758169934,0.0306175921346995,0.0,KLK10,protein_coding
Prostate,19q13.33 KLK3,ENSG00000129455,LUAD,561,0.9400031545533456,0.0427426175658587,0.0152127736948081,0.0006903846602997,0.0013510695256874,0.00258871,2.8503174603174606,0.0172118907335878,0.0,KLK8,protein_coding
Prostate,19q13.33 KLK3,ENSG00000129455,LUSC,526,0.9337475953142306,0.0400813300012955,0.0230705616457414,0.0009881968415222,0.0021123161972099,0.00258871,3.217961972400773,0.0056413062938313,0.0,KLK8,protein_coding
Prostate,19q13.33 KLK3,ENSG00000129455,SCLC,510,0.9333746857734164,0.0383661505156024,0.0252433357112808,0.0010356412874681,0.0019801867122321,0.0153555,2.9950270221172626,0.0112758339522445,0.0,KLK8,protein_coding
Prostate,19q13.33 KLK3,ENSG00000129455,PRAD,589,0.9458718675237584,0.0454856742549247,0.0076173237588932,0.0003656471119761,0.0006594873504472,0.00258871,2.6405228758169934,0.0306175921346995,0.0,KLK8,protein_coding
Prostate,19q13.33 KLK3,ENSG00000131398,LUAD,188,0.9804101068200968,0.0122692014681813,0.0066269292723616,8.232031244435092e-05,0.0006114421269156,0.0521617,2.8503174603174606,0.0172118907335878,0.0,KCNC3,protein_coding
Prostate,19q13.33 KLK3,ENSG00000131398,LUSC,195,0.9794955464402784,0.0127869682635357,0.0070558998235369,9.154223582575016e-05,0.0005700432368231,0.0521617,2.557111158667763,0.0380289054420105,0.0,KCNC3,protein_coding
Prostate,19q13.33 KLK3,ENSG00000131398,SCLC,163,0.9791474825404092,0.0108012878378827,0.0091262173591153,9.9849048101595e-05,0.000825163214491,0.061455,2.9950270221172626,0.0112758339522445,0.0,KCNC3,protein_coding
Prostate,19q13.33 KLK3,ENSG00000131398,PRAD,200,0.9841515186905238,0.0132167901432718,0.0024199500400847,3.231961062496149e-05,0.0001794215154948,0.0521617,2.442748091603053,0.0506149081043115,0.0,KCNC3,protein_coding
Prostate,19q13.33 KLK3,ENSG00000131400,LUAD,301,0.971998536815234,0.017824991352647,0.009361520089325,0.0001710322799547,0.000643919462839,0.0219598,2.8503174603174606,0.0172118907335878,0.0,NAPSA,protein_coding
Prostate,19q13.33 KLK3,ENSG00000131400,LUSC,311,0.9714465067122952,0.0186651946546278,0.0090540876936737,0.0001733026687815,0.0006609082706218,0.0219598,2.557111158667763,0.0380289054420105,0.0,NAPSA,protein_coding
Prostate,19q13.33 KLK3,ENSG00000131400,SCLC,274,0.96501670326696,0.0156793093125351,0.0179753489317468,0.0002910205972123,0.0010376178915455,0.0219598,2.9950270221172626,0.0112758339522445,0.0,NAPSA,protein_coding
Prostate,19q13.33 KLK3,ENSG00000131400,PRAD,320,0.9762708310678778,0.0196370795218578,0.0037704988971389,7.559524091345325e-05,0.0002459952722122,0.0219598,2.6405228758169934,0.0306175921346995,0.0,NAPSA,protein_coding
Prostate,19q13.33 KLK3,ENSG00000131401,LUAD,214,0.9792595929228016,0.0119301327854791,0.0081389066930722,9.858196176484384e-05,0.000572785636882,0.0528936,2.8503174603174606,0.0172118907335878,0.0,NAPSB,transcribed_unprocessed_pseudogene
Prostate,19q13.33 KLK3,ENSG00000131401,LUSC,221,0.9793226643699624,0.0125371372368914,0.0074836144658906,9.524273339806284e-05,0.0005613411938573,0.0528936,2.557111158667763,0.0380289054420105,0.0,NAPSB,transcribed_unprocessed_pseudogene
Prostate,19q13.33 KLK3,ENSG00000131401,SCLC,187,0.9770824724476622,0.0104179543521091,0.0117359809712406,0.0001244935461893,0.0006390986827988,0.0528936,2.9950270221172626,0.0112758339522445,0.0,NAPSB,transcribed_unprocessed_pseudogene
Prostate,19q13.33 KLK3,ENSG00000131401,PRAD,227,0.983850884756028,0.0130095907167336,0.0029055151134698,3.8224226455915576e-05,0.0001957851873123,0.0528936,2.6405228758169934,0.0306175921346995,0.0,NAPSB,transcribed_unprocessed_pseudogene
Prostate,19q13.33 KLK3,ENSG00000131408,LUAD,182,0.9849356606108765,0.0080300651988109,0.006569301117283,5.314691721396515e-05,0.0004118261558159,0.0408192,2.8503174603174606,0.0172118907335878,0.0,NR1H2,protein_coding
Prostate,19q13.33 KLK3,ENSG00000131408,LUSC,190,0.9839870839276492,0.0085754042255035,0.006952691660321,6.016775006190471e-05,0.000424652436464,0.0408192,2.557111158667763,0.0380289054420105,0.0,NR1H2,protein_coding
Prostate,19q13.33 KLK3,ENSG00000131408,SCLC,158,0.9831876387851736,0.0073203175060866,0.0090098910167056,6.666760295606612e-05,0.0004154850890779,0.0408192,2.9950270221172626,0.0112758339522445,0.0,NR1H2,protein_coding
Prostate,19q13.33 KLK3,ENSG00000131408,PRAD,194,0.988821054744589,0.008815979693946,0.0022188856880257,1.965838053680845e-05,0.0001244214929024,0.0408192,2.2427184466019416,0.08087156375869,0.0,NR1H2,protein_coding
Prostate,19q13.33 KLK3,ENSG00000131409,LUAD,561,0.9149790574178188,0.0672983075644485,0.0148077900255559,0.0010873112825404,0.0018275337096362,0.000595994,2.8503174603174606,0.0172118907335878,0.0,LRRC4B,protein_coding
Prostate,19q13.33 KLK3,ENSG00000131409,LUSC,526,0.9081369652585604,0.0654373172659694,0.0224377871974316,0.0016144185094289,0.0023735117686096,0.000595994,3.217961972400773,0.0056413062938313,0.0,LRRC4B,protein_coding
Prostate,19q13.33 KLK3,ENSG00000131409,SCLC,510,0.9078283522636732,0.0630240087659651,0.0245524291730941,0.0017016053876877,0.0028936044095796,0.000595994,2.9950270221172626,0.0112758339522445,0.0,LRRC4B,protein_coding
Prostate,19q13.33 KLK3,ENSG00000131409,PRAD,589,0.9216081478519846,0.0695992312097966,0.0074219224422024,0.0005596876102255,0.0008110108857905,0.000595994,2.6405228758169934,0.0306175921346995,0.0,LRRC4B,protein_coding
Prostate,19q13.33 KLK3,ENSG00000142512,LUAD,561,0.9301796685044372,0.0520159453930232,0.0150537928771031,0.0008399022347984,0.0019106909906377,0.00210756,2.8503174603174606,0.0172118907335878,0.0,SIGLEC10,protein_coding
Prostate,19q13.33 KLK3,ENSG00000142512,LUSC,526,0.9227983146365156,0.0508269012855731,0.0228000323762478,0.0012534840112256,0.0023212676904375,0.00210756,3.217961972400773,0.0056413062938313,0.0,SIGLEC10,protein_coding
Prostate,19q13.33 KLK3,ENSG00000142512,SCLC,510,0.923117178342708,0.046147897758144,0.024965919034376,0.001243555190646,0.0045254496741259,0.00210756,2.9950270221172626,0.0112758339522445,0.0,SIGLEC10,protein_coding
Prostate,19q13.33 KLK3,ENSG00000142512,PRAD,589,0.9363765347911582,0.0548853775405173,0.0075408556598768,0.000441248588986,0.0007559834194613,0.00210756,2.6405228758169934,0.0306175921346995,0.0,SIGLEC10,protein_coding
Prostate,19q13.33 KLK3,ENSG00000142513,LUAD,561,0.9446789829408584,0.0382111610234958,0.0152884461207467,0.0006171955670257,0.0012042143478731,0.00972395,2.8503174603174606,0.0172118907335878,0.0,ACPT,protein_coding
Prostate,19q13.33 KLK3,ENSG00000142513,LUSC,526,0.938099825251698,0.0361549400505594,0.0231780943339889,0.0008916223897478,0.0016755179740056,0.00972395,3.217961972400773,0.0056413062938313,0.0,ACPT,protein_coding
Prostate,19q13.33 KLK3,ENSG00000142513,SCLC,510,0.9379031429799284,0.0339631378738781,0.0253658088908736,0.0009166897515479,0.0018512205037717,0.0226785,2.9950270221172626,0.0112758339522445,0.0,ACPT,protein_coding
Prostate,19q13.33 KLK3,ENSG00000142513,PRAD,589,0.9505796689280196,0.0407635113966591,0.0076552367666906,0.0003276039564838,0.0006739789521466,0.00972395,2.6405228758169934,0.0306175921346995,0.0,ACPT,protein_coding
Prostate,19q13.33 KLK3,ENSG00000142515,LUAD,561,0.9357524350509648,0.0469319141715997,0.015143981123723,0.0007581206993066,0.0014135489544057,0.00428952,2.8503174603174606,0.0172118907335878,0.0,KLK3,protein_coding
Prostate,19q13.33 KLK3,ENSG00000142515,LUSC,526,0.9272918652416904,0.0467433836458147,0.0229110567438234,0.0011530111144767,0.0019006832541947,0.00428952,3.217961972400773,0.0056413062938313,0.0,KLK3,protein_coding
Prostate,19q13.33 KLK3,ENSG00000142515,SCLC,510,0.9261818592771556,0.0448501114955863,0.0250488040438533,0.001210272756235,0.0027089524271696,0.00428952,2.9950270221172626,0.0112758339522445,0.0,KLK3,protein_coding
Prostate,19q13.33 KLK3,ENSG00000142515,PRAD,589,0.9408763780835994,0.0503409341065337,0.0075770939331564,0.0004046061361846,0.0008009877405259,0.00428952,2.6405228758169934,0.0306175921346995,0.0,KLK3,protein_coding
Prostate,19q13.33 KLK3,ENSG00000142530,LUAD,561,0.9520263905213392,0.0310209616787144,0.0154073547097487,0.0005009911087804,0.001044301981417,0.0180302,2.8503174603174606,0.0172118907335878,0.0,FAM71E1,protein_coding
Prostate,19q13.33 KLK3,ENSG00000142530,LUSC,526,0.943546034009862,0.0304441929395361,0.0233126564956709,0.0007502528029363,0.0019468637519942,0.0164583,3.217961972400773,0.0056413062938313,0.0,FAM71E1,protein_coding
Prostate,19q13.33 KLK3,ENSG00000142530,SCLC,510,0.9441699417789589,0.0280373087657124,0.0255352959236057,0.0007567748653368,0.0015006786663859,0.0164583,2.9950270221172626,0.0112758339522445,0.0,FAM71E1,protein_coding
Prostate,19q13.33 KLK3,ENSG00000142530,PRAD,589,0.9572136001793656,0.0342631583709162,0.0077086613412771,0.00027538990683,0.0005391902016108,0.0164583,2.6405228758169934,0.0306175921346995,0.0,FAM71E1,protein_coding
Prostate,19q13.33 KLK3,ENSG00000142544,LUAD,561,0.949729219000246,0.0332426496228973,0.0153701778659059,0.0005368695635086,0.0011210839474422,0.0107309,2.8503174603174606,0.0172118907335878,0.0,CTU1,protein_coding
Prostate,19q13.33 KLK3,ENSG00000142544,LUSC,526,0.94176445342463,0.0325909734737122,0.0232686381068421,0.0008036689644618,0.0015722660303537,0.0107309,3.217961972400773,0.0056413062938313,0.0,CTU1,protein_coding
Prostate,19q13.33 KLK3,ENSG00000142544,SCLC,510,0.9417640415261874,0.0303189261257824,0.0254702277910602,0.0008183539661858,0.0016284505907839,0.0107309,2.9950270221172626,0.0112758339522445,0.0,CTU1,protein_coding
Prostate,19q13.33 KLK3,ENSG00000142544,PRAD,589,0.9552378777408528,0.0361817952349945,0.0076927503939399,0.0002907835280024,0.00059679310221,0.0107309,2.6405228758169934,0.0306175921346995,0.0,CTU1,protein_coding
Prostate,19q13.33 KLK3,ENSG00000142549,LUAD,561,0.9310897037777256,0.05159313386233,0.0150685206581746,0.0008335551642021,0.0014150865375673,0.000596581,2.8503174603174606,0.0172118907335878,0.0,IGLON5,protein_coding
Prostate,19q13.33 KLK3,ENSG00000142549,LUSC,526,0.9245645155663604,0.0493221250843381,0.0228436707723575,0.0012165729166501,0.0020531156602937,0.000596581,3.217961972400773,0.0056413062938313,0.0,IGLON5,protein_coding
Prostate,19q13.33 KLK3,ENSG00000142549,SCLC,510,0.923902826324767,0.0475398532261475,0.0249871670669874,0.0012834396863707,0.0022867136957272,0.000596581,2.9950270221172626,0.0112758339522445,0.0,IGLON5,protein_coding
Prostate,19q13.33 KLK3,ENSG00000142549,PRAD,589,0.9368371775790096,0.0543315680894112,0.007544565322224,0.0004366946230986,0.0008499943862563,0.000596581,2.6405228758169934,0.0306175921346995,0.0,IGLON5,protein_coding
Prostate,19q13.33 KLK3,ENSG00000142556,LUAD,561,0.9458733620178108,0.0370573131931591,0.0153077756501376,0.0005985632135181,0.0011629859253742,0.00110388,2.8503174603174606,0.0172118907335878,0.0,ZNF614,protein_coding
Prostate,19q13.33 KLK3,ENSG00000142556,LUSC,526,0.9385419602913244,0.0358206470570733,0.023189018382135,0.0008834734653106,0.0015649008041562,0.00110388,3.217961972400773,0.0056413062938313,0.0,ZNF614,protein_coding
Prostate,19q13.33 KLK3,ENSG00000142556,SCLC,510,0.938523059851606,0.0333884312979782,0.0253825746870146,0.0009011931578816,0.0018047410055192,0.00110388,2.9950270221172626,0.0112758339522445,0.0,ZNF614,protein_coding
Prostate,19q13.33 KLK3,ENSG00000142556,PRAD,589,0.951965194732617,0.0393809073417689,0.0076663947247527,0.0003164724761718,0.0006710307246892,0.00110388,2.6405228758169934,0.0306175921346995,0.0,ZNF614,protein_coding
Prostate,19q13.33 KLK3,ENSG00000160318,LUAD,561,0.8935332846220975,0.0887098037950452,0.0144607170538629,0.0014337946648039,0.0018623998641903,0.000445287,2.8503174603174606,0.0172118907335878,0.0,CLDND2,protein_coding
Prostate,19q13.33 KLK3,ENSG00000160318,LUSC,526,0.888120599871308,0.085434626402948,0.0219432330010859,0.0021084823269861,0.0023930583976717,0.000445287,3.217961972400773,0.0056413062938313,0.0,CLDND2,protein_coding
Prostate,19q13.33 KLK3,ENSG00000160318,SCLC,510,0.8872682357393096,0.0837772278255114,0.0239963760343083,0.0022630795530629,0.0026950808478075,0.000445287,2.9950270221172626,0.0112758339522445,0.0,CLDND2,protein_coding
Prostate,19q13.33 KLK3,ENSG00000160318,PRAD,589,0.8978696582328,0.0932118184796903,0.0072307509239608,0.0007497181645696,0.0009380541989791,0.000445287,2.6405228758169934,0.0306175921346995,0.0,CLDND2,protein_coding
Prostate,19q13.33 KLK3,ENSG00000161551,LUAD,561,0.9519955552353652,0.0310253075301237,0.0154068556792666,0.0005010344958642,0.0010712470593798,0.00654587,2.8503174603174606,0.0172118907335878,0.0,ZNF577,protein_coding
Prostate,19q13.33 KLK3,ENSG00000161551,LUSC,526,0.943593556118635,0.0306088289154582,0.0233138306478138,0.0007545381626622,0.0017292461554306,0.00654587,3.217961972400773,0.0056413062938313,0.0,ZNF577,protein_coding
Prostate,19q13.33 KLK3,ENSG00000161551,SCLC,510,0.9440498734720936,0.0280817511455382,0.0255320486482889,0.0007578990708507,0.0015784276632284,0.00654587,2.9950270221172626,0.0112758339522445,0.0,ZNF577,protein_coding
Prostate,19q13.33 KLK3,ENSG00000161551,PRAD,589,0.958276175679872,0.0332645245631694,0.0077172185062415,0.000267412200179,0.0004746690505378,0.00654587,2.6405228758169934,0.0306175921346995,0.0,ZNF577,protein_coding
Prostate,19q13.33 KLK3,ENSG00000161671,LUAD,561,0.9356968137068564,0.0468332620278853,0.0151430809619348,0.0007563672107851,0.0015704760925381,0.00293955,2.8503174603174606,0.0172118907335878,0.0,EMC10,protein_coding
Prostate,19q13.33 KLK3,ENSG00000161671,LUSC,526,0.928718658272008,0.0447618320385592,0.0229463092218237,0.0011034829088299,0.0024697175587791,0.00293955,3.217961972400773,0.0056413062938313,0.0,EMC10,protein_coding
Prostate,19q13.33 KLK3,ENSG00000161671,SCLC,510,0.9292109040840998,0.0419374849013223,0.0251307252659645,0.0011316197782503,0.002589265970363,0.00293955,2.9950270221172626,0.0112758339522445,0.0,EMC10,protein_coding
Prostate,19q13.33 KLK3,ENSG00000161671,PRAD,589,0.9417345427834412,0.049539595717427,0.0075840049309158,0.0003982101150666,0.0007436464531492,0.00293955,2.6405228758169934,0.0306175921346995,0.0,EMC10,protein_coding
Prostate,19q13.33 KLK3,ENSG00000161677,LUAD,561,0.9497271193804202,0.0333032171039603,0.0153701438861888,0.0005379092458923,0.0010616103835383,0.0275744,2.8503174603174606,0.0172118907335878,0.0,JOSD2,protein_coding
Prostate,19q13.33 KLK3,ENSG00000161677,LUSC,526,0.9442598438178994,0.0301719763373566,0.0233302929461017,0.0007439799701212,0.0014939069285207,0.0275744,3.217961972400773,0.0056413062938313,0.0,JOSD2,protein_coding
Prostate,19q13.33 KLK3,ENSG00000161677,SCLC,510,0.9416659720707904,0.0305373699670476,0.0254675754798037,0.0008243855844299,0.001504696897928,0.0275744,2.9950270221172626,0.0112758339522445,0.0,JOSD2,protein_coding
Prostate,19q13.33 KLK3,ENSG00000161677,PRAD,589,0.9557814222928416,0.0356835119340508,0.0076971276832663,0.0002868164093653,0.0005511216804757,0.0275744,2.6405228758169934,0.0306175921346995,0.0,JOSD2,protein_coding
Prostate,19q13.33 KLK3,ENSG00000161681,LUAD,561,0.9429762263671224,0.0398050692434117,0.0152608891383173,0.0006428802545332,0.0013149349966148,0.00787396,2.8503174603174606,0.0172118907335878,0.0,SHANK1,protein_coding
Prostate,19q13.33 KLK3,ENSG00000161681,LUSC,526,0.9365267613547228,0.0375926264556063,0.0231392278696575,0.0009270051545303,0.0018143791654827,0.00787396,3.217961972400773,0.0056413062938313,0.0,SHANK1,protein_coding
Prostate,19q13.33 KLK3,ENSG00000161681,SCLC,510,0.9362552668522326,0.0356348340573441,0.0253212416972953,0.0009619256528446,0.001826731740283,0.00787396,2.9950270221172626,0.0112758339522445,0.0,SHANK1,protein_coding
Prostate,19q13.33 KLK3,ENSG00000161681,PRAD,589,0.9488395275113952,0.0425511798877034,0.0076412230075211,0.0003420484198965,0.0006260211734835,0.00787396,2.6405228758169934,0.0306175921346995,0.0,SHANK1,protein_coding
Prostate,19q13.33 KLK3,ENSG00000167554,LUAD,361,0.9713307199398532,0.0198716311917806,0.0081415647844914,0.0001660713544756,0.0004900127293991,0.0239228,2.4626684892634056,0.0482013599301346,0.0,ZNF610,protein_coding
Prostate,19q13.33 KLK3,ENSG00000167554,LUSC,319,0.962935352064302,0.0184504464940135,0.0166281527241068,0.0003169367440402,0.001669111973537,0.0239228,3.217961972400773,0.0056413062938313,0.0,ZNF610,protein_coding
Prostate,19q13.33 KLK3,ENSG00000167554,SCLC,337,0.9643679025401386,0.017933635814405,0.0164586465543818,0.0003051345826086,0.0009346805084657,0.0239228,2.4462524323961623,0.050183174313664,0.0,ZNF610,protein_coding
Prostate,19q13.33 KLK3,ENSG00000167554,PRAD,377,0.973141377359667,0.0212932030711671,0.0051294181823134,0.0001119121649689,0.0003240892218833,0.0239228,2.168831168831169,0.0951867698080627,0.0,ZNF610,protein_coding
Prostate,19q13.33 KLK3,ENSG00000167555,LUAD,152,0.9856225660906336,0.0097626915721576,0.0042614282883483,4.189846420840805e-05,0.000311415584652,0.0365032,2.4626684892634056,0.0482013599301346,0.0,ZNF528,protein_coding
Prostate,19q13.33 KLK3,ENSG00000167555,LUSC,113,0.9788688843536436,0.0078578206279455,0.0124385566888791,9.911426277102851e-05,0.0007356240667608,0.0365032,3.217961972400773,0.0056413062938313,0.0,ZNF528,protein_coding
Prostate,19q13.33 KLK3,ENSG00000167555,SCLC,132,0.986453660373601,0.0083104656402153,0.0048511260190697,4.052451444888601e-05,0.0003442234526649,0.0365032,1.8594274252370533,0.1775087856162763,0.0,ZNF528,protein_coding
Prostate,19q13.33 KLK3,ENSG00000167555,PRAD,157,0.9871426111456688,0.0102323083034612,0.0024255541837383,2.496772367171241e-05,0.0001745586434599,0.0365032,2.168831168831169,0.0951867698080627,0.0,ZNF528,protein_coding
Prostate,19q13.33 KLK3,ENSG00000167747,LUAD,561,0.9469642201883116,0.0361032913983861,0.0153254298233184,0.0005832627557809,0.001023795834203,0.00427457,2.8503174603174606,0.0172118907335878,0.0,C19orf48,protein_coding
Prostate,19q13.33 KLK3,ENSG00000167747,LUSC,526,0.9387419430123152,0.0343275034908378,0.0231939594537006,0.0008452551939011,0.0028913388492451,0.00427457,3.217961972400773,0.0056413062938313,0.0,C19orf48,protein_coding
Prostate,19q13.33 KLK3,ENSG00000167747,SCLC,510,0.939852104136854,0.0323865527724142,0.0254185189991746,0.0008744334702564,0.0014683906213007,0.00427457,2.9950270221172626,0.0112758339522445,0.0,C19orf48,protein_coding
Prostate,19q13.33 KLK3,ENSG00000167747,PRAD,589,0.9533431568656354,0.0381539546532179,0.0076774917708274,0.0003067439218312,0.000518652788488,0.00427457,2.6405228758169934,0.0306175921346995,0.0,C19orf48,protein_coding
Prostate,19q13.33 KLK3,ENSG00000167748,LUAD,561,0.9335381851471534,0.0492153202565088,0.0151081462623959,0.0007951451125391,0.0013432032214024,0.0027721,2.8503174603174606,0.0172118907335878,0.0,KLK1,protein_coding
Prostate,19q13.33 KLK3,ENSG00000167748,LUSC,526,0.9262346893463252,0.0475755436326186,0.0228849365783881,0.0011733408947602,0.0021314895479078,0.0027721,3.217961972400773,0.0056413062938313,0.0,KLK1,protein_coding
Prostate,19q13.33 KLK3,ENSG00000167748,SCLC,510,0.9259385441600976,0.0456679025488222,0.025042223529857,0.0012329807090658,0.0021183490521573,0.0027721,2.9950270221172626,0.0112758339522445,0.0,KLK1,protein_coding
Prostate,19q13.33 KLK3,ENSG00000167748,PRAD,589,0.9391914990205096,0.0520677845119911,0.0075635252144337,0.0004185552114824,0.0007586360415831,0.0027721,2.6405228758169934,0.0306175921346995,0.0,KLK1,protein_coding
Prostate,19q13.33 KLK3,ENSG00000167749,LUAD,561,0.9584273141656856,0.0246843704944311,0.0155109456417232,0.0003985067561344,0.0009788629420254,0.0164395,2.8503174603174606,0.0172118907335878,0.0,KLK4,protein_coding
Prostate,19q13.33 KLK3,ENSG00000167749,LUSC,526,0.9504707029002274,0.0242178224662079,0.023483747699882,0.0005971310694681,0.0012305958642144,0.00466701,3.217961972400773,0.0056413062938313,0.0,KLK4,protein_coding
Prostate,19q13.33 KLK3,ENSG00000167749,SCLC,510,0.9512039882022768,0.0213166620263579,0.0257255333469888,0.0005753356072303,0.0011784808171458,0.0164395,2.9950270221172626,0.0112758339522445,0.0,KLK4,protein_coding
Prostate,19q13.33 KLK3,ENSG00000167749,PRAD,589,0.9642309324127304,0.0273453457185307,0.0077651735321779,0.000219779591467,0.0004387687450937,0.00466701,2.6405228758169934,0.0306175921346995,0.0,KLK4,protein_coding
Prostate,19q13.33 KLK3,ENSG00000167751,LUAD,561,0.955490496849064,0.0273996855433744,0.0154634169318414,0.0004422254169305,0.0012041752587895,0.00661631,2.8503174603174606,0.0172118907335878,0.0,KLK2,protein_coding
Prostate,19q13.33 KLK3,ENSG00000167751,LUSC,526,0.9475330986141852,0.0269798697147706,0.0234111668642129,0.0006651942562757,0.0014106705505553,0.00661631,3.217961972400773,0.0056413062938313,0.0,KLK2,protein_coding
Prostate,19q13.33 KLK3,ENSG00000167751,SCLC,510,0.9468582163064742,0.0250025551016489,0.0256080009341621,0.0006743430399041,0.0018568846178106,0.00661631,2.9950270221172626,0.0112758339522445,0.0,KLK2,protein_coding
Prostate,19q13.33 KLK3,ENSG00000167751,PRAD,589,0.9619280549202812,0.0295782057496185,0.0077466279299253,0.0002376906750149,0.0005094207251599,0.00661631,2.6405228758169934,0.0306175921346995,0.0,KLK2,protein_coding
Prostate,19q13.33 KLK3,ENSG00000167754,LUAD,561,0.9236587748702604,0.0589386701638468,0.0149482603811065,0.0009523466074581,0.0015019479773281,0.00146654,2.8503174603174606,0.0172118907335878,0.0,KLK5,protein_coding
Prostate,19q13.33 KLK3,ENSG00000167754,LUSC,526,0.9248724115921262,0.0489668537192267,0.0228512781110843,0.0012077464576252,0.0021017101199373,0.00299374,3.217961972400773,0.0056413062938313,0.0,KLK5,protein_coding
Prostate,19q13.33 KLK3,ENSG00000167754,SCLC,510,0.916840444120424,0.0542936816511216,0.0247961632958086,0.0014657813328363,0.0026039295998091,0.00146654,2.9950270221172626,0.0112758339522445,0.0,KLK5,protein_coding
Prostate,19q13.33 KLK3,ENSG00000167754,PRAD,589,0.9294722800013168,0.0617066042660906,0.0074852541076435,0.0004960977166272,0.0008397639083217,0.00146654,2.6405228758169934,0.0306175921346995,0.0,KLK5,protein_coding
Prostate,19q13.33 KLK3,ENSG00000167755,LUAD,561,0.9376418542296742,0.0451473057273443,0.0151745590066174,0.0007293456604515,0.0013069353759126,0.0080619,2.8503174603174606,0.0172118907335878,0.0,KLK6,protein_coding
Prostate,19q13.33 KLK3,ENSG00000167755,LUSC,526,0.9312718837529952,0.0428059178391546,0.0230093930210754,0.0010557698555757,0.0018570355311988,0.0080619,3.217961972400773,0.0056413062938313,0.0,KLK6,protein_coding
Prostate,19q13.33 KLK3,ENSG00000167755,SCLC,510,0.931614619423498,0.0398943428199048,0.0251957343070191,0.001076733220658,0.0022185702289196,0.0080619,2.9950270221172626,0.0112758339522445,0.0,KLK6,protein_coding
Prostate,19q13.33 KLK3,ENSG00000167755,PRAD,589,0.9435441406842652,0.0478129096149733,0.0075985780391319,0.000384388377807,0.0006599832838225,0.0080619,2.6405228758169934,0.0306175921346995,0.0,KLK6,protein_coding
Prostate,19q13.33 KLK3,ENSG00000167757,LUAD,561,0.9477299912234513,0.0352357957696238,0.0153378228683876,0.0005691199512217,0.0011272701873154,0.0106972,2.8503174603174606,0.0172118907335878,0.0,KLK11,protein_coding
Prostate,19q13.33 KLK3,ENSG00000167757,LUSC,526,0.940177906711386,0.0337777320695019,0.0232294385159297,0.000832580717532,0.00198234198565,0.0106972,3.217961972400773,0.0056413062938313,0.0,KLK11,protein_coding
Prostate,19q13.33 KLK3,ENSG00000167757,SCLC,510,0.9399835019362088,0.0318048093935632,0.0254220726832539,0.0008582370968487,0.0019313788901252,0.0106972,2.9950270221172626,0.0112758339522445,0.0,KLK11,protein_coding
Prostate,19q13.33 KLK3,ENSG00000167757,PRAD,589,0.9534768875266876,0.0379394879532898,0.0076785687346073,0.0003049353044634,0.0006001204809516,0.00791962,2.6405228758169934,0.0306175921346995,0.0,KLK11,protein_coding
Prostate,19q13.33 KLK3,ENSG00000167759,LUAD,561,0.9409445807374598,0.0418598428150508,0.015228009498454,0.000676157716934,0.0012914092321011,0.0213035,2.8503174603174606,0.0172118907335878,0.0,KLK13,protein_coding
Prostate,19q13.33 KLK3,ENSG00000167759,LUSC,526,0.9341636154701932,0.0399573449554712,0.0230808404605969,0.0009854330320562,0.0018127660816824,0.0166527,3.217961972400773,0.0056413062938313,0.0,KLK13,protein_coding
Prostate,19q13.33 KLK3,ENSG00000167759,SCLC,510,0.9338377768403135,0.0378476367074804,0.0252558601170149,0.0010215609821517,0.0020371653530391,0.0213035,2.9950270221172626,0.0112758339522445,0.0,KLK13,protein_coding
Prostate,19q13.33 KLK3,ENSG00000167759,PRAD,589,0.9465495365298082,0.0448011644236386,0.0076227811833052,0.0003601276940058,0.0006663901692422,0.0166527,2.6405228758169934,0.0306175921346995,0.0,KLK13,protein_coding
Prostate,19q13.33 KLK3,ENSG00000168995,LUAD,561,0.9192754245852236,0.0633646011119725,0.0148773213469253,0.0010240180694297,0.0014586348864488,8.62859e-05,2.8503174603174606,0.0172118907335878,0.0,SIGLEC7,protein_coding
Prostate,19q13.33 KLK3,ENSG00000168995,LUSC,526,0.9130539123588176,0.0608923277652778,0.0225592726307056,0.0015025047450001,0.0019919825001987,8.62859e-05,3.217961972400773,0.0056413062938313,0.0,SIGLEC7,protein_coding
Prostate,19q13.33 KLK3,ENSG00000168995,SCLC,510,0.9133314751895788,0.0573837744462571,0.024701262414017,0.0015489229766293,0.0030345649735175,0.00317225,2.9950270221172626,0.0112758339522445,0.0,SIGLEC7,protein_coding
Prostate,19q13.33 KLK3,ENSG00000168995,PRAD,589,0.925103474230403,0.0659701385555938,0.0074500711096716,0.0005303267136579,0.0009459893906736,8.62859e-05,2.6405228758169934,0.0306175921346995,0.0,SIGLEC7,protein_coding
Prostate,19q13.33 KLK3,ENSG00000169035,LUAD,561,0.9280281944594436,0.054669628242574,0.0150189739644237,0.0008833596152313,0.0013998437183275,0.00147169,2.8503174603174606,0.0172118907335878,0.0,KLK7,protein_coding
Prostate,19q13.33 KLK3,ENSG00000169035,LUSC,526,0.9222579628187542,0.051654010347768,0.0227866816377992,0.0012742139385545,0.0020271312571236,0.00147169,3.217961972400773,0.0056413062938313,0.0,KLK7,protein_coding
Prostate,19q13.33 KLK3,ENSG00000169035,SCLC,510,0.9205670888728168,0.0501508587322459,0.0248969512708793,0.0013533098606832,0.0030317912633747,0.00147169,2.9950270221172626,0.0112758339522445,0.0,KLK7,protein_coding
Prostate,19q13.33 KLK3,ENSG00000169035,PRAD,589,0.93397913716146,0.0573220034131256,0.0075215488652133,0.0004609108814552,0.0007163996787455,0.00147169,2.6405228758169934,0.0306175921346995,0.0,KLK7,protein_coding
Prostate,19q13.33 KLK3,ENSG00000171049,LUAD,561,0.94287920917163,0.0399722841901926,0.0152593190365231,0.000645657824228,0.0012435297774263,0.0132254,2.8503174603174606,0.0172118907335878,0.0,FPR2,protein_coding
Prostate,19q13.33 KLK3,ENSG00000171049,LUSC,526,0.936017110281704,0.0381067588408728,0.0231266356696273,0.0009397126731798,0.0018097825346161,0.0132254,3.217961972400773,0.0056413062938313,0.0,FPR2,protein_coding
Prostate,19q13.33 KLK3,ENSG00000171049,SCLC,510,0.9357983367897972,0.0359938848642546,0.0253088839173614,0.0009715356384719,0.0019273587901145,0.0132254,2.9950270221172626,0.0112758339522445,0.0,FPR2,protein_coding
Prostate,19q13.33 KLK3,ENSG00000171049,PRAD,589,0.9486805558196928,0.0426878424478904,0.0076399427719144,0.0003431264836312,0.0006485324768709,0.0132254,2.6405228758169934,0.0306175921346995,0.0,FPR2,protein_coding
Prostate,19q13.33 KLK3,ENSG00000171051,LUAD,561,0.9469337732808778,0.03598136798261,0.0153249370782565,0.0005811345867694,0.0011787870714859,0.00676838,2.8503174603174606,0.0172118907335878,0.0,FPR1,protein_coding
Prostate,19q13.33 KLK3,ENSG00000171051,LUSC,526,0.939619172462496,0.0347225434619771,0.0232156335937031,0.0008563206500163,0.0015863298318071,0.00676838,3.217961972400773,0.0056413062938313,0.0,FPR1,protein_coding
Prostate,19q13.33 KLK3,ENSG00000171051,SCLC,510,0.9390168783787712,0.0330669965309347,0.0253959301240666,0.0008926771029037,0.0016275178633235,0.00676838,2.9950270221172626,0.0112758339522445,0.0,FPR1,protein_coding
Prostate,19q13.33 KLK3,ENSG00000171051,PRAD,589,0.952855297854265,0.0385753955276127,0.0076735629299707,0.0003100708621129,0.0005856728260383,0.00676838,2.6405228758169934,0.0306175921346995,0.0,FPR1,protein_coding
Prostate,19q13.33 KLK3,ENSG00000171101,LUAD,561,0.9521154125710708,0.0309929519483318,0.0154087954201227,0.0005005998681656,0.0009822401923088,0.00333477,2.8503174603174606,0.0172118907335878,0.0,SIGLEC17P,transcribed_unprocessed_pseudogene
Prostate,19q13.33 KLK3,ENSG00000171101,LUSC,526,0.9444911695994586,0.0299048023369552,0.0233360084260992,0.0007373419998188,0.0015306776376681,0.00333477,3.217961972400773,0.0056413062938313,0.0,SIGLEC17P,transcribed_unprocessed_pseudogene
Prostate,19q13.33 KLK3,ENSG00000171101,SCLC,510,0.9443077021429306,0.0279265129082956,0.0255390216847266,0.0007538060870638,0.0014729571769832,0.00333477,2.9950270221172626,0.0112758339522445,0.0,SIGLEC17P,transcribed_unprocessed_pseudogene
Prostate,19q13.33 KLK3,ENSG00000171101,PRAD,589,0.9572515722252312,0.0342419411114425,0.0077089671388984,0.0002752359459813,0.0005222835784463,0.000164673,2.6405228758169934,0.0306175921346995,0.0,SIGLEC17P,transcribed_unprocessed_pseudogene
Prostate,19q13.33 KLK3,ENSG00000174562,LUAD,561,0.9378903877083832,0.0448786258505522,0.0151785812096801,0.0007249769202341,0.0013274283111502,0.00677137,2.8503174603174606,0.0172118907335878,0.0,KLK15,protein_coding
Prostate,19q13.33 KLK3,ENSG00000174562,LUSC,526,0.9319463876594808,0.0420791501690955,0.0230260583212411,0.0010377596401882,0.0019106442099942,0.00677137,3.217961972400773,0.0056413062938313,0.0,KLK15,protein_coding
Prostate,19q13.33 KLK3,ENSG00000174562,SCLC,510,0.9323486500300736,0.0394934067658188,0.0252155863356916,0.0010662322573359,0.0018761246110798,0.00677137,2.9950270221172626,0.0112758339522445,0.0,KLK15,protein_coding
Prostate,19q13.33 KLK3,ENSG00000174562,PRAD,589,0.9438518142550922,0.0474870685855904,0.0076010558051819,0.0003817459729361,0.0006783153811992,0.00677137,2.6405228758169934,0.0306175921346995,0.0,KLK15,protein_coding
Prostate,19q13.33 KLK3,ENSG00000176024,LUAD,561,0.9525502941037476,0.0303702613809651,0.0154158334330364,0.0004903313617296,0.0011732797205211,0.00828421,2.8503174603174606,0.0172118907335878,0.0,ZNF613,protein_coding
Prostate,19q13.33 KLK3,ENSG00000176024,LUSC,526,0.9449789367359074,0.0292927912238475,0.0233480599289321,0.0007220932986977,0.0016581188126151,0.00828421,3.217961972400773,0.0056413062938313,0.0,ZNF613,protein_coding
Prostate,19q13.33 KLK3,ENSG00000176024,SCLC,510,0.946065267406794,0.0262396582672067,0.0255865554465335,0.0007082574062183,0.0014002614732471,0.0255627,2.9950270221172626,0.0112758339522445,0.0,ZNF613,protein_coding
Prostate,19q13.33 KLK3,ENSG00000176024,PRAD,589,0.958828911964798,0.032666673224806,0.007721669818708,0.0002625520419087,0.0005201929497789,0.00828421,2.6405228758169934,0.0306175921346995,0.0,ZNF613,protein_coding
Prostate,19q13.33 KLK3,ENSG00000180279,LUAD,561,0.938031191070704,0.0446838365229097,0.0151808599357419,0.0007217695843663,0.0013823428862779,0.00103257,2.8503174603174606,0.0172118907335878,0.0,LINC01869,lincRNA
Prostate,19q13.33 KLK3,ENSG00000180279,LUSC,526,0.9333536512796862,0.0407662394440089,0.0230608282764888,0.0010054176892821,0.0018138633105337,0.00103257,3.217961972400773,0.0056413062938313,0.0,LINC01869,lincRNA
Prostate,19q13.33 KLK3,ENSG00000180279,SCLC,510,0.93201220583923,0.0397427530028845,0.0252064871242098,0.0010728863412958,0.0019656676923794,0.00994985,2.9950270221172626,0.0112758339522445,0.0,LINC01869,lincRNA
Prostate,19q13.33 KLK3,ENSG00000180279,PRAD,589,0.9435746504140796,0.0477751790069007,0.0075988237410052,0.0003840772382238,0.0006672695997904,0.00103257,2.6405228758169934,0.0306175921346995,0.0,LINC01869,lincRNA
Prostate,19q13.33 KLK3,ENSG00000182310,LUAD,561,0.9062407739196005,0.075477360780216,0.0146663718519087,0.0012191101649328,0.0023963832833417,0.000697199,2.8503174603174606,0.0172118907335878,0.0,SPACA6,protein_coding
Prostate,19q13.33 KLK3,ENSG00000182310,LUSC,526,0.91261531745311,0.0609870382848752,0.0225484360503916,0.0015044920708057,0.0023447161408173,0.000697199,3.217961972400773,0.0056413062938313,0.0,SPACA6,protein_coding
Prostate,19q13.33 KLK3,ENSG00000182310,SCLC,510,0.8995393684112923,0.0706566079835636,0.0243282516747322,0.0019073559992424,0.0035684159311693,0.000697199,2.9950270221172626,0.0112758339522445,0.0,SPACA6,protein_coding
Prostate,19q13.33 KLK3,ENSG00000182310,PRAD,589,0.912855622479986,0.078297069831526,0.0073514363417531,0.0006296781233559,0.0008661932233788,0.000697199,2.6405228758169934,0.0306175921346995,0.0,SPACA6,protein_coding
Prostate,19q13.33 KLK3,ENSG00000186474,LUAD,561,0.9436201702986312,0.0392195399984471,0.0152713105643037,0.0006334636165582,0.0012555155220593,0.0161735,2.8503174603174606,0.0172118907335878,0.0,KLK12,protein_coding
Prostate,19q13.33 KLK3,ENSG00000186474,LUSC,526,0.9360606746662802,0.0380604334309224,0.0231277120363296,0.0009385652563886,0.0018126146100789,0.0129308,3.217961972400773,0.0056413062938313,0.0,KLK12,protein_coding
Prostate,19q13.33 KLK3,ENSG00000186474,SCLC,510,0.9358754213221088,0.0359112614075149,0.0253109686864867,0.0009692953734254,0.0019330532104639,0.0129308,2.9950270221172626,0.0112758339522445,0.0,KLK12,protein_coding
Prostate,19q13.33 KLK3,ENSG00000186474,PRAD,589,0.9492007694391223,0.042133647497577,0.0076441321718734,0.0003386291349172,0.0006828217565099,0.0129308,2.6405228758169934,0.0306175921346995,0.0,KLK12,protein_coding
Prostate,19q13.33 KLK3,ENSG00000186806,LUAD,561,0.9072681599714684,0.0750459679810507,0.0146829988083488,0.0012127348577033,0.0017901383814286,0.00263217,2.8503174603174606,0.0172118907335878,0.0,VSIG10L,protein_coding
Prostate,19q13.33 KLK3,ENSG00000186806,LUSC,526,0.9005367177730409,0.0732017103034362,0.0222500041401927,0.001806425561197,0.002205142222133,0.00263217,3.217961972400773,0.0056413062938313,0.0,VSIG10L,protein_coding
Prostate,19q13.33 KLK3,ENSG00000186806,SCLC,510,0.9080112314035612,0.0623848076113181,0.0245573751820155,0.0016838489111411,0.0033627368919637,0.00268744,2.9950270221172626,0.0112758339522445,0.0,VSIG10L,protein_coding
Prostate,19q13.33 KLK3,ENSG00000186806,PRAD,589,0.913100931876918,0.0780619973839288,0.0073534118747631,0.0006277953605736,0.000855863503816,0.00263217,2.6405228758169934,0.0306175921346995,0.0,VSIG10L,protein_coding
Prostate,19q13.33 KLK3,ENSG00000187474,LUAD,561,0.8909349772212868,0.0898104710048224,0.014418666702982,0.0014500841839767,0.0033858008869317,3.43033e-05,2.8503174603174606,0.0172118907335878,0.0,FPR3,protein_coding
Prostate,19q13.33 KLK3,ENSG00000187474,LUSC,526,0.8815836189474091,0.0876623353781097,0.0217817205943728,0.002159103266217,0.006813221813891,3.43033e-05,3.217961972400773,0.0056413062938313,0.0,FPR3,protein_coding
Prostate,19q13.33 KLK3,ENSG00000187474,SCLC,510,0.8845946698006069,0.0856614142321504,0.0239240688209613,0.0023132262731344,0.0035066208731467,3.43033e-05,2.9950270221172626,0.0112758339522445,0.0,FPR3,protein_coding
Prostate,19q13.33 KLK3,ENSG00000187474,PRAD,589,0.8983368374534618,0.092669026683916,0.0072345132257053,0.0007452706395638,0.0010143519973528,3.43033e-05,2.6405228758169934,0.0306175921346995,0.0,FPR3,protein_coding
Prostate,19q13.33 KLK3,ENSG00000196214,LUAD,507,0.9225967615443552,0.0630920077382981,0.0121786859610594,0.0008315414484814,0.0013010033078057,0.000590578,2.8503174603174606,0.0172118907335878,0.0,ZNF766,protein_coding
Prostate,19q13.33 KLK3,ENSG00000196214,LUSC,472,0.9155003497782692,0.0614114091023731,0.0200483804832006,0.0013431408829763,0.0016967197531807,0.000590578,3.217961972400773,0.0056413062938313,0.0,ZNF766,protein_coding
Prostate,19q13.33 KLK3,ENSG00000196214,SCLC,461,0.9333627472563188,0.0403506122310661,0.0232418658158155,0.0010027372059675,0.0020420374908321,0.00346856,2.9950270221172626,0.0112758339522445,0.0,ZNF766,protein_coding
Prostate,19q13.33 KLK3,ENSG00000196214,PRAD,535,0.9259932643681874,0.0659776700940269,0.0068499075343211,0.000487368931091,0.0006917890723734,0.000590578,2.6405228758169934,0.0306175921346995,0.0,ZNF766,protein_coding
Prostate,19q13.33 KLK3,ENSG00000196267,LUAD,561,0.94506955162872,0.0378910365136038,0.0152947669857692,0.0006120864086763,0.0011325584632305,0.00448554,2.8503174603174606,0.0172118907335878,0.0,ZNF836,protein_coding
Prostate,19q13.33 KLK3,ENSG00000196267,LUSC,526,0.9388618903874972,0.035468277458672,0.0231969230525653,0.0008747340218492,0.0015981750794161,0.00448554,3.217961972400773,0.0056413062938313,0.0,ZNF836,protein_coding
Prostate,19q13.33 KLK3,ENSG00000196267,SCLC,510,0.9374014687576636,0.0345172767375234,0.0253522409947186,0.0009317305036427,0.0017972830064516,0.00448554,2.9950270221172626,0.0112758339522445,0.0,ZNF836,protein_coding
Prostate,19q13.33 KLK3,ENSG00000196267,PRAD,589,0.9507275746976231,0.0406429152136323,0.0076564278858808,0.0003266603247512,0.0006464218781123,0.00448554,2.6405228758169934,0.0306175921346995,0.0,ZNF836,protein_coding
Prostate,19q13.33 KLK3,ENSG00000197588,LUAD,561,0.9439292419310342,0.0387811962294742,0.0152763125015594,0.0006262380759466,0.0013870112619852,0.00179081,2.8503174603174606,0.0172118907335878,0.0,KLKP1,transcribed_unprocessed_pseudogene
Prostate,19q13.33 KLK3,ENSG00000197588,LUSC,526,0.941889725566949,0.0325083084452528,0.0232717332673506,0.000801670222429,0.0015285624980182,0.00179081,3.217961972400773,0.0056413062938313,0.0,KLKP1,transcribed_unprocessed_pseudogene
Prostate,19q13.33 KLK3,ENSG00000197588,SCLC,510,0.936279514699516,0.0357157769462541,0.0253218974859711,0.0009642229159105,0.001718587952348,0.00179081,2.9950270221172626,0.0112758339522445,0.0,KLKP1,transcribed_unprocessed_pseudogene
Prostate,19q13.33 KLK3,ENSG00000197588,PRAD,589,0.9503589488571011,0.041022134592503,0.0076534592571801,0.0003297249551936,0.0006357323380218,0.00179081,2.6405228758169934,0.0306175921346995,0.0,KLKP1,transcribed_unprocessed_pseudogene
Prostate,19q13.33 KLK3,ENSG00000197608,LUAD,561,0.9535747292323298,0.0295530555082021,0.0154324126324792,0.0004773167020316,0.0009624859249571,0.0128041,2.8503174603174606,0.0172118907335878,0.0,ZNF841,protein_coding
Prostate,19q13.33 KLK3,ENSG00000197608,LUSC,526,0.9463504752758084,0.0281646240958067,0.0233819472070286,0.0006944687520616,0.0014084846692943,0.0128041,3.217961972400773,0.0056413062938313,0.0,ZNF841,protein_coding
Prostate,19q13.33 KLK3,ENSG00000197608,SCLC,510,0.9458636589052584,0.0263667878235565,0.0255811028976654,0.0007116190848563,0.0014768312886635,0.0128041,2.9950270221172626,0.0112758339522445,0.0,ZNF841,protein_coding
Prostate,19q13.33 KLK3,ENSG00000197608,PRAD,589,0.9597709574549368,0.0317450645052885,0.0077292563277695,0.0002551507368374,0.0004995709751677,0.0128041,2.6405228758169934,0.0306175921346995,0.0,ZNF841,protein_coding
Prostate,19q13.33 KLK3,ENSG00000197619,LUAD,561,0.9517353367005594,0.0313037070456924,0.0154026443682066,0.0005055585370369,0.0010527533485043,0.0165427,2.8503174603174606,0.0172118907335878,0.0,ZNF615,protein_coding
Prostate,19q13.33 KLK3,ENSG00000197619,LUSC,526,0.944126766104083,0.0302682183980095,0.0233270049294946,0.0007463200865532,0.0015316904818594,0.0165427,3.217961972400773,0.0056413062938313,0.0,ZNF615,protein_coding
Prostate,19q13.33 KLK3,ENSG00000197619,SCLC,510,0.944795874995339,0.0274780265076103,0.0255522244331901,0.0007417174685097,0.0014321565953504,0.0245633,2.9950270221172626,0.0112758339522445,0.0,ZNF615,protein_coding
Prostate,19q13.33 KLK3,ENSG00000197619,PRAD,589,0.9578009436533182,0.0336849931628338,0.0077133913533986,0.0002707430708372,0.0005299287596121,0.0165427,2.6405228758169934,0.0306175921346995,0.0,ZNF615,protein_coding
Prostate,19q13.33 KLK3,ENSG00000198093,LUAD,561,0.9488222126667444,0.0340587427338008,0.015355499104431,0.000549984531329,0.0012135609636947,0.0125178,2.8503174603174606,0.0172118907335878,0.0,ZNF649,protein_coding
Prostate,19q13.33 KLK3,ENSG00000198093,LUSC,526,0.9407215393704396,0.0336037256457251,0.0232428703157397,0.0008286605930439,0.0016032040750516,0.0125178,3.217961972400773,0.0056413062938313,0.0,ZNF649,protein_coding
Prostate,19q13.33 KLK3,ENSG00000198093,SCLC,510,0.9412550475129452,0.0308582505625261,0.0254564619294538,0.000832971303057,0.0015972686920174,0.0146383,2.9950270221172626,0.0112758339522445,0.0,ZNF649,protein_coding
Prostate,19q13.33 KLK3,ENSG00000198093,PRAD,589,0.954592541985616,0.0368602125237724,0.0076875533566354,0.0002962803598354,0.0005634117741406,0.0125178,2.6405228758169934,0.0306175921346995,0.0,ZNF649,protein_coding
Prostate,19q13.33 KLK3,ENSG00000198464,LUAD,440,0.9510765239415632,0.0365775986525939,0.0109337452058187,0.0004195099701911,0.0009926222298333,0.00800413,2.8503174603174606,0.0172118907335878,0.0,ZNF480,protein_coding
Prostate,19q13.33 KLK3,ENSG00000198464,LUSC,403,0.9440193193685308,0.0348896846361453,0.0189646287356821,0.0006994802896671,0.0014268869699748,0.00800413,3.217961972400773,0.0056413062938313,0.0,ZNF480,protein_coding
Prostate,19q13.33 KLK3,ENSG00000198464,SCLC,395,0.9439216962542538,0.0319717322402066,0.0211995909584614,0.000715863832563,0.002191116714515,0.00800413,2.9950270221172626,0.0112758339522445,0.0,ZNF480,protein_coding
Prostate,19q13.33 KLK3,ENSG00000198464,PRAD,462,0.9544263013084155,0.0386634837481219,0.0061492970626955,0.0002485936011543,0.0005123242796126,0.00800413,2.6405228758169934,0.0306175921346995,0.0,ZNF480,protein_coding
Prostate,19q13.33 KLK3,ENSG00000204611,LUAD,561,0.9446808600142288,0.0382617349665852,0.0152884764988281,0.000618067396174,0.0011508611241835,0.00971589,2.8503174603174606,0.0172118907335878,0.0,ZNF616,protein_coding
Prostate,19q13.33 KLK3,ENSG00000204611,LUSC,526,0.937390813926624,0.036904448637447,0.0231605764420396,0.0009101824068739,0.0016339785870153,0.00971589,3.217961972400773,0.0056413062938313,0.0,ZNF616,protein_coding
Prostate,19q13.33 KLK3,ENSG00000204611,SCLC,510,0.9376360981537478,0.0344024916306316,0.0253585866013687,0.000928749322414,0.0016740742918377,0.00971589,2.9950270221172626,0.0112758339522445,0.0,ZNF616,protein_coding
Prostate,19q13.33 KLK3,ENSG00000204611,PRAD,589,0.9505515424834566,0.0408686510845886,0.0076550102579617,0.0003285283817393,0.0005962677922536,0.00971589,2.6405228758169934,0.0306175921346995,0.0,ZNF616,protein_coding
Prostate,19q13.33 KLK3,ENSG00000204653,LUAD,561,0.9376375238634552,0.0451207166680003,0.015174488925064,0.00072888389856,0.0013383866449202,0.0103322,2.8503174603174606,0.0172118907335878,0.0,ASPDH,protein_coding
Prostate,19q13.33 KLK3,ENSG00000204653,LUSC,526,0.9309468591475684,0.0431085773507542,0.0230013624780962,0.0010632248725485,0.0018799761510325,0.0103322,3.217961972400773,0.0056413062938313,0.0,ASPDH,protein_coding
Prostate,19q13.33 KLK3,ENSG00000204653,SCLC,510,0.9310395029183384,0.0405342356338492,0.0251801801472223,0.0010941058656029,0.0021519754349872,0.0103322,2.9950270221172626,0.0112758339522445,0.0,ASPDH,protein_coding
Prostate,19q13.33 KLK3,ENSG00000204653,PRAD,589,0.943305258317863,0.048016650822477,0.0075966542644773,0.0003859936930059,0.0006954429021767,0.0103322,2.6405228758169934,0.0306175921346995,0.0,ASPDH,protein_coding
Prostate,19q13.33 KLK3,ENSG00000213023,LUAD,561,0.9062616364255192,0.0758069552253201,0.0146667094854366,0.0012248007233501,0.0020398981403737,0.00398427,2.8503174603174606,0.0172118907335878,0.0,SYT3,protein_coding
Prostate,19q13.33 KLK3,ENSG00000213023,LUSC,526,0.9055284920019808,0.0678185184626821,0.0223733383641824,0.0016730188994756,0.0026066322716786,0.00393315,3.217961972400773,0.0056413062938313,0.0,SYT3,protein_coding
Prostate,19q13.33 KLK3,ENSG00000213023,SCLC,510,0.8983481171207753,0.0716645673103028,0.0242960340061995,0.0019344280563603,0.0037568535063619,0.00393315,2.9950270221172626,0.0112758339522445,0.0,SYT3,protein_coding
Prostate,19q13.33 KLK3,ENSG00000213023,PRAD,589,0.9114036069196788,0.0796656571946685,0.0073397429263915,0.0006406154880042,0.0009503774712569,0.00393315,2.6405228758169934,0.0306175921346995,0.0,SYT3,protein_coding
Prostate,19q13.33 KLK3,ENSG00000221923,LUAD,252,0.9714693476327778,0.0216381204801987,0.0061699474490251,0.0001368412034661,0.0005857432345319,0.0013923,2.4626684892634056,0.0482013599301346,0.0,ZNF880,protein_coding
Prostate,19q13.33 KLK3,ENSG00000221923,LUSC,207,0.964457284570785,0.0193176140426665,0.0146625409737474,0.0002924134738361,0.001270146938965,0.0013923,3.217961972400773,0.0056413062938313,0.0,ZNF880,protein_coding
Prostate,19q13.33 KLK3,ENSG00000221923,SCLC,230,0.9712486936513708,0.0196903662295499,0.0079004680129207,0.0001591668469103,0.0010013052592482,0.0013923,2.072736090291861,0.1167036515640011,0.0,ZNF880,protein_coding
Prostate,19q13.33 KLK3,ENSG00000221923,PRAD,261,0.9731114210109844,0.02257466516058,0.0038355402000464,8.858875741767816e-05,0.0003897848709713,0.0013923,2.168831168831169,0.0951867698080627,0.0,ZNF880,protein_coding
Prostate,19q13.33 KLK3,ENSG00000235034,LUAD,561,0.941487195956269,0.0413928130288094,0.0152367910461404,0.000668676310376,0.001214523658405,0.00222186,2.8503174603174606,0.0172118907335878,0.0,C19orf81,protein_coding
Prostate,19q13.33 KLK3,ENSG00000235034,LUSC,526,0.9343580198372824,0.0398577674799149,0.0230856437050258,0.0009830699894257,0.001715498988351,0.00222186,3.217961972400773,0.0056413062938313,0.0,C19orf81,protein_coding
Prostate,19q13.33 KLK3,ENSG00000235034,SCLC,510,0.934476791826043,0.0373968130031924,0.0252731424260974,0.0010095618245287,0.0018436909201382,0.00222186,2.9950270221172626,0.0112758339522445,0.0,C19orf81,protein_coding
Prostate,19q13.33 KLK3,ENSG00000235034,PRAD,589,0.947295652985234,0.0440718197991197,0.0076287898307742,0.0003542710377718,0.0006494663471002,0.00222186,2.6405228758169934,0.0306175921346995,0.0,C19orf81,protein_coding
Prostate,19q13.33 KLK3,ENSG00000243680,LUAD,561,0.9058981170731404,0.0762645081379135,0.0146608263800293,0.0012323012951783,0.0019442471137384,0.000654561,2.8503174603174606,0.0172118907335878,0.0,RPL37P23,processed_pseudogene
Prostate,19q13.33 KLK3,ENSG00000243680,LUSC,526,0.8999997167559347,0.0735371272440413,0.0222367361916259,0.0018145061012339,0.002411913707164,0.000654561,3.217961972400773,0.0056413062938313,0.0,RPL37P23,processed_pseudogene
Prostate,19q13.33 KLK3,ENSG00000243680,SCLC,510,0.8969778859073588,0.0714544437955961,0.0242589757839769,0.001927120496468,0.0053815740165999,0.000654561,2.9950270221172626,0.0112758339522445,0.0,RPL37P23,processed_pseudogene
Prostate,19q13.33 KLK3,ENSG00000243680,PRAD,589,0.9119213757164596,0.0791893448531692,0.0073439126376312,0.0006368214672822,0.0009085453254576,0.000654561,2.6405228758169934,0.0306175921346995,0.0,RPL37P23,processed_pseudogene
Prostate,19q13.33 KLK3,ENSG00000254415,LUAD,561,0.9461928367614508,0.036737282971397,0.0153129459487187,0.0005933833601864,0.0011635509582467,0.00276357,2.8503174603174606,0.0172118907335878,0.0,SIGLEC14,protein_coding
Prostate,19q13.33 KLK3,ENSG00000254415,LUSC,526,0.9388706700114168,0.0353251057895093,0.0231971399750568,0.0008710587585306,0.0017360254654864,0.00276357,3.217961972400773,0.0056413062938313,0.0,SIGLEC14,protein_coding
Prostate,19q13.33 KLK3,ENSG00000254415,SCLC,510,0.939694211515589,0.0322855889796056,0.0254142487564675,0.0008714367576013,0.0017345139907365,0.00276357,2.9950270221172626,0.0112758339522445,0.0,SIGLEC14,protein_coding
Prostate,19q13.33 KLK3,ENSG00000254415,PRAD,589,0.952142292380884,0.0392748150952584,0.0076678209328577,0.0003156897397762,0.0005993818512233,0.00276357,2.6405228758169934,0.0306175921346995,0.0,SIGLEC14,protein_coding
Prostate,19q13.33 KLK3,ENSG00000254521,LUAD,561,0.9194193315853254,0.0628408104945767,0.0148796503014772,0.0010151547563634,0.001845052862257,0.0015667,2.8503174603174606,0.0172118907335878,0.0,SIGLEC12,protein_coding
Prostate,19q13.33 KLK3,ENSG00000254521,LUSC,526,0.9138347278746086,0.0596939218380328,0.0225785646241537,0.001472466803261,0.0024203188599437,0.0015667,3.217961972400773,0.0056413062938313,0.0,SIGLEC12,protein_coding
Prostate,19q13.33 KLK3,ENSG00000254521,SCLC,510,0.9128912450489668,0.0578243875154205,0.0246893562873574,0.0015608398533594,0.0030341712948957,0.0015667,2.9950270221172626,0.0112758339522445,0.0,SIGLEC12,protein_coding
Prostate,19q13.33 KLK3,ENSG00000254521,PRAD,589,0.925360009153801,0.0657551192582654,0.0074521370444288,0.0005286370056414,0.000904097537863,0.0015667,2.6405228758169934,0.0306175921346995,0.0,SIGLEC12,protein_coding
Prostate,19q13.33 KLK3,ENSG00000256087,LUAD,561,0.9523027483588072,0.0307730283805499,0.0154118272152076,0.0004970075323564,0.0010153885130784,0.00163727,2.8503174603174606,0.0172118907335878,0.0,ZNF432,protein_coding
Prostate,19q13.33 KLK3,ENSG00000256087,LUSC,526,0.9445740431062296,0.0298431375654813,0.0233380560226406,0.0007358401724487,0.0015089231331994,0.00163727,3.217961972400773,0.0056413062938313,0.0,ZNF432,protein_coding
Prostate,19q13.33 KLK3,ENSG00000256087,SCLC,510,0.9444860576584144,0.0278288104210021,0.0255438453511726,0.0007512466177704,0.00139003995164,0.00163727,2.9950270221172626,0.0112758339522445,0.0,ZNF432,protein_coding
Prostate,19q13.33 KLK3,ENSG00000256087,PRAD,589,0.9584278617206748,0.0330896727332221,0.0077184400688254,0.0002659807024413,0.0004980447748362,0.00163727,2.6405228758169934,0.0306175921346995,0.0,ZNF432,protein_coding
Prostate,19q13.33 KLK3,ENSG00000256683,LUAD,561,0.9569146954608552,0.0262861999736718,0.0154864658025528,0.0004245211052357,0.0008881176576845,0.0152557,2.8503174603174606,0.0172118907335878,0.0,ZNF350,protein_coding
Prostate,19q13.33 KLK3,ENSG00000256683,LUSC,526,0.9488203462166682,0.0256762374688449,0.0234429715246109,0.0006329679661507,0.001427476823725,0.0152557,3.217961972400773,0.0056413062938313,0.0,ZNF350,protein_coding
Prostate,19q13.33 KLK3,ENSG00000256683,SCLC,510,0.9492575521346728,0.0232127939218888,0.0256728915303165,0.0006265652194792,0.0012301971936426,0.0462913,2.9950270221172626,0.0112758339522445,0.0,ZNF350,protein_coding
Prostate,19q13.33 KLK3,ENSG00000256683,PRAD,589,0.9629937483527754,0.0285796455898748,0.0077552102043134,0.0002297167819712,0.0004416790710651,0.0152557,2.6405228758169934,0.0306175921346995,0.0,ZNF350,protein_coding
Prostate,19q13.33 KLK3,ENSG00000260160,LUAD,561,0.9481936198525998,0.0337874494403251,0.0153453261170517,0.000544678624169,0.002128925965854,0.000770091,2.8503174603174606,0.0172118907335878,0.0,CTC-471J1.2,sense_overlapping
Prostate,19q13.33 KLK3,ENSG00000260160,LUSC,526,0.9425116443648288,0.0318888292172391,0.0232870993213432,0.0007863669464382,0.0015260601501502,0.000770091,3.217961972400773,0.0056413062938313,0.0,CTC-471J1.2,sense_overlapping
Prostate,19q13.33 KLK3,ENSG00000260160,SCLC,510,0.943250057490344,0.0289729194082983,0.0255104174388268,0.0007820948408655,0.0014845108216652,0.00892852,2.9950270221172626,0.0112758339522445,0.0,CTC-471J1.2,sense_overlapping
Prostate,19q13.33 KLK3,ENSG00000260160,PRAD,589,0.954086981379692,0.0373322596106904,0.0076834819607653,0.0003000480463984,0.0005972290024538,0.000770091,2.6405228758169934,0.0306175921346995,0.0,CTC-471J1.2,sense_overlapping
Prostate,19q13.33 KLK3,ENSG00000261341,LUAD,561,0.8992754483122989,0.0829792944524068,0.0145536467810818,0.0013410654034165,0.0018505450507956,0.00012633,2.8503174603174606,0.0172118907335878,0.0,CTD-2568A17.1,protein_coding
Prostate,19q13.33 KLK3,ENSG00000261341,LUSC,526,0.8943295161866159,0.0789797739297462,0.0220966397539648,0.0019487468434585,0.0026453232862143,0.00012633,3.217961972400773,0.0056413062938313,0.0,CTD-2568A17.1,protein_coding
Prostate,19q13.33 KLK3,ENSG00000261341,SCLC,510,0.891129872455498,0.0784144062243609,0.0241008148984724,0.002116497466029,0.0042384089556394,0.00012633,2.9950270221172626,0.0112758339522445,0.0,CTD-2568A17.1,protein_coding
Prostate,19q13.33 KLK3,ENSG00000261341,PRAD,589,0.9048843689901794,0.0857712809086702,0.0072872420035125,0.0006893681179401,0.0013677399796977,0.00012633,2.6405228758169934,0.0306175921346995,0.0,CTD-2568A17.1,protein_coding
Prostate,19q13.33 KLK3,ENSG00000267808,LUAD,561,0.9316613857501076,0.0508018204893767,0.0150777726148613,0.0008205253391184,0.0016384958065357,0.00081685,2.8503174603174606,0.0172118907335878,0.0,AC018755.17,lincRNA
Prostate,19q13.33 KLK3,ENSG00000267808,LUSC,526,0.9263801863205818,0.0472352243078691,0.0228885314437786,0.001164732621861,0.0023313253059092,0.00081685,3.217961972400773,0.0056413062938313,0.0,AC018755.17,lincRNA
Prostate,19q13.33 KLK3,ENSG00000267808,SCLC,510,0.9256621450354608,0.0456915168024129,0.0250347482511722,0.0012333594806746,0.0023782304302793,0.00081685,2.9950270221172626,0.0112758339522445,0.0,AC018755.17,lincRNA
Prostate,19q13.33 KLK3,ENSG00000267808,PRAD,589,0.9375031540248028,0.0537487368886812,0.0075499285837582,0.000432084848083,0.0007660956546743,0.00081685,2.6405228758169934,0.0306175921346995,0.0,AC018755.17,lincRNA
Prostate,19q13.33 KLK3,ENSG00000267927,LUAD,561,0.9308460798742608,0.0517398962857773,0.015064577910438,0.0008358318026152,0.0015136141269084,0.00113509,2.8503174603174606,0.0172118907335878,0.0,CTD-2525I3.2,antisense
Prostate,19q13.33 KLK3,ENSG00000267927,LUSC,526,0.92413916841023,0.0495459680013143,0.0228331615107159,0.0012218968242343,0.0022598052535053,0.00113509,3.217961972400773,0.0056413062938313,0.0,CTD-2525I3.2,antisense
Prostate,19q13.33 KLK3,ENSG00000267927,SCLC,510,0.9241778033193264,0.0468016195095432,0.0249946038838332,0.001262997721739,0.002762975565558,0.00113509,2.9950270221172626,0.0112758339522445,0.0,CTD-2525I3.2,antisense
Prostate,19q13.33 KLK3,ENSG00000267927,PRAD,589,0.9362014355761156,0.0550423424114992,0.0075394455456142,0.0004424943645209,0.0007742821022497,0.00113509,2.6405228758169934,0.0306175921346995,0.0,CTD-2525I3.2,antisense
Prostate,19q13.33 KLK3,ENSG00000267968,LUAD,561,0.9330680131406756,0.0494822334654044,0.0151005371173653,0.0007992580134724,0.0015499582630823,0.00217207,2.8503174603174606,0.0172118907335878,0.0,AC011523.2,antisense
Prostate,19q13.33 KLK3,ENSG00000267968,LUSC,526,0.926382697713212,0.0472674763247761,0.022888593493993,0.0011655651463089,0.0022956673217096,0.00217207,3.217961972400773,0.0056413062938313,0.0,AC011523.2,antisense
Prostate,19q13.33 KLK3,ENSG00000267968,SCLC,510,0.927296818191482,0.0439517864910299,0.0250789583673074,0.0011862000628533,0.0024862368873274,0.00217207,2.9950270221172626,0.0112758339522445,0.0,AC011523.2,antisense
Prostate,19q13.33 KLK3,ENSG00000267968,PRAD,589,0.9387464148738752,0.052191019672875,0.0075599408494036,0.0004192228869094,0.0010834017169366,0.00217207,2.6405228758169934,0.0306175921346995,0.0,AC011523.2,antisense
Prostate,19q13.33 KLK3,ENSG00000268316,LUAD,561,0.9207140505573308,0.061685990340027,0.0149006037063931,0.0009966077437935,0.0017027476524554,0.000738854,2.8503174603174606,0.0172118907335878,0.0,AC006272.2,lincRNA
Prostate,19q13.33 KLK3,ENSG00000268316,LUSC,526,0.9143861293869606,0.0591361927621447,0.0225921883728478,0.0014586802259466,0.0024268092521,0.000738854,3.217961972400773,0.0056413062938313,0.0,AC006272.2,lincRNA
Prostate,19q13.33 KLK3,ENSG00000268316,SCLC,510,0.9150507802398083,0.0560400542340429,0.0247477614194375,0.0015129678793534,0.0026484362273576,0.000738854,2.9950270221172626,0.0112758339522445,0.0,AC006272.2,lincRNA
Prostate,19q13.33 KLK3,ENSG00000268316,PRAD,589,0.9266570268491204,0.064545466531866,0.0074625822263244,0.0005189835506357,0.000815940842053,0.000738854,2.6405228758169934,0.0306175921346995,0.0,AC006272.2,lincRNA
Prostate,19q13.33 KLK3,ENSG00000268520,LUAD,561,0.942303891281814,0.0405412317847278,0.0152500082370668,0.0006548590485636,0.0012500096478277,0.0196417,2.8503174603174606,0.0172118907335878,0.0,CTD-2616J11.10,sense_intronic
Prostate,19q13.33 KLK3,ENSG00000268520,LUSC,526,0.9357816218051818,0.038402256304763,0.0231208173398755,0.0009470752277451,0.0017482293224343,0.0196417,3.217961972400773,0.0056413062938313,0.0,CTD-2616J11.10,sense_intronic
Prostate,19q13.33 KLK3,ENSG00000268520,SCLC,510,0.9356781709459812,0.0361800880197105,0.025305634004135,0.0009766394373656,0.0018594675928078,0.0196417,2.9950270221172626,0.0112758339522445,0.0,CTD-2616J11.10,sense_intronic
Prostate,19q13.33 KLK3,ENSG00000268520,PRAD,589,0.947897656164009,0.0434984652326257,0.0076336379008713,0.0003496825897748,0.000620558112719,0.0164147,2.6405228758169934,0.0306175921346995,0.0,CTD-2616J11.10,sense_intronic
Prostate,19q13.33 KLK3,ENSG00000268849,LUAD,561,0.9412012780838755,0.0414378280111995,0.0152321638234902,0.0006691597748362,0.0014595703065984,0.00292198,2.8503174603174606,0.0172118907335878,0.0,SIGLEC22P,transcribed_unprocessed_pseudogene
Prostate,19q13.33 KLK3,ENSG00000268849,LUSC,526,0.9345813709024202,0.0395158113754468,0.0230911621497776,0.0009744994544325,0.0018371561179225,0.00292198,3.217961972400773,0.0056413062938313,0.0,SIGLEC22P,transcribed_unprocessed_pseudogene
Prostate,19q13.33 KLK3,ENSG00000268849,SCLC,510,0.935775840845258,0.0359714110738382,0.0253082755093032,0.0009708815973931,0.0019735909742073,0.00292198,2.9950270221172626,0.0112758339522445,0.0,SIGLEC22P,transcribed_unprocessed_pseudogene
Prostate,19q13.33 KLK3,ENSG00000268849,PRAD,589,0.9471275382663122,0.0442610721974963,0.0076274359642658,0.0003558164601111,0.0006281371118142,0.00292198,2.6405228758169934,0.0306175921346995,0.0,SIGLEC22P,transcribed_unprocessed_pseudogene
Prostate,19q13.33 KLK3,ENSG00000268906,LUAD,561,0.9352307593666472,0.0473997407482921,0.0151355384561753,0.0007656371111304,0.0014683243177547,0.0121729,2.8503174603174606,0.0172118907335878,0.0,CTC-518B2.9,antisense
Prostate,19q13.33 KLK3,ENSG00000268906,LUSC,526,0.934316690412469,0.0397392525143924,0.0230846225585749,0.0009799778241097,0.0018794566904538,0.0145865,3.217961972400773,0.0056413062938313,0.0,CTC-518B2.9,antisense
Prostate,19q13.33 KLK3,ENSG00000268906,SCLC,510,0.9278421955799508,0.0438342308137066,0.0250937082257686,0.0011834605742685,0.0020464048063053,0.0145865,2.9950270221172626,0.0112758339522445,0.0,CTC-518B2.9,antisense
Prostate,19q13.33 KLK3,ENSG00000268906,PRAD,589,0.9408686011950186,0.05043034525507,0.0075770313040834,0.0004054085587874,0.0007186136870403,0.0121729,2.6405228758169934,0.0306175921346995,0.0,CTC-518B2.9,antisense
Prostate,19q13.33 KLK3,ENSG00000269102,LUAD,440,0.9383380308894594,0.0490994890223967,0.0107873012196287,0.0005632445412483,0.0012119343272668,0.00594686,2.8503174603174606,0.0172118907335878,0.0,CTD-2525I3.5,antisense
Prostate,19q13.33 KLK3,ENSG00000269102,LUSC,403,0.9345192083078624,0.0441466259766957,0.018773778744038,0.000885196883824,0.0016751900875799,0.00539176,3.217961972400773,0.0056413062938313,0.0,CTD-2525I3.5,antisense
Prostate,19q13.33 KLK3,ENSG00000269102,SCLC,395,0.935736429304012,0.0402785879161233,0.0210157575833843,0.0009025524196698,0.0020666727768107,0.00539176,2.9950270221172626,0.0112758339522445,0.0,CTD-2525I3.5,antisense
Prostate,19q13.33 KLK3,ENSG00000269102,PRAD,462,0.9415706245018308,0.051376878600971,0.0060664689014039,0.0003303617084835,0.0006556662873107,0.00539176,2.6405228758169934,0.0306175921346995,0.0,CTD-2525I3.5,antisense
Prostate,19q13.33 KLK3,ENSG00000269235,LUAD,561,0.9337033803639836,0.0473640617763158,0.0151108197400719,0.0007634697476029,0.0030582683720255,0.000970872,2.8503174603174606,0.0172118907335878,0.0,ZNF350-AS1,antisense
Prostate,19q13.33 KLK3,ENSG00000269235,LUSC,526,0.9285524569315574,0.0454128223301516,0.0229422028034621,0.0011200645106681,0.0019724534241606,0.000970872,3.217961972400773,0.0056413062938313,0.0,ZNF350-AS1,antisense
Prostate,19q13.33 KLK3,ENSG00000269235,SCLC,510,0.9246235374478434,0.0432474865377854,0.0250066588671273,0.001163679706069,0.0059586374411746,0.000970872,2.9950270221172626,0.0112758339522445,0.0,ZNF350-AS1,antisense
Prostate,19q13.33 KLK3,ENSG00000269235,PRAD,589,0.9413076627950354,0.0500379619208258,0.00758056716816,0.0004022957068019,0.0006715124091765,0.000970872,2.6405228758169934,0.0306175921346995,0.0,ZNF350-AS1,antisense
Prostate,19q13.33 KLK3,ENSG00000269388,LUAD,561,0.9333502294651266,0.0492599941683804,0.0151051044350983,0.0007957223574958,0.0014889495738988,0.00300428,2.8503174603174606,0.0172118907335878,0.0,AC018755.16,transcribed_processed_pseudogene
Prostate,19q13.33 KLK3,ENSG00000269388,LUSC,526,0.9252707739113244,0.0485434899126479,0.0228611206450716,0.0011972605547214,0.0021273549762344,0.00300428,3.217961972400773,0.0056413062938313,0.0,AC018755.16,transcribed_processed_pseudogene
Prostate,19q13.33 KLK3,ENSG00000269388,SCLC,510,0.9267031457565786,0.0446475154229335,0.0250629023580699,0.0012051211353761,0.0023813153270414,0.00300428,2.9950270221172626,0.0112758339522445,0.0,AC018755.16,transcribed_processed_pseudogene
Prostate,19q13.33 KLK3,ENSG00000269388,PRAD,589,0.93852512058037,0.0527577673747596,0.0075581587155465,0.0004241356205483,0.0007348177087753,0.00300428,2.6405228758169934,0.0306175921346995,0.0,AC018755.16,transcribed_processed_pseudogene
Prostate,19q13.33 KLK3,ENSG00000269392,LUAD,307,0.9482854666902948,0.0410239407065382,0.0092629137294763,0.0003996965219835,0.001027982351707,0.00309139,2.8503174603174606,0.0172118907335878,0.0,CTB-191K22.6,antisense
Prostate,19q13.33 KLK3,ENSG00000269392,LUSC,317,0.9475837606717932,0.0420274125975048,0.0089418421396902,0.000395538813135,0.0010514457778766,0.00309139,2.557111158667763,0.0380289054420105,0.0,CTB-191K22.6,antisense
Prostate,19q13.33 KLK3,ENSG00000269392,SCLC,279,0.938659154306427,0.038953580827577,0.0177166237599425,0.0007312859206332,0.0039393551854198,0.00309139,2.9950270221172626,0.0112758339522445,0.0,CTB-191K22.6,antisense
Prostate,19q13.33 KLK3,ENSG00000269392,PRAD,326,0.9522362147831664,0.0433375813738491,0.0037914001033641,0.0001720891248863,0.0004627146147337,0.00309139,2.6405228758169934,0.0306175921346995,0.0,CTB-191K22.6,antisense
Prostate,19q13.33 KLK3,ENSG00000269404,LUAD,500,0.9423929633011612,0.0414361746813557,0.0142915307405448,0.0006271336108981,0.0012521976660397,0.0112718,2.8503174603174606,0.0172118907335878,0.0,SPIB,protein_coding
Prostate,19q13.33 KLK3,ENSG00000269404,LUSC,461,0.9446641203669174,0.039974353882221,0.0134757863033298,0.0005689238010091,0.0013168156465226,0.0112718,2.557111158667763,0.0380289054420105,0.0,SPIB,protein_coding
Prostate,19q13.33 KLK3,ENSG00000269404,SCLC,457,0.9367564730032588,0.0373614017506433,0.023091666121172,0.0009191118964515,0.0018713472284743,0.0112718,2.9950270221172626,0.0112758339522445,0.0,SPIB,protein_coding
Prostate,19q13.33 KLK3,ENSG00000269404,PRAD,527,0.9484804158440624,0.0439478297272252,0.0066300793232015,0.0003065695475974,0.0006351055579133,0.0112718,2.6405228758169934,0.0306175921346995,0.0,SPIB,protein_coding
Prostate,19q13.33 KLK3,ENSG00000269535,LUAD,346,0.9669625929770972,0.0246293042515892,0.0076025006777988,0.0001930291497312,0.0006125729437833,0.0503844,2.4626684892634056,0.0482013599301346,0.0,CTD-2525I3.6,antisense
Prostate,19q13.33 KLK3,ENSG00000269535,LUSC,304,0.9600517058124278,0.0220038584967887,0.0163724942429644,0.0003740506967787,0.0011978907510404,0.0503844,3.217961972400773,0.0056413062938313,0.0,CTD-2525I3.6,antisense
Prostate,19q13.33 KLK3,ENSG00000269535,SCLC,322,0.9614742923174509,0.0226637962951514,0.0144252480148217,0.0003389330798154,0.0010977302927605,0.052309,2.397528561436232,0.0564685404865534,0.0,CTD-2525I3.6,antisense
Prostate,19q13.33 KLK3,ENSG00000269535,PRAD,361,0.9684196517340908,0.0261211927469472,0.0049344655665919,0.0001327054034866,0.0003919845488831,0.0503844,2.168831168831169,0.0951867698080627,0.0,CTD-2525I3.6,antisense
Prostate,19q13.33 KLK3,ENSG00000269834,LUAD,152,0.9865657967324456,0.0088480376806736,0.0042655064313188,3.797260443551298e-05,0.0002826865511263,0.0354085,2.4626684892634056,0.0482013599301346,0.0,ZNF528-AS1,processed_transcript
Prostate,19q13.33 KLK3,ENSG00000269834,LUSC,113,0.9792658771044508,0.0074672281761342,0.012443601304062,9.415746475995376e-05,0.0007291359505928,0.0354085,3.217961972400773,0.0056413062938313,0.0,ZNF528-AS1,processed_transcript
Prostate,19q13.33 KLK3,ENSG00000269834,SCLC,132,0.987836851723882,0.0069840870790596,0.0048579281992615,3.405887430742156e-05,0.0002870741234894,0.0485499,1.8594274252370533,0.1775087856162763,0.0,ZNF528-AS1,processed_transcript
Prostate,19q13.33 KLK3,ENSG00000269834,PRAD,157,0.9880366200175316,0.0093458507384514,0.0024277508946643,2.2797144853168464e-05,0.0001669812044995,0.0354085,2.168831168831169,0.0951867698080627,0.0,ZNF528-AS1,processed_transcript
Prostate,19q13.33 KLK3,ENSG00000269959,LUAD,561,0.9528649686535556,0.030072928480601,0.0154209260464926,0.0004855370410914,0.0011556397782591,0.00582175,2.8503174603174606,0.0172118907335878,0.0,SPACA6P-AS,lincRNA
Prostate,19q13.33 KLK3,ENSG00000269959,LUSC,526,0.945433687907015,0.0290871594615249,0.0233592956900513,0.0007172681835409,0.0014025887578678,0.00582175,3.217961972400773,0.0056413062938313,0.0,SPACA6P-AS,lincRNA
Prostate,19q13.33 KLK3,ENSG00000269959,SCLC,510,0.9461856840274936,0.0261558692384217,0.0255898121420791,0.0007060289682743,0.0013626056237312,0.0422186,2.9950270221172626,0.0112758339522445,0.0,SPACA6P-AS,lincRNA
Prostate,19q13.33 KLK3,ENSG00000269959,PRAD,589,0.9590541291163815,0.0324531015006715,0.0077234835442437,0.0002608438506411,0.0005084419880618,0.00582175,2.6405228758169934,0.0306175921346995,0.0,SPACA6P-AS,lincRNA
Prostate,19q13.33 KLK3,ENSG00000270248,LUAD,561,0.9394758198450512,0.0432799321877114,0.0152042394430454,0.0006990905760409,0.001340917948151,0.0101207,2.8503174603174606,0.0172118907335878,0.0,CTC-471J1.10,processed_pseudogene
Prostate,19q13.33 KLK3,ENSG00000270248,LUSC,526,0.9332696380696572,0.0408375527517831,0.0230587525207377,0.0010071666355826,0.0018268900222392,0.0101207,3.217961972400773,0.0056413062938313,0.0,CTC-471J1.10,processed_pseudogene
Prostate,19q13.33 KLK3,ENSG00000270248,SCLC,510,0.9334504410383504,0.0382664586362899,0.0252453845300604,0.0010329204887848,0.0020047953065144,0.0260816,2.9950270221172626,0.0112758339522445,0.0,CTC-471J1.10,processed_pseudogene
Prostate,19q13.33 KLK3,ENSG00000270248,PRAD,589,0.9451594734425568,0.0461868305325868,0.007611586685462,0.0003712823451461,0.000670826994248,0.0101207,2.6405228758169934,0.0306175921346995,0.0,CTC-471J1.10,processed_pseudogene
Prostate,19q13.33 KLK3,ENSG00000273837,LUAD,561,0.930833052973341,0.0514589598932406,0.0150643670863629,0.0008309861792362,0.0018126338678191,0.00181613,2.8503174603174606,0.0172118907335878,0.0,LLNLR-470E3.1,sense_intronic
Prostate,19q13.33 KLK3,ENSG00000273837,LUSC,526,0.924337787816546,0.0495288429650995,0.0228380688981945,0.0012216598723373,0.0020736404478223,0.00181613,3.217961972400773,0.0056413062938313,0.0,LLNLR-470E3.1,sense_intronic
Prostate,19q13.33 KLK3,ENSG00000273837,SCLC,510,0.9248929751398408,0.0440812825939821,0.0250139458722454,0.0011873641197237,0.0048244322742079,0.00181613,2.9950270221172626,0.0112758339522445,0.0,LLNLR-470E3.1,sense_intronic
Prostate,19q13.33 KLK3,ENSG00000273837,PRAD,589,0.9369239191927384,0.0543232942164432,0.0075452638723954,0.0004367071705344,0.0007708155478884,0.00181613,2.6405228758169934,0.0306175921346995,0.0,LLNLR-470E3.1,sense_intronic
Prostate,19q13.33 KLK3,ENSG00000275055,LUAD,561,0.9369462721355876,0.0457994747164484,0.0151633018816469,0.0007398560388416,0.0013510952274756,0.00573529,2.8503174603174606,0.0172118907335878,0.0,CTC-471J1.11,antisense
Prostate,19q13.33 KLK3,ENSG00000275055,LUSC,526,0.9298744003055172,0.0441462440845185,0.0229748647093713,0.0010888273280997,0.0019156635724929,0.00228519,3.217961972400773,0.0056413062938313,0.0,CTC-471J1.11,antisense
Prostate,19q13.33 KLK3,ENSG00000275055,SCLC,510,0.9309911170188206,0.0402118117897743,0.0251788715393033,0.001085004618065,0.0025331950340365,0.00573529,2.9950270221172626,0.0112758339522445,0.0,CTC-471J1.11,antisense
Prostate,19q13.33 KLK3,ENSG00000275055,PRAD,589,0.9426153386011716,0.0487181383655435,0.0075910981822741,0.0003916546062336,0.0006837702447769,0.00228519,2.6405228758169934,0.0306175921346995,0.0,CTC-471J1.11,antisense
Prostate,19q13.33 KLK3,ENSG00000277977,LUAD,167,0.9821537342783824,0.0126794733179478,0.0046934461067301,6.017859364987024e-05,0.0004131677032898,0.00670852,2.4626684892634056,0.0482013599301346,0.0,CTD-3018O17.5,unprocessed_pseudogene
Prostate,19q13.33 KLK3,ENSG00000277977,LUSC,127,0.9756667345016,0.0101600190743544,0.0130439544807684,0.0001348376096726,0.0009944543336043,0.00670852,3.217961972400773,0.0056413062938313,0.0,CTD-3018O17.5,unprocessed_pseudogene
Prostate,19q13.33 KLK3,ENSG00000277977,SCLC,144,0.9837288615697456,0.0105790174942949,0.0052271313700308,5.580337030118581e-05,0.0004091861956269,0.0202702,1.8594274252370533,0.1775087856162763,0.0,CTD-3018O17.5,unprocessed_pseudogene
Prostate,19q13.33 KLK3,ENSG00000277977,PRAD,172,0.9839366013822736,0.0131871325298435,0.0026245586751151,3.49586914772677e-05,0.0002167487212903,0.00670852,2.168831168831169,0.0951867698080627,0.0,CTD-3018O17.5,unprocessed_pseudogene
Prostate,19q13.33 KLK3,ENSG00000283236,LUAD,561,0.948818649870754,0.0341581975506088,0.0153554414450404,0.0005516916244256,0.0011160195091709,0.00390746,2.8503174603174606,0.0172118907335878,0.0,AC074141.3,transcribed_unprocessed_pseudogene
Prostate,19q13.33 KLK3,ENSG00000283236,LUSC,526,0.94099542669353,0.033316905997021,0.0232496373847025,0.0008215607336277,0.0016164691911183,0.00390746,3.217961972400773,0.0056413062938313,0.0,AC074141.3,transcribed_unprocessed_pseudogene
Prostate,19q13.33 KLK3,ENSG00000283236,SCLC,510,0.9407372074445628,0.0313777568055904,0.0254424568242263,0.0008470231833165,0.0015955557423036,0.00390746,2.9950270221172626,0.0112758339522445,0.0,AC074141.3,transcribed_unprocessed_pseudogene
Prostate,19q13.33 KLK3,ENSG00000283236,PRAD,589,0.9546616485141058,0.0367960077741121,0.0076881098874081,0.0002957682504155,0.000558465573958,0.00390746,2.6405228758169934,0.0306175921346995,0.0,AC074141.3,transcribed_unprocessed_pseudogene
